device,event,n_student_params,run_name,teacher_cache_dir,teacher_cache_load_workers,teacher_cache_mode,teacher_cache_prefetch,run,loss_type,optimizer,beta,grad_norm,loss,lr,seconds,step,tokens_seen,train_loss_hard_teacher_margin,update_norm,ce_grad_signal_norm_beta,centered_logit_mse,distill_eval_loss,hard_teacher_margin,hard_teacher_xent,hard_xent,kernel_effective_rank,kernel_overlap_initial,kernel_overlap_teacher_target,kl_beta_prime_1,log_softmax_mse,logit_mse,student_effective_support_beta,student_entropy_beta,student_entropy_beta_prime_1,student_fisher_trace_beta,student_fisher_trace_beta_prime_1,student_teacher_argmax_acc,student_top1_conf_beta,student_true_acc,teacher_effective_support_beta,teacher_entropy_beta,teacher_entropy_beta_prime_1,teacher_fisher_trace_beta,teacher_margin,teacher_top1_conf_beta,teacher_true_acc,xent_beta_prime_1,path,train_kl_beta,train_loss_temp_xent,train_loss_temp_xent_unscaled,distill_eval_loss_unscaled,kl_beta,train_loss_centered_logit_mse,train_loss_raw_logit_mse,beta_label,condition
cuda,start,76751360.0,xent_beta-inf_adamw_seed17,/n/netscratch/pehlevan_lab/Lab/sab/teacher_logit_cache/eleutherai-pythia-70m-deduped_allenai-c4_seed17_bs16_seq128_bf16_f440db3ba4861202,4.0,readwrite,8.0,xent_beta-inf_adamw_seed17,xent,adamw,inf,,,,,,,,,,,,,,,,,,,,,,,,,,,,,,,,,,,,,,,,,,,,,inf,xent beta=inf adamw
,train,,,,,,,xent_beta-inf_adamw_seed17,xent,adamw,inf,24.01662649963757,1.313491702079773,1e-05,1.542065143585205,0.0,2048.0,1.313491702079773,0.04202324986414457,,,,,,,,,,,,,,,,,,,,,,,,,,,,,,,,,,,,,inf,xent beta=inf adamw
,eval,,,,,,,xent_beta-inf_adamw_seed17,xent,adamw,inf,,,,2.2245099544525146,0.0,,,,1.3852112293243408,10769.873046875,0.9881327152252197,0.9881327152252197,10.504898071289062,10.85193157196045,4.755634784698486,0.9997635483590827,0.969711244105323,6.728723526000977,11037.462890625,2417633.75,1.0,0.0,10.774642944335938,0.0,0.9999779462814331,0.0205078125,1.0,0.001953125,1.0,0.0,4.11316442489624,0.0,1.2421875,1.0,0.14453125,10.841888427734375,,,,,,,,,inf,xent beta=inf adamw
,train,,,,,,,xent_beta-inf_adamw_seed17,xent,adamw,inf,29.547327451324747,0.4917451739311218,0.00011,4.856121063232422,10.0,22528.0,0.4917451739311218,0.13023107354599514,,,,,,,,,,,,,,,,,,,,,,,,,,,,,,,,,,,,,inf,xent beta=inf adamw
,train,,,,,,,xent_beta-inf_adamw_seed17,xent,adamw,inf,19.336765073722617,0.4193715453147888,0.00021,5.501806735992432,20.0,43008.0,0.4193715453147888,0.15664078372047865,,,,,,,,,,,,,,,,,,,,,,,,,,,,,,,,,,,,,inf,xent beta=inf adamw
,train,,,,,,,xent_beta-inf_adamw_seed17,xent,adamw,inf,16.063492581357483,0.4585872292518616,0.00031,6.65664005279541,30.0,63488.0,0.4585872292518616,0.19320827279162364,,,,,,,,,,,,,,,,,,,,,,,,,,,,,,,,,,,,,inf,xent beta=inf adamw
,train,,,,,,,xent_beta-inf_adamw_seed17,xent,adamw,inf,18.838997340439924,0.4194480776786804,0.00041,7.601987361907959,40.0,83968.0,0.4194480776786804,0.22010144455071642,,,,,,,,,,,,,,,,,,,,,,,,,,,,,,,,,,,,,inf,xent beta=inf adamw
,train,,,,,,,xent_beta-inf_adamw_seed17,xent,adamw,inf,20.0277515092498,0.5790733695030212,0.00051,9.442570447921753,50.0,104448.0,0.5790733695030212,0.26726403773097274,,,,,,,,,,,,,,,,,,,,,,,,,,,,,,,,,,,,,inf,xent beta=inf adamw
,train,,,,,,,xent_beta-inf_adamw_seed17,xent,adamw,inf,19.987688986997004,0.5512208342552185,0.00061,11.01671552658081,60.0,124928.0,0.5512208342552185,0.2917159446540791,,,,,,,,,,,,,,,,,,,,,,,,,,,,,,,,,,,,,inf,xent beta=inf adamw
,train,,,,,,,xent_beta-inf_adamw_seed17,xent,adamw,inf,20.77063456677276,0.769026517868042,0.00071,12.394618034362793,70.0,145408.0,0.769026517868042,0.3272352574003479,,,,,,,,,,,,,,,,,,,,,,,,,,,,,,,,,,,,,inf,xent beta=inf adamw
,train,,,,,,,xent_beta-inf_adamw_seed17,xent,adamw,inf,16.16480152011202,0.6330069303512573,0.0008100000000000001,13.620625734329224,80.0,165888.0,0.6330069303512573,0.4298820454614085,,,,,,,,,,,,,,,,,,,,,,,,,,,,,,,,,,,,,inf,xent beta=inf adamw
,train,,,,,,,xent_beta-inf_adamw_seed17,xent,adamw,inf,20.94706089892721,0.6906790733337402,0.00091,15.720063924789429,90.0,186368.0,0.6906790733337402,0.6356485230016601,,,,,,,,,,,,,,,,,,,,,,,,,,,,,,,,,,,,,inf,xent beta=inf adamw
,train,,,,,,,xent_beta-inf_adamw_seed17,xent,adamw,inf,19.045306184323287,0.5099670886993408,0.001,16.66711950302124,100.0,206848.0,0.5099670886993408,0.7692420163492881,,,,,,,,,,,,,,,,,,,,,,,,,,,,,,,,,,,,,inf,xent beta=inf adamw
,eval,,,,,,,xent_beta-inf_adamw_seed17,xent,adamw,inf,,,,16.669453382492065,100.0,,,,0.9487935900688171,10769.6630859375,0.5681873559951782,0.5681873559951782,9.590497970581055,10.401808738708496,,,,6.366193771362305,11037.0205078125,2417580.75,1.0,0.0,10.765506744384766,0.0,0.9999774694442749,0.3291015625,1.0,0.037109375,1.0,0.0,4.11316442489624,0.0,1.2421875,1.0,0.14453125,10.479357719421387,,,,,,,,,inf,xent beta=inf adamw
,train,,,,,,,xent_beta-inf_adamw_seed17,xent,adamw,inf,16.3678254964461,0.4603111147880554,0.000999938487246611,18.115466594696045,110.0,227328.0,0.4603111147880554,0.7305332027978626,,,,,,,,,,,,,,,,,,,,,,,,,,,,,,,,,,,,,inf,xent beta=inf adamw
,train,,,,,,,xent_beta-inf_adamw_seed17,xent,adamw,inf,19.195448624705957,0.497152715921402,0.0009997539658034168,19.729740381240845,120.0,247808.0,0.497152715921402,0.6700366165249003,,,,,,,,,,,,,,,,,,,,,,,,,,,,,,,,,,,,,inf,xent beta=inf adamw
,train,,,,,,,xent_beta-inf_adamw_seed17,xent,adamw,inf,18.46262184045379,0.5772567391395569,0.0009994464861167371,21.31485104560852,130.0,268288.0,0.5772567391395569,0.6197350896048823,,,,,,,,,,,,,,,,,,,,,,,,,,,,,,,,,,,,,inf,xent beta=inf adamw
,train,,,,,,,xent_beta-inf_adamw_seed17,xent,adamw,inf,23.68053812666009,0.602186918258667,0.0009990161322484487,22.654810190200806,140.0,288768.0,0.602186918258667,0.6426681508970626,,,,,,,,,,,,,,,,,,,,,,,,,,,,,,,,,,,,,inf,xent beta=inf adamw
,train,,,,,,,xent_beta-inf_adamw_seed17,xent,adamw,inf,19.649485102506947,0.8215294480323792,0.0009984630218530014,23.858806133270264,150.0,309248.0,0.8215294480323792,0.6243873011090988,,,,,,,,,,,,,,,,,,,,,,,,,,,,,,,,,,,,,inf,xent beta=inf adamw
,train,,,,,,,xent_beta-inf_adamw_seed17,xent,adamw,inf,22.806111691176476,0.6286548376083374,0.0009977873061452552,25.325705766677856,160.0,329728.0,0.6286548376083374,0.6295231312542393,,,,,,,,,,,,,,,,,,,,,,,,,,,,,,,,,,,,,inf,xent beta=inf adamw
,train,,,,,,,xent_beta-inf_adamw_seed17,xent,adamw,inf,18.36680074090282,0.5272244215011597,0.0009969891698591372,27.214475631713867,170.0,350208.0,0.5272244215011597,0.5458373702559738,,,,,,,,,,,,,,,,,,,,,,,,,,,,,,,,,,,,,inf,xent beta=inf adamw
,train,,,,,,,xent_beta-inf_adamw_seed17,xent,adamw,inf,12.709757187260825,0.4462076425552368,0.0009960688311971388,28.68794894218445,180.0,370688.0,0.4462076425552368,0.5819019248744485,,,,,,,,,,,,,,,,,,,,,,,,,,,,,,,,,,,,,inf,xent beta=inf adamw
,train,,,,,,,xent_beta-inf_adamw_seed17,xent,adamw,inf,8.787945420213196,0.43083733320236206,0.0009950265417706609,30.509049654006958,190.0,391168.0,0.43083733320236206,0.6749500367160931,,,,,,,,,,,,,,,,,,,,,,,,,,,,,,,,,,,,,inf,xent beta=inf adamw
,train,,,,,,,xent_beta-inf_adamw_seed17,xent,adamw,inf,13.709871445431654,0.5369856357574463,0.0009938625865312252,31.974904537200928,200.0,411648.0,0.5369856357574463,0.5932685759491879,,,,,,,,,,,,,,,,,,,,,,,,,,,,,,,,,,,,,inf,xent beta=inf adamw
,eval,,,,,,,xent_beta-inf_adamw_seed17,xent,adamw,inf,,,,31.977124452590942,200.0,,,,1.0399441719055176,10769.6337890625,0.523102343082428,0.523102343082428,9.609277725219727,10.42981243133545,3.2048184871673584,0.9663559158262945,0.9999991655339234,6.351768493652344,11036.923828125,2417587.5,1.0,0.0,10.76253890991211,0.0,0.9999772310256958,0.2646484375,1.0,0.0517578125,1.0,0.0,4.11316442489624,0.0,1.2421875,1.0,0.14453125,10.464932441711426,,,,,,,,,inf,xent beta=inf adamw
,train,,,,,,,xent_beta-inf_adamw_seed17,xent,adamw,inf,20.960386287074716,0.6130990386009216,0.000992577283692572,35.35989856719971,210.0,432128.0,0.6130990386009216,0.6966232095382395,,,,,,,,,,,,,,,,,,,,,,,,,,,,,,,,,,,,,inf,xent beta=inf adamw
,train,,,,,,,xent_beta-inf_adamw_seed17,xent,adamw,inf,18.962412082214385,0.48933154344558716,0.0009911709846436641,36.15760016441345,220.0,452608.0,0.48933154344558716,0.8252972286362553,,,,,,,,,,,,,,,,,,,,,,,,,,,,,,,,,,,,,inf,xent beta=inf adamw
,train,,,,,,,xent_beta-inf_adamw_seed17,xent,adamw,inf,12.637327699435271,0.5626479387283325,0.0009896440738526198,37.920488357543945,230.0,473088.0,0.5626479387283325,0.603583675359235,,,,,,,,,,,,,,,,,,,,,,,,,,,,,,,,,,,,,inf,xent beta=inf adamw
,train,,,,,,,xent_beta-inf_adamw_seed17,xent,adamw,inf,12.18069887601215,0.4448729157447815,0.0009879969687616025,38.894059896469116,240.0,493568.0,0.4448729157447815,0.6829284764556017,,,,,,,,,,,,,,,,,,,,,,,,,,,,,,,,,,,,,inf,xent beta=inf adamw
,train,,,,,,,xent_beta-inf_adamw_seed17,xent,adamw,inf,12.07212458331875,0.5240642428398132,0.0009862301196726987,40.42686867713928,250.0,514048.0,0.5240642428398132,0.7082548084008036,,,,,,,,,,,,,,,,,,,,,,,,,,,,,,,,,,,,,inf,xent beta=inf adamw
,train,,,,,,,xent_beta-inf_adamw_seed17,xent,adamw,inf,14.344877004618093,0.6019819974899292,0.0009843440096248069,41.00433373451233,260.0,534528.0,0.6019819974899292,0.68242559112859,,,,,,,,,,,,,,,,,,,,,,,,,,,,,,,,,,,,,inf,xent beta=inf adamw
,train,,,,,,,xent_beta-inf_adamw_seed17,xent,adamw,inf,14.345995285075299,0.5267200469970703,0.0009823391542615816,42.54191303253174,270.0,555008.0,0.5267200469970703,0.8416407880304919,,,,,,,,,,,,,,,,,,,,,,,,,,,,,,,,,,,,,inf,xent beta=inf adamw
,train,,,,,,,xent_beta-inf_adamw_seed17,xent,adamw,inf,22.02491769086204,0.5711583495140076,0.0009802161016904609,44.6391716003418,280.0,575488.0,0.5711583495140076,0.7879046286663853,,,,,,,,,,,,,,,,,,,,,,,,,,,,,,,,,,,,,inf,xent beta=inf adamw
,train,,,,,,,xent_beta-inf_adamw_seed17,xent,adamw,inf,12.538098648535287,0.4058316946029663,0.0009779754323328191,45.54567885398865,290.0,595968.0,0.4058316946029663,0.74716298766534,,,,,,,,,,,,,,,,,,,,,,,,,,,,,,,,,,,,,inf,xent beta=inf adamw
,train,,,,,,,xent_beta-inf_adamw_seed17,xent,adamw,inf,17.2488313912181,0.42898207902908325,0.0009756177587652855,47.49014115333557,300.0,616448.0,0.42898207902908325,0.6270239578274447,,,,,,,,,,,,,,,,,,,,,,,,,,,,,,,,,,,,,inf,xent beta=inf adamw
,eval,,,,,,,xent_beta-inf_adamw_seed17,xent,adamw,inf,,,,47.492401123046875,300.0,,,,1.306490182876587,10769.5751953125,0.46804115176200867,0.46804115176200867,9.273598670959473,10.256797790527344,,,,6.232231140136719,11036.583984375,2417535.75,1.0,0.0,10.748929023742676,0.0,0.9999761581420898,0.076171875,1.0,0.0048828125,1.0,0.0,4.11316442489624,0.0,1.2421875,1.0,0.14453125,10.345394134521484,,,,,,,,,inf,xent beta=inf adamw
,train,,,,,,,xent_beta-inf_adamw_seed17,xent,adamw,inf,21.7838464703371,0.8912248015403748,0.0009731437255522725,48.49180245399475,310.0,636928.0,0.8912248015403748,0.6926940368480876,,,,,,,,,,,,,,,,,,,,,,,,,,,,,,,,,,,,,inf,xent beta=inf adamw
,train,,,,,,,xent_beta-inf_adamw_seed17,xent,adamw,inf,10.02692894414848,0.8121060729026794,0.0009705540090697574,50.175004720687866,320.0,657408.0,0.8121060729026794,0.6866686689013788,,,,,,,,,,,,,,,,,,,,,,,,,,,,,,,,,,,,,inf,xent beta=inf adamw
,train,,,,,,,xent_beta-inf_adamw_seed17,xent,adamw,inf,14.461632208008396,0.43486201763153076,0.0009678493173203682,51.0266900062561,330.0,677888.0,0.43486201763153076,0.7326666693777772,,,,,,,,,,,,,,,,,,,,,,,,,,,,,,,,,,,,,inf,xent beta=inf adamw
,train,,,,,,,xent_beta-inf_adamw_seed17,xent,adamw,inf,17.88499374277351,0.4883754551410675,0.0009650303897398232,52.65773367881775,340.0,698368.0,0.4883754551410675,0.630834322129647,,,,,,,,,,,,,,,,,,,,,,,,,,,,,,,,,,,,,inf,xent beta=inf adamw
,train,,,,,,,xent_beta-inf_adamw_seed17,xent,adamw,inf,12.426595244438266,0.4637886583805084,0.0009620979969947759,54.359432220458984,350.0,718848.0,0.4637886583805084,0.6432421572318584,,,,,,,,,,,,,,,,,,,,,,,,,,,,,,,,,,,,,inf,xent beta=inf adamw
,train,,,,,,,xent_beta-inf_adamw_seed17,xent,adamw,inf,14.954521179952339,0.40613996982574463,0.0009590529407721231,55.82180905342102,360.0,739328.0,0.40613996982574463,0.710147412494636,,,,,,,,,,,,,,,,,,,,,,,,,,,,,,,,,,,,,inf,xent beta=inf adamw
,train,,,,,,,xent_beta-inf_adamw_seed17,xent,adamw,inf,16.228896098917726,0.5517469048500061,0.0009558960535598316,56.683348178863525,370.0,759808.0,0.5517469048500061,0.5757512971297654,,,,,,,,,,,,,,,,,,,,,,,,,,,,,,,,,,,,,inf,xent beta=inf adamw
,train,,,,,,,xent_beta-inf_adamw_seed17,xent,adamw,inf,11.389465550695103,0.4738854169845581,0.0009526281984193435,58.647337198257446,380.0,780288.0,0.4738854169845581,0.606492279197071,,,,,,,,,,,,,,,,,,,,,,,,,,,,,,,,,,,,,inf,xent beta=inf adamw
,train,,,,,,,xent_beta-inf_adamw_seed17,xent,adamw,inf,14.673009309781632,0.4891858398914337,0.0009492502687496253,59.468449115753174,390.0,800768.0,0.4891858398914337,0.708106881518595,,,,,,,,,,,,,,,,,,,,,,,,,,,,,,,,,,,,,inf,xent beta=inf adamw
,train,,,,,,,xent_beta-inf_adamw_seed17,xent,adamw,inf,15.209532419096242,0.5580364465713501,0.0009457631880429201,60.99809169769287,400.0,821248.0,0.5580364465713501,0.6404734022610212,,,,,,,,,,,,,,,,,,,,,,,,,,,,,,,,,,,,,inf,xent beta=inf adamw
,eval,,,,,,,xent_beta-inf_adamw_seed17,xent,adamw,inf,,,,61.000328540802,400.0,,,,1.3672573566436768,10768.5673828125,0.6099520921707153,0.6099520921707153,8.676828384399414,9.806647300720215,3.207261085510254,0.9664744714771663,0.9999982714643014,5.831015110015869,11034.2998046875,2417431.25,1.0,0.0,10.678544998168945,0.0,0.9999688863754272,0.033203125,1.0,0.005859375,1.0,0.0,4.11316442489624,0.0,1.2421875,1.0,0.14453125,9.944178581237793,,,,,,,,,inf,xent beta=inf adamw
,train,,,,,,,xent_beta-inf_adamw_seed17,xent,adamw,inf,18.12891616598698,0.4695110321044922,0.0009421679096322747,64.49866557121277,410.0,841728.0,0.4695110321044922,0.5973783816948475,,,,,,,,,,,,,,,,,,,,,,,,,,,,,,,,,,,,,inf,xent beta=inf adamw
,train,,,,,,,xent_beta-inf_adamw_seed17,xent,adamw,inf,13.071103167031536,0.31412094831466675,0.0009384654164309083,65.22292971611023,420.0,862208.0,0.31412094831466675,0.6791093143178946,,,,,,,,,,,,,,,,,,,,,,,,,,,,,,,,,,,,,inf,xent beta=inf adamw
,train,,,,,,,xent_beta-inf_adamw_seed17,xent,adamw,inf,6.540769854566166,0.43431293964385986,0.0009346567206634926,66.27724266052246,430.0,882688.0,0.43431293964385986,0.7861858902822438,,,,,,,,,,,,,,,,,,,,,,,,,,,,,,,,,,,,,inf,xent beta=inf adamw
,train,,,,,,,xent_beta-inf_adamw_seed17,xent,adamw,inf,5.729772170638635,0.42944425344467163,0.0009307428635894209,67.3150999546051,440.0,903168.0,0.42944425344467163,0.7514009122065822,,,,,,,,,,,,,,,,,,,,,,,,,,,,,,,,,,,,,inf,xent beta=inf adamw
,train,,,,,,,xent_beta-inf_adamw_seed17,xent,adamw,inf,11.45721146255666,0.3922402262687683,0.0009267249152181378,68.89644432067871,450.0,923648.0,0.3922402262687683,0.6522017053396768,,,,,,,,,,,,,,,,,,,,,,,,,,,,,,,,,,,,,inf,xent beta=inf adamw
,train,,,,,,,xent_beta-inf_adamw_seed17,xent,adamw,inf,17.33419580701597,0.3383691608905792,0.000922603974016609,70.74847364425659,460.0,944128.0,0.3383691608905792,0.6917408340101925,,,,,,,,,,,,,,,,,,,,,,,,,,,,,,,,,,,,,inf,xent beta=inf adamw
,train,,,,,,,xent_beta-inf_adamw_seed17,xent,adamw,inf,11.473066907484348,0.35639920830726624,0.0009183811666090118,71.65143775939941,470.0,964608.0,0.35639920830726624,0.5951523092183898,,,,,,,,,,,,,,,,,,,,,,,,,,,,,,,,,,,,,inf,xent beta=inf adamw
,train,,,,,,,xent_beta-inf_adamw_seed17,xent,adamw,inf,8.26771801665791,0.41470015048980713,0.0009140576474687263,73.49620962142944,480.0,985088.0,0.41470015048980713,0.6092484996095012,,,,,,,,,,,,,,,,,,,,,,,,,,,,,,,,,,,,,inf,xent beta=inf adamw
,train,,,,,,,xent_beta-inf_adamw_seed17,xent,adamw,inf,12.317019278710566,0.3654214143753052,0.0009096345986027161,74.7645800113678,490.0,1005568.0,0.3654214143753052,0.8794058456590041,,,,,,,,,,,,,,,,,,,,,,,,,,,,,,,,,,,,,inf,xent beta=inf adamw
,train,,,,,,,xent_beta-inf_adamw_seed17,xent,adamw,inf,13.222555401873516,0.3453885316848755,0.0009051132292283771,76.62488913536072,500.0,1026048.0,0.3453885316848755,0.6046436939765981,,,,,,,,,,,,,,,,,,,,,,,,,,,,,,,,,,,,,inf,xent beta=inf adamw
,eval,,,,,,,xent_beta-inf_adamw_seed17,xent,adamw,inf,,,,76.62730288505554,500.0,,,,0.994368851184845,10769.314453125,0.3280372619628906,0.3280372619628906,8.342269897460938,9.551830291748047,,,,5.587407112121582,11033.802734375,2417342.0,1.0,0.0,10.60895824432373,0.0,0.9999610185623169,0.296875,1.0,0.0390625,1.0,0.0,4.11316442489624,0.0,1.2421875,1.0,0.14453125,9.700571060180664,,,,,,,,,inf,xent beta=inf adamw
,train,,,,,,,xent_beta-inf_adamw_seed17,xent,adamw,inf,9.801345355663978,0.44164741039276123,0.0009004947754429507,78.14462566375732,510.0,1046528.0,0.44164741039276123,0.5628035176435005,,,,,,,,,,,,,,,,,,,,,,,,,,,,,,,,,,,,,inf,xent beta=inf adamw
,train,,,,,,,xent_beta-inf_adamw_seed17,xent,adamw,inf,15.95680333000392,0.5896985530853271,0.0008957804998855866,79.41557121276855,520.0,1067008.0,0.5896985530853271,0.6691330428508908,,,,,,,,,,,,,,,,,,,,,,,,,,,,,,,,,,,,,inf,xent beta=inf adamw
,train,,,,,,,xent_beta-inf_adamw_seed17,xent,adamw,inf,21.97701189944775,1.3081047534942627,0.0008909716913921507,80.82700157165527,530.0,1087488.0,1.3081047534942627,0.8754256506454962,,,,,,,,,,,,,,,,,,,,,,,,,,,,,,,,,,,,,inf,xent beta=inf adamw
,train,,,,,,,xent_beta-inf_adamw_seed17,xent,adamw,inf,11.118342162654345,0.5181142091751099,0.0008860696646428693,82.7220094203949,540.0,1107968.0,0.5181142091751099,0.7557149772337335,,,,,,,,,,,,,,,,,,,,,,,,,,,,,,,,,,,,,inf,xent beta=inf adamw
,train,,,,,,,xent_beta-inf_adamw_seed17,xent,adamw,inf,13.998967523574924,0.3474929928779602,0.0008810757598029093,84.41847252845764,550.0,1128448.0,0.3474929928779602,0.5645027522126645,,,,,,,,,,,,,,,,,,,,,,,,,,,,,,,,,,,,,inf,xent beta=inf adamw
,train,,,,,,,xent_beta-inf_adamw_seed17,xent,adamw,inf,9.989673806100463,0.31779515743255615,0.0008759913421559901,85.19371676445007,560.0,1148928.0,0.31779515743255615,0.6045482441596767,,,,,,,,,,,,,,,,,,,,,,,,,,,,,,,,,,,,,inf,xent beta=inf adamw
,train,,,,,,,xent_beta-inf_adamw_seed17,xent,adamw,inf,12.918330141016826,0.24172818660736084,0.0008708178017311287,87.09758424758911,570.0,1169408.0,0.24172818660736084,0.4608774476893321,,,,,,,,,,,,,,,,,,,,,,,,,,,,,,,,,,,,,inf,xent beta=inf adamw
,train,,,,,,,xent_beta-inf_adamw_seed17,xent,adamw,inf,8.006067434009546,0.3264824151992798,0.0008655565529226198,87.93865776062012,580.0,1189888.0,0.3264824151992798,0.5540549876884713,,,,,,,,,,,,,,,,,,,,,,,,,,,,,,,,,,,,,inf,xent beta=inf adamw
,train,,,,,,,xent_beta-inf_adamw_seed17,xent,adamw,inf,8.675195616350008,0.2619360685348511,0.0008602090341033546,89.31055855751038,590.0,1210368.0,0.2619360685348511,0.4552033744012271,,,,,,,,,,,,,,,,,,,,,,,,,,,,,,,,,,,,,inf,xent beta=inf adamw
,train,,,,,,,xent_beta-inf_adamw_seed17,xent,adamw,inf,12.010115198850169,0.23528558015823364,0.0008547767072315835,90.74235486984253,600.0,1230848.0,0.23528558015823364,0.5339902326017336,,,,,,,,,,,,,,,,,,,,,,,,,,,,,,,,,,,,,inf,xent beta=inf adamw
,eval,,,,,,,xent_beta-inf_adamw_seed17,xent,adamw,inf,,,,90.74449706077576,600.0,,,,1.3078713417053223,10768.982421875,0.265776127576828,0.265776127576828,8.293606758117676,9.460874557495117,3.2055747509002686,0.9664290507341522,0.9999964833247487,5.494513511657715,11032.634765625,2417278.0,1.0,0.0,10.56236457824707,0.0,0.9999558925628662,0.0751953125,1.0,0.03515625,1.0,0.0,4.11316442489624,0.0,1.2421875,1.0,0.14453125,9.607677459716797,,,,,,,,,inf,xent beta=inf adamw
,train,,,,,,,xent_beta-inf_adamw_seed17,xent,adamw,inf,6.813599872096757,0.2406279742717743,0.0008492610574512317,94.1179838180542,610.0,1251328.0,0.2406279742717743,0.5376523985030309,,,,,,,,,,,,,,,,,,,,,,,,,,,,,,,,,,,,,inf,xent beta=inf adamw
,train,,,,,,,xent_beta-inf_adamw_seed17,xent,adamw,inf,12.553431730955216,0.24474985897541046,0.0008436635926858759,94.5869288444519,620.0,1271808.0,0.24474985897541046,0.5127817815516188,,,,,,,,,,,,,,,,,,,,,,,,,,,,,,,,,,,,,inf,xent beta=inf adamw
,train,,,,,,,xent_beta-inf_adamw_seed17,xent,adamw,inf,13.760619980140476,0.2653445303440094,0.0008379858432264925,95.32037782669067,630.0,1292288.0,0.2653445303440094,0.5441270836689397,,,,,,,,,,,,,,,,,,,,,,,,,,,,,,,,,,,,,inf,xent beta=inf adamw
,train,,,,,,,xent_beta-inf_adamw_seed17,xent,adamw,inf,18.708863279453166,0.2848694622516632,0.0008322293613130917,96.51298308372498,640.0,1312768.0,0.2848694622516632,0.5156730525922497,,,,,,,,,,,,,,,,,,,,,,,,,,,,,,,,,,,,,inf,xent beta=inf adamw
,train,,,,,,,xent_beta-inf_adamw_seed17,xent,adamw,inf,11.929369492685993,0.24170702695846558,0.0008263957207103506,98.15729117393494,650.0,1333248.0,0.24170702695846558,0.5225398186783119,,,,,,,,,,,,,,,,,,,,,,,,,,,,,,,,,,,,,inf,xent beta=inf adamw
,train,,,,,,,xent_beta-inf_adamw_seed17,xent,adamw,inf,11.34451095087042,0.23925769329071045,0.0008204865162773613,99.56526589393616,660.0,1353728.0,0.23925769329071045,0.48273779634606506,,,,,,,,,,,,,,,,,,,,,,,,,,,,,,,,,,,,,inf,xent beta=inf adamw
,train,,,,,,,xent_beta-inf_adamw_seed17,xent,adamw,inf,12.825344934929303,0.22299650311470032,0.000814503363531613,101.3332633972168,670.0,1374208.0,0.22299650311470032,0.5031794660394383,,,,,,,,,,,,,,,,,,,,,,,,,,,,,,,,,,,,,inf,xent beta=inf adamw
,train,,,,,,,xent_beta-inf_adamw_seed17,xent,adamw,inf,12.18639091919336,0.20685137808322906,0.0008084478982073247,102.63197183609009,680.0,1394688.0,0.20685137808322906,0.5721075171317096,,,,,,,,,,,,,,,,,,,,,,,,,,,,,,,,,,,,,inf,xent beta=inf adamw
,train,,,,,,,xent_beta-inf_adamw_seed17,xent,adamw,inf,12.428346325775001,0.2020883560180664,0.0008023217758082529,104.49411725997925,690.0,1415168.0,0.2020883560180664,0.5008454590833219,,,,,,,,,,,,,,,,,,,,,,,,,,,,,,,,,,,,,inf,xent beta=inf adamw
,train,,,,,,,xent_beta-inf_adamw_seed17,xent,adamw,inf,8.284399008196782,0.22770869731903076,0.0007961266711550922,105.98805665969849,700.0,1435648.0,0.22770869731903076,0.5201937871499354,,,,,,,,,,,,,,,,,,,,,,,,,,,,,,,,,,,,,inf,xent beta=inf adamw
,eval,,,,,,,xent_beta-inf_adamw_seed17,xent,adamw,inf,,,,105.99032759666443,700.0,,,,1.1200460195541382,10768.8291015625,0.2062687873840332,0.2062687873840332,8.303094863891602,9.415038108825684,,,,5.4376091957092285,11032.033203125,2417256.75,1.0,0.0,10.534695625305176,0.0,0.9999527931213379,0.2080078125,1.0,0.0234375,1.0,0.0,4.11316442489624,0.0,1.2421875,1.0,0.14453125,9.550773620605469,,,,,,,,,inf,xent beta=inf adamw
,train,,,,,,,xent_beta-inf_adamw_seed17,xent,adamw,inf,12.453403058593587,0.17879247665405273,0.0007898642779275972,107.58806538581848,710.0,1456128.0,0.17879247665405273,0.4715494082696328,,,,,,,,,,,,,,,,,,,,,,,,,,,,,,,,,,,,,inf,xent beta=inf adamw
,train,,,,,,,xent_beta-inf_adamw_seed17,xent,adamw,inf,10.019874333654329,0.16976451873779297,0.0007835363082015469,109.56341481208801,720.0,1476608.0,0.16976451873779297,0.485307837351441,,,,,,,,,,,,,,,,,,,,,,,,,,,,,,,,,,,,,inf,xent beta=inf adamw
,train,,,,,,,xent_beta-inf_adamw_seed17,xent,adamw,inf,8.112640884159195,0.1851353645324707,0.0007771444919806797,111.1517562866211,730.0,1497088.0,0.1851353645324707,0.5696909780933219,,,,,,,,,,,,,,,,,,,,,,,,,,,,,,,,,,,,,inf,xent beta=inf adamw
,train,,,,,,,xent_beta-inf_adamw_seed17,xent,adamw,inf,7.649376996761808,0.28148454427719116,0.0007706905767237288,112.99404716491699,740.0,1517568.0,0.28148454427719116,0.5679592702235857,,,,,,,,,,,,,,,,,,,,,,,,,,,,,,,,,,,,,inf,xent beta=inf adamw
,train,,,,,,,xent_beta-inf_adamw_seed17,xent,adamw,inf,10.857942964566371,0.18734735250473022,0.0007641763268666831,114.65222597122192,750.0,1538048.0,0.18734735250473022,0.4882021016927058,,,,,,,,,,,,,,,,,,,,,,,,,,,,,,,,,,,,,inf,xent beta=inf adamw
,train,,,,,,,xent_beta-inf_adamw_seed17,xent,adamw,inf,4.95219037927838,0.15662932395935059,0.0007576035233404096,115.92306542396545,760.0,1558528.0,0.15662932395935059,0.4696716762830359,,,,,,,,,,,,,,,,,,,,,,,,,,,,,,,,,,,,,inf,xent beta=inf adamw
,train,,,,,,,xent_beta-inf_adamw_seed17,xent,adamw,inf,10.47522655495187,0.1897507905960083,0.000750973963083763,117.79047417640686,770.0,1579008.0,0.1897507905960083,0.46737096757354035,,,,,,,,,,,,,,,,,,,,,,,,,,,,,,,,,,,,,inf,xent beta=inf adamw
,train,,,,,,,xent_beta-inf_adamw_seed17,xent,adamw,inf,7.181624847321924,0.174820214509964,0.0007442894585523217,118.70353841781616,780.0,1599488.0,0.174820214509964,0.49122633673953386,,,,,,,,,,,,,,,,,,,,,,,,,,,,,,,,,,,,,inf,xent beta=inf adamw
,train,,,,,,,xent_beta-inf_adamw_seed17,xent,adamw,inf,8.56584701105459,0.16528630256652832,0.0007375518372228807,120.36106395721436,790.0,1619968.0,0.16528630256652832,0.49997597005140026,,,,,,,,,,,,,,,,,,,,,,,,,,,,,,,,,,,,,inf,xent beta=inf adamw
,train,,,,,,,xent_beta-inf_adamw_seed17,xent,adamw,inf,11.285918036319753,0.1502847671508789,0.0007307629410938364,121.92690753936768,800.0,1640448.0,0.1502847671508789,0.4285140803419881,,,,,,,,,,,,,,,,,,,,,,,,,,,,,,,,,,,,,inf,xent beta=inf adamw
,eval,,,,,,,xent_beta-inf_adamw_seed17,xent,adamw,inf,,,,121.929025888443,800.0,,,,0.9336019158363342,10769.3525390625,0.1593550443649292,0.1593550443649292,8.355199813842773,9.384210586547852,3.200211524963379,0.9662203768613438,0.9999891519536508,5.417354583740234,11032.1259765625,2417229.0,1.0,0.0,10.510212898254395,0.0,0.9999505281448364,0.33984375,1.0,0.037109375,1.0,0.0,4.11316442489624,0.0,1.2421875,1.0,0.14453125,9.530519485473633,,,,,,,,,inf,xent beta=inf adamw
,train,,,,,,,xent_beta-inf_adamw_seed17,xent,adamw,inf,3.571482498663074,0.10380929708480835,0.0007239246261816035,125.43682742118835,810.0,1660928.0,0.10380929708480835,0.5033333219933038,,,,,,,,,,,,,,,,,,,,,,,,,,,,,,,,,,,,,inf,xent beta=inf adamw
,train,,,,,,,xent_beta-inf_adamw_seed17,xent,adamw,inf,13.286132594627308,0.17017817497253418,0.0007170387620131993,126.12927079200745,820.0,1681408.0,0.17017817497253418,0.4661392314267409,,,,,,,,,,,,,,,,,,,,,,,,,,,,,,,,,,,,,inf,xent beta=inf adamw
,train,,,,,,,xent_beta-inf_adamw_seed17,xent,adamw,inf,10.406789289870064,0.1463821828365326,0.0007101072311151324,126.9018223285675,830.0,1701888.0,0.1463821828365326,0.397617146059951,,,,,,,,,,,,,,,,,,,,,,,,,,,,,,,,,,,,,inf,xent beta=inf adamw
,train,,,,,,,xent_beta-inf_adamw_seed17,xent,adamw,inf,15.676726496660892,0.13324391841888428,0.0007031319284987394,127.79907894134521,840.0,1722368.0,0.13324391841888428,0.44713625223358583,,,,,,,,,,,,,,,,,,,,,,,,,,,,,,,,,,,,,inf,xent beta=inf adamw
,train,,,,,,,xent_beta-inf_adamw_seed17,xent,adamw,inf,8.23670203822503,0.10255229473114014,0.0006961147611421076,128.80305981636047,850.0,1742848.0,0.10255229473114014,0.40550189892742244,,,,,,,,,,,,,,,,,,,,,,,,,,,,,,,,,,,,,inf,xent beta=inf adamw
,train,,,,,,,xent_beta-inf_adamw_seed17,xent,adamw,inf,7.2022299906306,0.1539517492055893,0.0006890576474687264,130.45675086975098,860.0,1763328.0,0.1539517492055893,0.4451783685986387,,,,,,,,,,,,,,,,,,,,,,,,,,,,,,,,,,,,,inf,xent beta=inf adamw
,train,,,,,,,xent_beta-inf_adamw_seed17,xent,adamw,inf,9.231725146064706,0.1340618133544922,0.0006819625168230092,131.7624044418335,870.0,1783808.0,0.1340618133544922,0.41283618834599356,,,,,,,,,,,,,,,,,,,,,,,,,,,,,,,,,,,,,inf,xent beta=inf adamw
,train,,,,,,,xent_beta-inf_adamw_seed17,xent,adamw,inf,7.692472427724821,0.16003412008285522,0.0006748313089428301,133.5362265110016,880.0,1804288.0,0.16003412008285522,0.4036927521977529,,,,,,,,,,,,,,,,,,,,,,,,,,,,,,,,,,,,,inf,xent beta=inf adamw
,train,,,,,,,xent_beta-inf_adamw_seed17,xent,adamw,inf,10.0874415012285,0.1380830854177475,0.0006676659734292189,134.31916856765747,890.0,1824768.0,0.1380830854177475,0.40255765283017153,,,,,,,,,,,,,,,,,,,,,,,,,,,,,,,,,,,,,inf,xent beta=inf adamw
,train,,,,,,,xent_beta-inf_adamw_seed17,xent,adamw,inf,5.266710281809188,0.1282750517129898,0.0006604684692133597,135.84211254119873,900.0,1845248.0,0.1282750517129898,0.43044634928336484,,,,,,,,,,,,,,,,,,,,,,,,,,,,,,,,,,,,,inf,xent beta=inf adamw
,eval,,,,,,,xent_beta-inf_adamw_seed17,xent,adamw,inf,,,,135.84425592422485,900.0,,,,1.2457232475280762,10769.1298828125,0.12568926811218262,0.12568926811218262,8.466224670410156,9.414698600769043,,,,5.42507266998291,11032.1455078125,2417231.25,1.0,0.0,10.52416706085205,0.0,0.9999527335166931,0.119140625,1.0,0.029296875,1.0,0.0,4.11316442489624,0.0,1.2421875,1.0,0.14453125,9.538236618041992,,,,,,,,,inf,xent beta=inf adamw
,train,,,,,,,xent_beta-inf_adamw_seed17,xent,adamw,inf,6.840846416011307,0.15455403923988342,0.0006532407640210383,136.86300683021545,910.0,1865728.0,0.15455403923988342,0.3583419075480122,,,,,,,,,,,,,,,,,,,,,,,,,,,,,,,,,,,,,inf,xent beta=inf adamw
,train,,,,,,,xent_beta-inf_adamw_seed17,xent,adamw,inf,9.997569469153081,0.19557541608810425,0.0006459848338346861,138.18195152282715,920.0,1886208.0,0.19557541608810425,0.4147592230864443,,,,,,,,,,,,,,,,,,,,,,,,,,,,,,,,,,,,,inf,xent beta=inf adamw
,train,,,,,,,xent_beta-inf_adamw_seed17,xent,adamw,inf,9.033771001414904,0.1112813949584961,0.0006387026623531661,139.0214467048645,930.0,1906688.0,0.1112813949584961,0.4198751301926825,,,,,,,,,,,,,,,,,,,,,,,,,,,,,,,,,,,,,inf,xent beta=inf adamw
,train,,,,,,,xent_beta-inf_adamw_seed17,xent,adamw,inf,6.147610126229717,0.15965664386749268,0.0006313962404494495,140.73081493377686,940.0,1927168.0,0.15965664386749268,0.40290890506705096,,,,,,,,,,,,,,,,,,,,,,,,,,,,,,,,,,,,,inf,xent beta=inf adamw
,train,,,,,,,xent_beta-inf_adamw_seed17,xent,adamw,inf,10.783391802372789,0.11438310146331787,0.0006240675656263302,141.45165300369263,950.0,1947648.0,0.11438310146331787,0.3358389256301729,,,,,,,,,,,,,,,,,,,,,,,,,,,,,,,,,,,,,inf,xent beta=inf adamw
,train,,,,,,,xent_beta-inf_adamw_seed17,xent,adamw,inf,7.341048899983325,0.23332920670509338,0.0006167186414703288,143.19410824775696,960.0,1968128.0,0.23332920670509338,0.4461501780797009,,,,,,,,,,,,,,,,,,,,,,,,,,,,,,,,,,,,,inf,xent beta=inf adamw
,train,,,,,,,xent_beta-inf_adamw_seed17,xent,adamw,inf,4.560268495357029,0.10988962650299072,0.0006093514771039312,145.2208378314972,970.0,1988608.0,0.10988962650299072,0.40123320188801453,,,,,,,,,,,,,,,,,,,,,,,,,,,,,,,,,,,,,inf,xent beta=inf adamw
,train,,,,,,,xent_beta-inf_adamw_seed17,xent,adamw,inf,13.846453615515916,0.10401847958564758,0.0006019680866363138,147.52800917625427,980.0,2009088.0,0.10401847958564758,0.3475983618481244,,,,,,,,,,,,,,,,,,,,,,,,,,,,,,,,,,,,,inf,xent beta=inf adamw
,train,,,,,,,xent_beta-inf_adamw_seed17,xent,adamw,inf,9.894182021506385,0.16264986991882324,0.0005945704886127083,149.64838337898254,990.0,2029568.0,0.16264986991882324,0.43190747022559606,,,,,,,,,,,,,,,,,,,,,,,,,,,,,,,,,,,,,inf,xent beta=inf adamw
,train,,,,,,,xent_beta-inf_adamw_seed17,xent,adamw,inf,7.464484980609463,0.12642188370227814,0.0005871607054625496,151.42960381507874,1000.0,2050048.0,0.12642188370227814,0.3271444502137455,,,,,,,,,,,,,,,,,,,,,,,,,,,,,,,,,,,,,inf,xent beta=inf adamw
,eval,,,,,,,xent_beta-inf_adamw_seed17,xent,adamw,inf,,,,151.4333038330078,1000.0,,,,1.1490485668182373,10769.2060546875,0.10589742660522461,0.10589742660522461,8.462370872497559,9.388837814331055,3.199244976043701,0.9661728103357168,0.9999775290465803,5.402342796325684,11031.869140625,2417212.0,1.0,0.0,10.502583503723145,0.0,0.999950110912323,0.1875,1.0,0.0361328125,1.0,0.0,4.11316442489624,0.0,1.2421875,1.0,0.14453125,9.515507698059082,,,,,,,,,inf,xent beta=inf adamw
,train,,,,,,,xent_beta-inf_adamw_seed17,xent,adamw,inf,4.3404063746590955,0.09983527660369873,0.0005797407629465648,154.79760146141052,1010.0,2070528.0,0.09983527660369873,0.3384601195662124,,,,,,,,,,,,,,,,,,,,,,,,,,,,,,,,,,,,,inf,xent beta=inf adamw
,train,,,,,,,xent_beta-inf_adamw_seed17,xent,adamw,inf,6.624909329273936,0.179429292678833,0.00057231268960295,155.11244344711304,1020.0,2091008.0,0.179429292678833,0.37641933696332047,,,,,,,,,,,,,,,,,,,,,,,,,,,,,,,,,,,,,inf,xent beta=inf adamw
,train,,,,,,,xent_beta-inf_adamw_seed17,xent,adamw,inf,10.667500944417583,0.1283550262451172,0.0005648785161927887,156.1683428287506,1030.0,2111488.0,0.1283550262451172,0.42753351699588654,,,,,,,,,,,,,,,,,,,,,,,,,,,,,,,,,,,,,inf,xent beta=inf adamw
,train,,,,,,,xent_beta-inf_adamw_seed17,xent,adamw,inf,8.182449454101171,0.13551217317581177,0.0005574402751448614,157.43551659584045,1040.0,2131968.0,0.13551217317581177,0.3020119252249135,,,,,,,,,,,,,,,,,,,,,,,,,,,,,,,,,,,,,inf,xent beta=inf adamw
,train,,,,,,,xent_beta-inf_adamw_seed17,xent,adamw,inf,8.703666378844725,0.10717552900314331,0.00055,158.49973392486572,1050.0,2152448.0,0.10717552900314331,0.33914731304551005,,,,,,,,,,,,,,,,,,,,,,,,,,,,,,,,,,,,,inf,xent beta=inf adamw
,train,,,,,,,xent_beta-inf_adamw_seed17,xent,adamw,inf,9.94197285662909,0.12941935658454895,0.0005425597248551387,160.11203122138977,1060.0,2172928.0,0.12941935658454895,0.29459797323865317,,,,,,,,,,,,,,,,,,,,,,,,,,,,,,,,,,,,,inf,xent beta=inf adamw
,train,,,,,,,xent_beta-inf_adamw_seed17,xent,adamw,inf,10.14373544166959,0.10685336589813232,0.0005351214838072113,161.03198790550232,1070.0,2193408.0,0.10685336589813232,0.2706311557739256,,,,,,,,,,,,,,,,,,,,,,,,,,,,,,,,,,,,,inf,xent beta=inf adamw
,train,,,,,,,xent_beta-inf_adamw_seed17,xent,adamw,inf,4.818516115482204,0.1697707176208496,0.00052768731039705,162.61306476593018,1080.0,2213888.0,0.1697707176208496,0.3529382683745849,,,,,,,,,,,,,,,,,,,,,,,,,,,,,,,,,,,,,inf,xent beta=inf adamw
,train,,,,,,,xent_beta-inf_adamw_seed17,xent,adamw,inf,6.77566905651695,0.08054059743881226,0.0005202592370534354,164.16211891174316,1090.0,2234368.0,0.08054059743881226,0.32715444664473886,,,,,,,,,,,,,,,,,,,,,,,,,,,,,,,,,,,,,inf,xent beta=inf adamw
,train,,,,,,,xent_beta-inf_adamw_seed17,xent,adamw,inf,8.735041367603804,0.10872325301170349,0.0005128392945374505,165.72867560386658,1100.0,2254848.0,0.10872325301170349,0.27614190781966613,,,,,,,,,,,,,,,,,,,,,,,,,,,,,,,,,,,,,inf,xent beta=inf adamw
,eval,,,,,,,xent_beta-inf_adamw_seed17,xent,adamw,inf,,,,165.73077416419983,1100.0,,,,0.93498295545578,10769.390625,0.0941925048828125,0.0941925048828125,8.541460990905762,9.423772811889648,,,,5.42738151550293,11032.2822265625,2417211.5,1.0,0.0,10.516590118408203,0.0,0.9999521970748901,0.3388671875,1.0,0.0576171875,1.0,0.0,4.11316442489624,0.0,1.2421875,1.0,0.14453125,9.540544509887695,,,,,,,,,inf,xent beta=inf adamw
,train,,,,,,,xent_beta-inf_adamw_seed17,xent,adamw,inf,4.68158243873158,0.0689123272895813,0.0005054295113872917,166.7750198841095,1110.0,2275328.0,0.0689123272895813,0.30483618229590825,,,,,,,,,,,,,,,,,,,,,,,,,,,,,,,,,,,,,inf,xent beta=inf adamw
,train,,,,,,,xent_beta-inf_adamw_seed17,xent,adamw,inf,6.985464926368171,0.09343338012695312,0.0004980319133636862,168.13393330574036,1120.0,2295808.0,0.09343338012695312,0.27518088160202797,,,,,,,,,,,,,,,,,,,,,,,,,,,,,,,,,,,,,inf,xent beta=inf adamw
,train,,,,,,,xent_beta-inf_adamw_seed17,xent,adamw,inf,7.354710318178851,0.07762166857719421,0.000490648522896069,169.64334845542908,1130.0,2316288.0,0.07762166857719421,0.2864994291918797,,,,,,,,,,,,,,,,,,,,,,,,,,,,,,,,,,,,,inf,xent beta=inf adamw
,train,,,,,,,xent_beta-inf_adamw_seed17,xent,adamw,inf,10.45485617628124,0.09812519699335098,0.000483281358529671,171.33031797409058,1140.0,2336768.0,0.09812519699335098,0.26724830487432255,,,,,,,,,,,,,,,,,,,,,,,,,,,,,,,,,,,,,inf,xent beta=inf adamw
,train,,,,,,,xent_beta-inf_adamw_seed17,xent,adamw,inf,6.747157964554941,0.10314629971981049,0.0004759324343736697,172.95771074295044,1150.0,2357248.0,0.10314629971981049,0.256981249610209,,,,,,,,,,,,,,,,,,,,,,,,,,,,,,,,,,,,,inf,xent beta=inf adamw
,train,,,,,,,xent_beta-inf_adamw_seed17,xent,adamw,inf,4.569916103718622,0.0719003677368164,0.00046860375955055066,174.6176245212555,1160.0,2377728.0,0.0719003677368164,0.2518009909139786,,,,,,,,,,,,,,,,,,,,,,,,,,,,,,,,,,,,,inf,xent beta=inf adamw
,train,,,,,,,xent_beta-inf_adamw_seed17,xent,adamw,inf,10.030196915572189,0.14119434356689453,0.0004612973376468339,176.08712458610535,1170.0,2398208.0,0.14119434356689453,0.24999473122223215,,,,,,,,,,,,,,,,,,,,,,,,,,,,,,,,,,,,,inf,xent beta=inf adamw
,train,,,,,,,xent_beta-inf_adamw_seed17,xent,adamw,inf,7.107284339862037,0.09190338850021362,0.00045401516616531403,177.21471738815308,1180.0,2418688.0,0.09190338850021362,0.25875509352328013,,,,,,,,,,,,,,,,,,,,,,,,,,,,,,,,,,,,,inf,xent beta=inf adamw
,train,,,,,,,xent_beta-inf_adamw_seed17,xent,adamw,inf,5.491618191068394,0.06557919085025787,0.0004467592359789618,178.51684093475342,1190.0,2439168.0,0.06557919085025787,0.23618143019178592,,,,,,,,,,,,,,,,,,,,,,,,,,,,,,,,,,,,,inf,xent beta=inf adamw
,train,,,,,,,xent_beta-inf_adamw_seed17,xent,adamw,inf,7.7549253005271295,0.10390673577785492,0.00043953153078664045,179.78262495994568,1200.0,2459648.0,0.10390673577785492,0.23184115053750323,,,,,,,,,,,,,,,,,,,,,,,,,,,,,,,,,,,,,inf,xent beta=inf adamw
,eval,,,,,,,xent_beta-inf_adamw_seed17,xent,adamw,inf,,,,179.7849578857422,1200.0,,,,1.205672264099121,10769.3486328125,0.07894134521484375,0.07894134521484375,8.660831451416016,9.48235034942627,3.199458599090576,0.9661648829170167,0.9999637007681682,5.48079776763916,11032.771484375,2417218.5,1.0,0.0,10.548867225646973,0.0,0.9999564290046692,0.1474609375,1.0,0.029296875,1.0,0.0,4.11316442489624,0.0,1.2421875,1.0,0.14453125,9.593961715698242,,,,,,,,,inf,xent beta=inf adamw
,train,,,,,,,xent_beta-inf_adamw_seed17,xent,adamw,inf,6.896692149841634,0.11909005045890808,0.00043233402657078115,183.33915185928345,1210.0,2480128.0,0.11909005045890808,0.2384995990580065,,,,,,,,,,,,,,,,,,,,,,,,,,,,,,,,,,,,,inf,xent beta=inf adamw
,train,,,,,,,xent_beta-inf_adamw_seed17,xent,adamw,inf,4.967410621864017,0.0874805748462677,0.00042516869105717006,184.10299062728882,1220.0,2500608.0,0.0874805748462677,0.2639095643593231,,,,,,,,,,,,,,,,,,,,,,,,,,,,,,,,,,,,,inf,xent beta=inf adamw
,train,,,,,,,xent_beta-inf_adamw_seed17,xent,adamw,inf,7.782845045848701,0.07824134826660156,0.000418037483176991,185.09133553504944,1230.0,2521088.0,0.07824134826660156,0.2330499017561606,,,,,,,,,,,,,,,,,,,,,,,,,,,,,,,,,,,,,inf,xent beta=inf adamw
,train,,,,,,,xent_beta-inf_adamw_seed17,xent,adamw,inf,5.688492636239602,0.10408475995063782,0.0004109423525312738,186.07254838943481,1240.0,2541568.0,0.10408475995063782,0.22697133432536706,,,,,,,,,,,,,,,,,,,,,,,,,,,,,,,,,,,,,inf,xent beta=inf adamw
,train,,,,,,,xent_beta-inf_adamw_seed17,xent,adamw,inf,9.08545518563275,0.08419498801231384,0.00040388523885789254,187.1086254119873,1250.0,2562048.0,0.08419498801231384,0.19540002910256074,,,,,,,,,,,,,,,,,,,,,,,,,,,,,,,,,,,,,inf,xent beta=inf adamw
,train,,,,,,,xent_beta-inf_adamw_seed17,xent,adamw,inf,7.068457261999776,0.05076253414154053,0.00039686807150126057,188.2999620437622,1260.0,2582528.0,0.05076253414154053,0.22475974686421155,,,,,,,,,,,,,,,,,,,,,,,,,,,,,,,,,,,,,inf,xent beta=inf adamw
,train,,,,,,,xent_beta-inf_adamw_seed17,xent,adamw,inf,9.177155237060644,0.0882171168923378,0.0003898927688848676,190.27310919761658,1270.0,2603008.0,0.0882171168923378,0.213352012624121,,,,,,,,,,,,,,,,,,,,,,,,,,,,,,,,,,,,,inf,xent beta=inf adamw
,train,,,,,,,xent_beta-inf_adamw_seed17,xent,adamw,inf,3.5546790980265732,0.07460033893585205,0.0003829612379868006,192.03098154067993,1280.0,2623488.0,0.07460033893585205,0.23531632387852172,,,,,,,,,,,,,,,,,,,,,,,,,,,,,,,,,,,,,inf,xent beta=inf adamw
,train,,,,,,,xent_beta-inf_adamw_seed17,xent,adamw,inf,7.074334775777125,0.0657384991645813,0.0003760753738183966,193.36616802215576,1290.0,2643968.0,0.0657384991645813,0.21094402327730133,,,,,,,,,,,,,,,,,,,,,,,,,,,,,,,,,,,,,inf,xent beta=inf adamw
,train,,,,,,,xent_beta-inf_adamw_seed17,xent,adamw,inf,10.333684486461214,0.08441007137298584,0.00036923705890616387,195.21255159378052,1300.0,2664448.0,0.08441007137298584,0.194138312712953,,,,,,,,,,,,,,,,,,,,,,,,,,,,,,,,,,,,,inf,xent beta=inf adamw
,eval,,,,,,,xent_beta-inf_adamw_seed17,xent,adamw,inf,,,,195.21466588974,1300.0,,,,0.9736528396606445,10769.4404296875,0.06796741485595703,0.06796741485595703,8.824514389038086,9.562912940979004,,,,5.549242973327637,11033.5830078125,2417234.5,1.0,0.0,10.591323852539062,0.0,0.9999615550041199,0.3115234375,1.0,0.0517578125,1.0,0.0,4.11316442489624,0.0,1.2421875,1.0,0.14453125,9.662406921386719,,,,,,,,,inf,xent beta=inf adamw
,train,,,,,,,xent_beta-inf_adamw_seed17,xent,adamw,inf,5.531511340252177,0.07611101865768433,0.00036244816277711944,196.8810658454895,1310.0,2684928.0,0.07611101865768433,0.20565371595712295,,,,,,,,,,,,,,,,,,,,,,,,,,,,,,,,,,,,,inf,xent beta=inf adamw
,train,,,,,,,xent_beta-inf_adamw_seed17,xent,adamw,inf,4.973131076444282,0.10906392335891724,0.0003557105414476782,198.57086849212646,1320.0,2705408.0,0.10906392335891724,0.2100729785131272,,,,,,,,,,,,,,,,,,,,,,,,,,,,,,,,,,,,,inf,xent beta=inf adamw
,train,,,,,,,xent_beta-inf_adamw_seed17,xent,adamw,inf,7.506478026644542,0.08108210563659668,0.00034902603691623716,200.36185669898987,1330.0,2725888.0,0.08108210563659668,0.20668255229777077,,,,,,,,,,,,,,,,,,,,,,,,,,,,,,,,,,,,,inf,xent beta=inf adamw
,train,,,,,,,xent_beta-inf_adamw_seed17,xent,adamw,inf,3.8950230507042356,0.06944340467453003,0.00034239647665959056,202.1386115550995,1340.0,2746368.0,0.06944340467453003,0.20418634986525258,,,,,,,,,,,,,,,,,,,,,,,,,,,,,,,,,,,,,inf,xent beta=inf adamw
,train,,,,,,,xent_beta-inf_adamw_seed17,xent,adamw,inf,8.132911062790196,0.07007297873497009,0.0003358236731333169,203.47041940689087,1350.0,2766848.0,0.07007297873497009,0.18672548945664733,,,,,,,,,,,,,,,,,,,,,,,,,,,,,,,,,,,,,inf,xent beta=inf adamw
,train,,,,,,,xent_beta-inf_adamw_seed17,xent,adamw,inf,5.429767230161308,0.06748828291893005,0.0003293094232762715,204.77812027931213,1360.0,2787328.0,0.06748828291893005,0.20480415775129654,,,,,,,,,,,,,,,,,,,,,,,,,,,,,,,,,,,,,inf,xent beta=inf adamw
,train,,,,,,,xent_beta-inf_adamw_seed17,xent,adamw,inf,6.729923933593396,0.04893481731414795,0.00032285550801932044,206.0783154964447,1370.0,2807808.0,0.04893481731414795,0.1788031516862931,,,,,,,,,,,,,,,,,,,,,,,,,,,,,,,,,,,,,inf,xent beta=inf adamw
,train,,,,,,,xent_beta-inf_adamw_seed17,xent,adamw,inf,5.920430757399623,0.07531046867370605,0.00031646369179845333,207.6487934589386,1380.0,2828288.0,0.07531046867370605,0.19668874662400143,,,,,,,,,,,,,,,,,,,,,,,,,,,,,,,,,,,,,inf,xent beta=inf adamw
,train,,,,,,,xent_beta-inf_adamw_seed17,xent,adamw,inf,5.303990824117751,0.0692867636680603,0.0003101357220724029,208.94106554985046,1390.0,2848768.0,0.0692867636680603,0.17588293099162552,,,,,,,,,,,,,,,,,,,,,,,,,,,,,,,,,,,,,inf,xent beta=inf adamw
,train,,,,,,,xent_beta-inf_adamw_seed17,xent,adamw,inf,3.598826164589526,0.05406583845615387,0.00030387332884490803,209.777752161026,1400.0,2869248.0,0.05406583845615387,0.17170776740839214,,,,,,,,,,,,,,,,,,,,,,,,,,,,,,,,,,,,,inf,xent beta=inf adamw
,eval,,,,,,,xent_beta-inf_adamw_seed17,xent,adamw,inf,,,,209.780038356781,1400.0,,,,1.1324756145477295,10769.5322265625,0.06025409698486328,0.06025409698486328,8.88945484161377,9.597352981567383,3.199101209640503,0.9661422927539539,0.9999526143035792,5.5762715339660645,11033.9716796875,2417239.0,1.0,0.0,10.608358383178711,0.0,0.9999634623527527,0.19921875,1.0,0.04296875,1.0,0.0,4.11316442489624,0.0,1.2421875,1.0,0.14453125,9.689435958862305,,,,,,,,,inf,xent beta=inf adamw
,train,,,,,,,xent_beta-inf_adamw_seed17,xent,adamw,inf,3.6027797827129655,0.060053303837776184,0.0002976782241917473,213.45110034942627,1410.0,2889728.0,0.060053303837776184,0.18070411261758274,,,,,,,,,,,,,,,,,,,,,,,,,,,,,,,,,,,,,inf,xent beta=inf adamw
,train,,,,,,,xent_beta-inf_adamw_seed17,xent,adamw,inf,6.619133307749669,0.06155821681022644,0.00029155210179267546,214.12656021118164,1420.0,2910208.0,0.06155821681022644,0.16102536225710024,,,,,,,,,,,,,,,,,,,,,,,,,,,,,,,,,,,,,inf,xent beta=inf adamw
,train,,,,,,,xent_beta-inf_adamw_seed17,xent,adamw,inf,7.480932063481091,0.06933793425559998,0.0002854966364683872,215.50330805778503,1430.0,2930688.0,0.06933793425559998,0.17652003122644147,,,,,,,,,,,,,,,,,,,,,,,,,,,,,,,,,,,,,inf,xent beta=inf adamw
,train,,,,,,,xent_beta-inf_adamw_seed17,xent,adamw,inf,6.033319886484611,0.05587465316057205,0.0002795134837226387,216.6780264377594,1440.0,2951168.0,0.05587465316057205,0.14524975856012806,,,,,,,,,,,,,,,,,,,,,,,,,,,,,,,,,,,,,inf,xent beta=inf adamw
,train,,,,,,,xent_beta-inf_adamw_seed17,xent,adamw,inf,4.79870788298353,0.05549490451812744,0.0002736042792896495,217.5735306739807,1450.0,2971648.0,0.05549490451812744,0.16103922773640036,,,,,,,,,,,,,,,,,,,,,,,,,,,,,,,,,,,,,inf,xent beta=inf adamw
,train,,,,,,,xent_beta-inf_adamw_seed17,xent,adamw,inf,5.154000684797613,0.12266314029693604,0.00026777063868690834,218.72415733337402,1460.0,2992128.0,0.12266314029693604,0.15258575650637543,,,,,,,,,,,,,,,,,,,,,,,,,,,,,,,,,,,,,inf,xent beta=inf adamw
,train,,,,,,,xent_beta-inf_adamw_seed17,xent,adamw,inf,4.017208382920897,0.047727108001708984,0.00026201415677350756,220.53213143348694,1470.0,3012608.0,0.047727108001708984,0.14549795540730256,,,,,,,,,,,,,,,,,,,,,,,,,,,,,,,,,,,,,inf,xent beta=inf adamw
,train,,,,,,,xent_beta-inf_adamw_seed17,xent,adamw,inf,4.007465287613503,0.08907894045114517,0.0002563364073141241,221.72251057624817,1480.0,3033088.0,0.08907894045114517,0.15176138235519537,,,,,,,,,,,,,,,,,,,,,,,,,,,,,,,,,,,,,inf,xent beta=inf adamw
,train,,,,,,,xent_beta-inf_adamw_seed17,xent,adamw,inf,3.466822331529529,0.05509636551141739,0.0002507389425487683,223.10080289840698,1490.0,3053568.0,0.05509636551141739,0.1374876994692486,,,,,,,,,,,,,,,,,,,,,,,,,,,,,,,,,,,,,inf,xent beta=inf adamw
,train,,,,,,,xent_beta-inf_adamw_seed17,xent,adamw,inf,6.124885840024152,0.06489729881286621,0.00024522329276841664,224.66424989700317,1500.0,3074048.0,0.06489729881286621,0.14474255148416904,,,,,,,,,,,,,,,,,,,,,,,,,,,,,,,,,,,,,inf,xent beta=inf adamw
,eval,,,,,,,xent_beta-inf_adamw_seed17,xent,adamw,inf,,,,224.66636204719543,1500.0,,,,1.0634222030639648,10769.548828125,0.05568361282348633,0.05568361282348633,9.022934913635254,9.670825004577637,,,,5.640228271484375,11034.5,2417252.0,1.0,0.0,10.637425422668457,0.0,0.999966561794281,0.248046875,1.0,0.0595703125,1.0,0.0,4.11316442489624,0.0,1.2421875,1.0,0.14453125,9.753392219543457,,,,,,,,,inf,xent beta=inf adamw
,train,,,,,,,xent_beta-inf_adamw_seed17,xent,adamw,inf,4.2259150398326595,0.06827077269554138,0.0002397909658966454,226.31737303733826,1510.0,3094528.0,0.06827077269554138,0.1746076430291269,,,,,,,,,,,,,,,,,,,,,,,,,,,,,,,,,,,,,inf,xent beta=inf adamw
,train,,,,,,,xent_beta-inf_adamw_seed17,xent,adamw,inf,3.9988004850620618,0.04945605993270874,0.00023444344707738017,226.97059440612793,1520.0,3115008.0,0.04945605993270874,0.13638207926524207,,,,,,,,,,,,,,,,,,,,,,,,,,,,,,,,,,,,,inf,xent beta=inf adamw
,train,,,,,,,xent_beta-inf_adamw_seed17,xent,adamw,inf,2.8942058748341712,0.052704691886901855,0.00022918219826887135,228.19504809379578,1530.0,3135488.0,0.052704691886901855,0.1478791033413453,,,,,,,,,,,,,,,,,,,,,,,,,,,,,,,,,,,,,inf,xent beta=inf adamw
,train,,,,,,,xent_beta-inf_adamw_seed17,xent,adamw,inf,4.132500474392214,0.08738891780376434,0.00022400865784400997,229.12393307685852,1540.0,3155968.0,0.08738891780376434,0.14475795455230692,,,,,,,,,,,,,,,,,,,,,,,,,,,,,,,,,,,,,inf,xent beta=inf adamw
,train,,,,,,,xent_beta-inf_adamw_seed17,xent,adamw,inf,4.367632203456476,0.051785826683044434,0.0002189242401970908,230.55434608459473,1550.0,3176448.0,0.051785826683044434,0.11983800942065528,,,,,,,,,,,,,,,,,,,,,,,,,,,,,,,,,,,,,inf,xent beta=inf adamw
,train,,,,,,,xent_beta-inf_adamw_seed17,xent,adamw,inf,4.125179198270411,0.06445550918579102,0.0002139303353571309,231.65454125404358,1560.0,3196928.0,0.06445550918579102,0.1284096146446876,,,,,,,,,,,,,,,,,,,,,,,,,,,,,,,,,,,,,inf,xent beta=inf adamw
,train,,,,,,,xent_beta-inf_adamw_seed17,xent,adamw,inf,6.221037903943738,0.06036325916647911,0.0002090283086078495,232.67647862434387,1570.0,3217408.0,0.06036325916647911,0.1465470117200154,,,,,,,,,,,,,,,,,,,,,,,,,,,,,,,,,,,,,inf,xent beta=inf adamw
,train,,,,,,,xent_beta-inf_adamw_seed17,xent,adamw,inf,6.397606347002119,0.049596548080444336,0.00020421950011441354,233.6118359565735,1580.0,3237888.0,0.049596548080444336,0.11626923590668448,,,,,,,,,,,,,,,,,,,,,,,,,,,,,,,,,,,,,inf,xent beta=inf adamw
,train,,,,,,,xent_beta-inf_adamw_seed17,xent,adamw,inf,8.503741771709212,0.047550320625305176,0.00019950522455704944,235.04555296897888,1590.0,3258368.0,0.047550320625305176,0.12639704111781164,,,,,,,,,,,,,,,,,,,,,,,,,,,,,,,,,,,,,inf,xent beta=inf adamw
,train,,,,,,,xent_beta-inf_adamw_seed17,xent,adamw,inf,6.924844696275808,0.06564220786094666,0.00019488677077162295,236.28334665298462,1600.0,3278848.0,0.06564220786094666,0.101323782855373,,,,,,,,,,,,,,,,,,,,,,,,,,,,,,,,,,,,,inf,xent beta=inf adamw
,eval,,,,,,,xent_beta-inf_adamw_seed17,xent,adamw,inf,,,,236.28548550605774,1600.0,,,,1.151810646057129,10769.6259765625,0.04499244689941406,0.04499244689941406,9.130788803100586,9.728387832641602,3.1986773014068604,0.9661194065870761,0.9999456405629648,5.69431209564209,11035.0458984375,2417266.25,1.0,0.0,10.663225173950195,0.0,0.9999691247940063,0.185546875,1.0,0.0869140625,1.0,0.0,4.11316442489624,0.0,1.2421875,1.0,0.14453125,9.807476043701172,,,,,,,,,inf,xent beta=inf adamw
,train,,,,,,,xent_beta-inf_adamw_seed17,xent,adamw,inf,7.647852463056805,0.05522961914539337,0.00019036540139728388,239.87716150283813,1610.0,3299328.0,0.05522961914539337,0.10218207909953024,,,,,,,,,,,,,,,,,,,,,,,,,,,,,,,,,,,,,inf,xent beta=inf adamw
,train,,,,,,,xent_beta-inf_adamw_seed17,xent,adamw,inf,7.456255651549144,0.04677429795265198,0.00018594235253127373,240.6154112815857,1620.0,3319808.0,0.04677429795265198,0.11062684076606616,,,,,,,,,,,,,,,,,,,,,,,,,,,,,,,,,,,,,inf,xent beta=inf adamw
,train,,,,,,,xent_beta-inf_adamw_seed17,xent,adamw,inf,5.46999075445176,0.042997121810913086,0.00018161883339098844,241.5664508342743,1630.0,3340288.0,0.042997121810913086,0.0966939331804549,,,,,,,,,,,,,,,,,,,,,,,,,,,,,,,,,,,,,inf,xent beta=inf adamw
,train,,,,,,,xent_beta-inf_adamw_seed17,xent,adamw,inf,6.2853045035883754,0.06622308492660522,0.000177396025983391,243.39846992492676,1640.0,3360768.0,0.06622308492660522,0.11812999849368663,,,,,,,,,,,,,,,,,,,,,,,,,,,,,,,,,,,,,inf,xent beta=inf adamw
,train,,,,,,,xent_beta-inf_adamw_seed17,xent,adamw,inf,2.8259360180477446,0.029194951057434082,0.00017327508478186216,244.67762088775635,1650.0,3381248.0,0.029194951057434082,0.09851708006016423,,,,,,,,,,,,,,,,,,,,,,,,,,,,,,,,,,,,,inf,xent beta=inf adamw
,train,,,,,,,xent_beta-inf_adamw_seed17,xent,adamw,inf,5.463723836965372,0.044766902923583984,0.000169257136410579,245.92887091636658,1660.0,3401728.0,0.044766902923583984,0.08344853632166792,,,,,,,,,,,,,,,,,,,,,,,,,,,,,,,,,,,,,inf,xent beta=inf adamw
,train,,,,,,,xent_beta-inf_adamw_seed17,xent,adamw,inf,5.240532135448765,0.048574090003967285,0.00016534327933650738,247.36138081550598,1670.0,3422208.0,0.048574090003967285,0.0940044631345387,,,,,,,,,,,,,,,,,,,,,,,,,,,,,,,,,,,,,inf,xent beta=inf adamw
,train,,,,,,,xent_beta-inf_adamw_seed17,xent,adamw,inf,4.404116859660774,0.016603171825408936,0.00016153458356909175,248.9842517375946,1680.0,3442688.0,0.016603171825408936,0.0883723750158945,,,,,,,,,,,,,,,,,,,,,,,,,,,,,,,,,,,,,inf,xent beta=inf adamw
,train,,,,,,,xent_beta-inf_adamw_seed17,xent,adamw,inf,4.940752716919353,0.04224097728729248,0.0001578320903677252,249.9736201763153,1690.0,3463168.0,0.04224097728729248,0.08042646065338731,,,,,,,,,,,,,,,,,,,,,,,,,,,,,,,,,,,,,inf,xent beta=inf adamw
,train,,,,,,,xent_beta-inf_adamw_seed17,xent,adamw,inf,2.4717721363694136,0.053194671869277954,0.00015423681195707997,251.43896508216858,1700.0,3483648.0,0.053194671869277954,0.09723138387853808,,,,,,,,,,,,,,,,,,,,,,,,,,,,,,,,,,,,,inf,xent beta=inf adamw
,eval,,,,,,,xent_beta-inf_adamw_seed17,xent,adamw,inf,,,,251.4410436153412,1700.0,,,,1.0316576957702637,10769.6220703125,0.04060649871826172,0.04060649871826172,9.173486709594727,9.754384994506836,,,,5.715728759765625,11035.1650390625,2417268.25,1.0,0.0,10.669962882995605,0.0,0.9999697208404541,0.2705078125,1.0,0.0556640625,1.0,0.0,4.11316442489624,0.0,1.2421875,1.0,0.14453125,9.828893661499023,,,,,,,,,inf,xent beta=inf adamw
,train,,,,,,,xent_beta-inf_adamw_seed17,xent,adamw,inf,9.580990217667454,0.06133398413658142,0.0001507497312503747,252.4925000667572,1710.0,3504128.0,0.06133398413658142,0.09411384599990531,,,,,,,,,,,,,,,,,,,,,,,,,,,,,,,,,,,,,inf,xent beta=inf adamw
,train,,,,,,,xent_beta-inf_adamw_seed17,xent,adamw,inf,8.547171669946964,0.0709720104932785,0.00014737180158065643,254.0123109817505,1720.0,3524608.0,0.0709720104932785,0.08939135904302042,,,,,,,,,,,,,,,,,,,,,,,,,,,,,,,,,,,,,inf,xent beta=inf adamw
,train,,,,,,,xent_beta-inf_adamw_seed17,xent,adamw,inf,8.969837891940498,0.04675090312957764,0.0001441039464401685,255.26480102539062,1730.0,3545088.0,0.04675090312957764,0.07580152352248318,,,,,,,,,,,,,,,,,,,,,,,,,,,,,,,,,,,,,inf,xent beta=inf adamw
,train,,,,,,,xent_beta-inf_adamw_seed17,xent,adamw,inf,4.135208856227778,0.0639738142490387,0.00014094705922787688,256.71440625190735,1740.0,3565568.0,0.0639738142490387,0.08371778944477998,,,,,,,,,,,,,,,,,,,,,,,,,,,,,,,,,,,,,inf,xent beta=inf adamw
,train,,,,,,,xent_beta-inf_adamw_seed17,xent,adamw,inf,2.4665328469565817,0.0376397967338562,0.00013790200300522413,258.1088926792145,1750.0,3586048.0,0.0376397967338562,0.0796678025433788,,,,,,,,,,,,,,,,,,,,,,,,,,,,,,,,,,,,,inf,xent beta=inf adamw
,train,,,,,,,xent_beta-inf_adamw_seed17,xent,adamw,inf,5.893803724292308,0.04677256941795349,0.00013496961026017687,258.7266318798065,1760.0,3606528.0,0.04677256941795349,0.08045191819013794,,,,,,,,,,,,,,,,,,,,,,,,,,,,,,,,,,,,,inf,xent beta=inf adamw
,train,,,,,,,xent_beta-inf_adamw_seed17,xent,adamw,inf,4.454093552771363,0.0853319764137268,0.00013215068267963186,260.5666570663452,1770.0,3627008.0,0.0853319764137268,0.07636940656269,,,,,,,,,,,,,,,,,,,,,,,,,,,,,,,,,,,,,inf,xent beta=inf adamw
,train,,,,,,,xent_beta-inf_adamw_seed17,xent,adamw,inf,2.8206530265177765,0.03424865007400513,0.00012944599093024268,261.54373574256897,1780.0,3647488.0,0.03424865007400513,0.08080957748640652,,,,,,,,,,,,,,,,,,,,,,,,,,,,,,,,,,,,,inf,xent beta=inf adamw
,train,,,,,,,xent_beta-inf_adamw_seed17,xent,adamw,inf,3.668733606236254,0.046602338552474976,0.0001268562744477275,262.66174721717834,1790.0,3667968.0,0.046602338552474976,0.07475141648099795,,,,,,,,,,,,,,,,,,,,,,,,,,,,,,,,,,,,,inf,xent beta=inf adamw
,train,,,,,,,xent_beta-inf_adamw_seed17,xent,adamw,inf,5.525288647747512,0.0569988489151001,0.00012438224123471442,263.607789516449,1800.0,3688448.0,0.0569988489151001,0.07090253998280907,,,,,,,,,,,,,,,,,,,,,,,,,,,,,,,,,,,,,inf,xent beta=inf adamw
,eval,,,,,,,xent_beta-inf_adamw_seed17,xent,adamw,inf,,,,263.6098737716675,1800.0,,,,1.2194828987121582,10769.71484375,0.03872412443161011,0.03872412443161011,9.258413314819336,9.79893970489502,3.198729991912842,0.9661059955412022,0.9999423623075022,5.756735801696777,11035.513671875,2417276.5,1.0,0.0,10.683795928955078,0.0,0.9999710321426392,0.1376953125,1.0,0.05859375,1.0,0.0,4.11316442489624,0.0,1.2421875,1.0,0.14453125,9.86989974975586,,,,,,,,,inf,xent beta=inf adamw
,train,,,,,,,xent_beta-inf_adamw_seed17,xent,adamw,inf,5.321066119152558,0.050947993993759155,0.00012202456766718093,267.12828946113586,1810.0,3708928.0,0.050947993993759155,0.06387382275096218,,,,,,,,,,,,,,,,,,,,,,,,,,,,,,,,,,,,,inf,xent beta=inf adamw
,train,,,,,,,xent_beta-inf_adamw_seed17,xent,adamw,inf,5.647603969199626,0.03046157956123352,0.00011978389830953906,267.6398723125458,1820.0,3729408.0,0.03046157956123352,0.06697029830335513,,,,,,,,,,,,,,,,,,,,,,,,,,,,,,,,,,,,,inf,xent beta=inf adamw
,train,,,,,,,xent_beta-inf_adamw_seed17,xent,adamw,inf,4.395068303098101,0.0583517849445343,0.00011766084573841834,268.944899559021,1830.0,3749888.0,0.0583517849445343,0.07117851402439986,,,,,,,,,,,,,,,,,,,,,,,,,,,,,,,,,,,,,inf,xent beta=inf adamw
,train,,,,,,,xent_beta-inf_adamw_seed17,xent,adamw,inf,3.1243654449014,0.04835452139377594,0.00011565599037519315,270.54532170295715,1840.0,3770368.0,0.04835452139377594,0.06716405844275194,,,,,,,,,,,,,,,,,,,,,,,,,,,,,,,,,,,,,inf,xent beta=inf adamw
,train,,,,,,,xent_beta-inf_adamw_seed17,xent,adamw,inf,3.252012185224272,0.042398855090141296,0.00011376988032730135,271.3554232120514,1850.0,3790848.0,0.042398855090141296,0.06607683578403692,,,,,,,,,,,,,,,,,,,,,,,,,,,,,,,,,,,,,inf,xent beta=inf adamw
,train,,,,,,,xent_beta-inf_adamw_seed17,xent,adamw,inf,6.528813632765711,0.023498594760894775,0.00011200303123839741,272.29535579681396,1860.0,3811328.0,0.023498594760894775,0.07238894752771632,,,,,,,,,,,,,,,,,,,,,,,,,,,,,,,,,,,,,inf,xent beta=inf adamw
,train,,,,,,,xent_beta-inf_adamw_seed17,xent,adamw,inf,3.906809798092314,0.04021328687667847,0.00011035592614738034,273.90811824798584,1870.0,3831808.0,0.04021328687667847,0.07160679941736799,,,,,,,,,,,,,,,,,,,,,,,,,,,,,,,,,,,,,inf,xent beta=inf adamw
,train,,,,,,,xent_beta-inf_adamw_seed17,xent,adamw,inf,5.996694695533695,0.03264963626861572,0.0001088290153563358,274.65955424308777,1880.0,3852288.0,0.03264963626861572,0.06390477250351041,,,,,,,,,,,,,,,,,,,,,,,,,,,,,,,,,,,,,inf,xent beta=inf adamw
,train,,,,,,,xent_beta-inf_adamw_seed17,xent,adamw,inf,4.276867473663447,0.048526883125305176,0.00010742271630742795,275.6111168861389,1890.0,3872768.0,0.048526883125305176,0.06068070298545323,,,,,,,,,,,,,,,,,,,,,,,,,,,,,,,,,,,,,inf,xent beta=inf adamw
,train,,,,,,,xent_beta-inf_adamw_seed17,xent,adamw,inf,4.729813789671266,0.05374819040298462,0.00010613741346877497,277.27444767951965,1900.0,3893248.0,0.05374819040298462,0.06267739704635834,,,,,,,,,,,,,,,,,,,,,,,,,,,,,,,,,,,,,inf,xent beta=inf adamw
,eval,,,,,,,xent_beta-inf_adamw_seed17,xent,adamw,inf,,,,277.2767741680145,1900.0,,,,1.1642402410507202,10769.7265625,0.033806562423706055,0.033806562423706055,9.360946655273438,9.861861228942871,,,,5.812727928161621,11035.865234375,2417291.0,1.0,0.0,10.701475143432617,0.0,0.9999725818634033,0.1767578125,1.0,0.048828125,1.0,0.0,4.11316442489624,0.0,1.2421875,1.0,0.14453125,9.925891876220703,,,,,,,,,inf,xent beta=inf adamw
,train,,,,,,,xent_beta-inf_adamw_seed17,xent,adamw,inf,5.834068602610759,0.0358770489692688,0.00010497345822933918,278.88052010536194,1910.0,3913728.0,0.0358770489692688,0.06827165531913278,,,,,,,,,,,,,,,,,,,,,,,,,,,,,,,,,,,,,inf,xent beta=inf adamw
,train,,,,,,,xent_beta-inf_adamw_seed17,xent,adamw,inf,3.857477049720142,0.056940317153930664,0.00010393116880286118,279.3648109436035,1920.0,3934208.0,0.056940317153930664,0.055888230979249984,,,,,,,,,,,,,,,,,,,,,,,,,,,,,,,,,,,,,inf,xent beta=inf adamw
,train,,,,,,,xent_beta-inf_adamw_seed17,xent,adamw,inf,4.905169823820908,0.03313891589641571,0.00010301083014086285,280.58973956108093,1930.0,3954688.0,0.03313891589641571,0.057824590689299994,,,,,,,,,,,,,,,,,,,,,,,,,,,,,,,,,,,,,inf,xent beta=inf adamw
,train,,,,,,,xent_beta-inf_adamw_seed17,xent,adamw,inf,4.699177200609699,0.048191919922828674,0.00010221269385474486,282.40839290618896,1940.0,3975168.0,0.048191919922828674,0.06307521024112715,,,,,,,,,,,,,,,,,,,,,,,,,,,,,,,,,,,,,inf,xent beta=inf adamw
,train,,,,,,,xent_beta-inf_adamw_seed17,xent,adamw,inf,3.6189893425653072,0.038815975189208984,0.00010153697814699858,283.35007214546204,1950.0,3995648.0,0.038815975189208984,0.06061565753308941,,,,,,,,,,,,,,,,,,,,,,,,,,,,,,,,,,,,,inf,xent beta=inf adamw
,train,,,,,,,xent_beta-inf_adamw_seed17,xent,adamw,inf,6.043222376036007,0.031340375542640686,0.00010098386775155147,285.3516137599945,1960.0,4016128.0,0.031340375542640686,0.05864062752783267,,,,,,,,,,,,,,,,,,,,,,,,,,,,,,,,,,,,,inf,xent beta=inf adamw
,train,,,,,,,xent_beta-inf_adamw_seed17,xent,adamw,inf,4.147813437299608,0.03268003463745117,0.00010055351388326289,287.2404170036316,1970.0,4036608.0,0.03268003463745117,0.06560498866604998,,,,,,,,,,,,,,,,,,,,,,,,,,,,,,,,,,,,,inf,xent beta=inf adamw
,train,,,,,,,xent_beta-inf_adamw_seed17,xent,adamw,inf,4.080970974666679,0.047898173332214355,0.0001002460341965833,288.5591719150543,1980.0,4057088.0,0.047898173332214355,0.05627428305088651,,,,,,,,,,,,,,,,,,,,,,,,,,,,,,,,,,,,,inf,xent beta=inf adamw
,train,,,,,,,xent_beta-inf_adamw_seed17,xent,adamw,inf,5.585590448085029,0.03822633624076843,0.00010006151275338896,290.10338044166565,1990.0,4077568.0,0.03822633624076843,0.06932247040476414,,,,,,,,,,,,,,,,,,,,,,,,,,,,,,,,,,,,,inf,xent beta=inf adamw
,eval,,,,,,,xent_beta-inf_adamw_seed17,xent,adamw,inf,,,,291.97896218299866,1999.0,,,,1.3120145797729492,10769.748046875,0.03361868858337402,0.03361868858337402,9.421913146972656,9.899633407592773,3.1997008323669434,0.9661173800290329,0.9999420642842783,5.846702575683594,11036.0712890625,2417299.25,1.0,0.0,10.711065292358398,0.0,0.9999734163284302,0.072265625,1.0,0.0185546875,1.0,0.0,4.11316442489624,0.0,1.2421875,1.0,0.14453125,9.959867477416992,,,,,,,,,inf,xent beta=inf adamw
,weights_saved,,,,,,,xent_beta-inf_adamw_seed17,xent,adamw,inf,,,,,2000.0,,,,,,,,,,,,,,,,,,,,,,,,,,,,,,,,/n/netscratch/pehlevan_lab/Lab/sab/xent_beta-inf_adamw_seed17_student_final.pt,,,,,,,,inf,xent beta=inf adamw
,done,,,,,,,xent_beta-inf_adamw_seed17,xent,adamw,inf,,,,298.9492275714874,2000.0,,,,,,,,,,,,,,,,,,,,,,,,,,,,,,,,,,,,,,,,inf,xent beta=inf adamw
cuda,start,76751360.0,xent_beta-0p5_adamw_seed17,/n/netscratch/pehlevan_lab/Lab/sab/teacher_logit_cache/eleutherai-pythia-70m-deduped_allenai-c4_seed17_bs16_seq128_bf16_f440db3ba4861202,,readwrite,2.0,xent_beta-0p5_adamw_seed17,xent,adamw,0.5,,,,,,,,,,,,,,,,,,,,,,,,,,,,,,,,,,,,,,,,,,,,,0.5,xent beta=0.5 adamw
,train,,,,,,,xent_beta-0p5_adamw_seed17,xent,adamw,0.5,0.8111906688702468,21.679275512695312,1e-05,11.881554365158081,0.0,2048.0,,0.048744437475155514,,,,,,,,,,,,,,,,,,,,,,,,,,,,,,2.039212465286255,21.679275512695312,10.839637756347656,,,,,0.5,xent beta=0.5 adamw
,eval,,,,,,,xent_beta-0p5_adamw_seed17,xent,adamw,0.5,,,,16.0869243144989,0.0,,,,0.019505713135004044,10769.828125,21.66567611694336,1.1758196353912354,10.692840576171875,10.816036224365234,4.612757205963135,0.9998313784589306,0.5068327776387894,6.703207969665527,11037.4248046875,2417636.5,49666.3984375,10.81308364868164,10.774820327758789,0.2499949038028717,0.9999779462814331,0.0,3.8786965887993574e-05,0.0,8143.873046875,8.891863822937012,4.11316442489624,0.24917352199554443,1.2421875,0.01924363151192665,0.14453125,10.816372871398926,,,,,10.83283805847168,1.9409736394882202,,,0.5,xent beta=0.5 adamw
,train,,,,,,,xent_beta-0p5_adamw_seed17,xent,adamw,0.5,0.30361175686209113,21.539939880371094,0.00011,19.97713875770569,10.0,22528.0,,0.26612299224959823,,,,,,,,,,,,,,,,,,,,,,,,,,,,,,1.8945660591125488,21.539939880371094,10.769969940185547,,,,,0.5,xent beta=0.5 adamw
,train,,,,,,,xent_beta-0p5_adamw_seed17,xent,adamw,0.5,0.24290779671077278,21.302757263183594,0.00021,24.696001291275024,20.0,43008.0,,0.4465080501904125,,,,,,,,,,,,,,,,,,,,,,,,,,,,,,1.6641449928283691,21.302757263183594,10.651378631591797,,,,,0.5,xent beta=0.5 adamw
,train,,,,,,,xent_beta-0p5_adamw_seed17,xent,adamw,0.5,0.24838268425460358,20.957645416259766,0.00031,29.603893756866455,30.0,63488.0,,0.6058073358513633,,,,,,,,,,,,,,,,,,,,,,,,,,,,,,1.6354248523712158,20.957645416259766,10.478822708129883,,,,,0.5,xent beta=0.5 adamw
,train,,,,,,,xent_beta-0p5_adamw_seed17,xent,adamw,0.5,0.20239444114610622,20.748104095458984,0.00041,33.99499487876892,40.0,83968.0,,0.6605224777090729,,,,,,,,,,,,,,,,,,,,,,,,,,,,,,1.424312710762024,20.748104095458984,10.374052047729492,,,,,0.5,xent beta=0.5 adamw
,train,,,,,,,xent_beta-0p5_adamw_seed17,xent,adamw,0.5,0.4670642044705601,20.815959930419922,0.00051,38.65763568878174,50.0,104448.0,,0.8664010816818427,,,,,,,,,,,,,,,,,,,,,,,,,,,,,,1.819031000137329,20.815959930419922,10.407979965209961,,,,,0.5,xent beta=0.5 adamw
,train,,,,,,,xent_beta-0p5_adamw_seed17,xent,adamw,0.5,0.41704333747550953,20.22531509399414,0.00061,43.53890252113342,60.0,124928.0,,1.0191656343069597,,,,,,,,,,,,,,,,,,,,,,,,,,,,,,1.5254085063934326,20.22531509399414,10.11265754699707,,,,,0.5,xent beta=0.5 adamw
,train,,,,,,,xent_beta-0p5_adamw_seed17,xent,adamw,0.5,0.22553256997326962,20.430879592895508,0.00071,48.15399384498596,70.0,145408.0,,0.9419217473473285,,,,,,,,,,,,,,,,,,,,,,,,,,,,,,1.3392236232757568,20.430879592895508,10.215439796447754,,,,,0.5,xent beta=0.5 adamw
,train,,,,,,,xent_beta-0p5_adamw_seed17,xent,adamw,0.5,0.24103055659262945,20.384376525878906,0.0008100000000000001,52.606993198394775,80.0,165888.0,,0.9613588154825998,,,,,,,,,,,,,,,,,,,,,,,,,,,,,,1.1778544187545776,20.384376525878906,10.192188262939453,,,,,0.5,xent beta=0.5 adamw
,train,,,,,,,xent_beta-0p5_adamw_seed17,xent,adamw,0.5,0.160287277251837,20.26974105834961,0.00091,57.231054067611694,90.0,186368.0,,0.8938083516550228,,,,,,,,,,,,,,,,,,,,,,,,,,,,,,1.2527105808258057,20.26974105834961,10.134870529174805,,,,,0.5,xent beta=0.5 adamw
,train,,,,,,,xent_beta-0p5_adamw_seed17,xent,adamw,0.5,0.14974864305362462,20.15463638305664,0.001,61.98481202125549,100.0,206848.0,,0.9677660450254094,,,,,,,,,,,,,,,,,,,,,,,,,,,,,,1.1794898509979248,20.15463638305664,10.07731819152832,,,,,0.5,xent beta=0.5 adamw
,eval,,,,,,,xent_beta-0p5_adamw_seed17,xent,adamw,0.5,,,,61.98788523674011,100.0,,,,0.01883772388100624,10687.2265625,20.09069061279297,2.495619297027588,4.596140384674072,7.739208221435547,,,,4.061602592468262,10846.8623046875,2424411.25,21912.3828125,9.989836692810059,5.266923427581787,0.24994990229606628,0.944522500038147,0.3466796875,0.005012940149754286,0.05859375,8143.873046875,8.891863822937012,4.11316442489624,0.24917352199554443,1.2421875,0.01924363151192665,0.14453125,8.174766540527344,,,,,10.045345306396484,1.1534814834594727,,,0.5,xent beta=0.5 adamw
,train,,,,,,,xent_beta-0p5_adamw_seed17,xent,adamw,0.5,0.14225906677612932,20.093399047851562,0.0009999907511312647,66.47978830337524,110.0,227328.0,,0.9346991760522004,,,,,,,,,,,,,,,,,,,,,,,,,,,,,,1.0997216701507568,20.093399047851562,10.046699523925781,,,,,0.5,xent beta=0.5 adamw
,train,,,,,,,xent_beta-0p5_adamw_seed17,xent,adamw,0.5,0.1981492338732682,20.125978469848633,0.0009999630049052437,71.05319333076477,120.0,247808.0,,1.170713791798174,,,,,,,,,,,,,,,,,,,,,,,,,,,,,,1.0705525875091553,20.125978469848633,10.062989234924316,,,,,0.5,xent beta=0.5 adamw
,train,,,,,,,xent_beta-0p5_adamw_seed17,xent,adamw,0.5,0.18313205604830624,20.16522789001465,0.0009999167624624755,76.03026723861694,130.0,268288.0,,1.1010537878922184,,,,,,,,,,,,,,,,,,,,,,,,,,,,,,1.1256085634231567,20.16522789001465,10.082613945007324,,,,,0.5,xent beta=0.5 adamw
,train,,,,,,,xent_beta-0p5_adamw_seed17,xent,adamw,0.5,0.2399291096263708,19.93054962158203,0.000999852025703806,80.50362825393677,140.0,288768.0,,1.0196973126153248,,,,,,,,,,,,,,,,,,,,,,,,,,,,,,1.1504042148590088,19.93054962158203,9.965274810791016,,,,,0.5,xent beta=0.5 adamw
,train,,,,,,,xent_beta-0p5_adamw_seed17,xent,adamw,0.5,0.19684663131250826,20.009672164916992,0.0009997687972903096,85.09223580360413,150.0,309248.0,,0.9226101144131087,,,,,,,,,,,,,,,,,,,,,,,,,,,,,,1.1312984228134155,20.009672164916992,10.004836082458496,,,,,0.5,xent beta=0.5 adamw
,train,,,,,,,xent_beta-0p5_adamw_seed17,xent,adamw,0.5,0.19472713505510206,20.238418579101562,0.0009996670806431804,89.53029561042786,160.0,329728.0,,0.9675380093062876,,,,,,,,,,,,,,,,,,,,,,,,,,,,,,1.2144885063171387,20.238418579101562,10.119209289550781,,,,,0.5,xent beta=0.5 adamw
,train,,,,,,,xent_beta-0p5_adamw_seed17,xent,adamw,0.5,0.16153018569125302,19.952964782714844,0.0009995468799435915,93.98281812667847,170.0,350208.0,,1.0688544501040589,,,,,,,,,,,,,,,,,,,,,,,,,,,,,,1.0770666599273682,19.952964782714844,9.976482391357422,,,,,0.5,xent beta=0.5 adamw
,train,,,,,,,xent_beta-0p5_adamw_seed17,xent,adamw,0.5,0.14096559803602268,19.798873901367188,0.000999408200132523,98.52327632904053,180.0,370688.0,,0.9765036770210288,,,,,,,,,,,,,,,,,,,,,,,,,,,,,,1.0735633373260498,19.798873901367188,9.899436950683594,,,,,0.5,xent beta=0.5 adamw
,train,,,,,,,xent_beta-0p5_adamw_seed17,xent,adamw,0.5,0.19700100997449266,20.218032836914062,0.0009992510469105584,103.147629737854,190.0,391168.0,,1.2446260804882316,,,,,,,,,,,,,,,,,,,,,,,,,,,,,,1.1200603246688843,20.218032836914062,10.109016418457031,,,,,0.5,xent beta=0.5 adamw
,train,,,,,,,xent_beta-0p5_adamw_seed17,xent,adamw,0.5,0.14323924261336626,19.83462142944336,0.0009990754267376514,107.78208494186401,200.0,411648.0,,1.2527393180491224,,,,,,,,,,,,,,,,,,,,,,,,,,,,,,1.1316485404968262,19.83462142944336,9.91731071472168,,,,,0.5,xent beta=0.5 adamw
,eval,,,,,,,xent_beta-0p5_adamw_seed17,xent,adamw,0.5,,,,107.78520202636719,200.0,,,,0.018406951799988747,10642.048828125,19.967830657958984,2.8261632919311523,4.838089942932129,7.385926723480225,4.452182292938232,0.9871746293996613,0.5046165284737983,3.6984028816223145,10796.806640625,2425667.0,21342.640625,9.960051536560059,5.856986999511719,0.24995172023773193,0.9362096786499023,0.2158203125,0.00546993687748909,0.0849609375,8143.873046875,8.891863822937012,4.11316442489624,0.24917352199554443,1.2421875,0.01924363151192665,0.14453125,7.811567306518555,,,,,9.983915328979492,1.0920519828796387,,,0.5,xent beta=0.5 adamw
,train,,,,,,,xent_beta-0p5_adamw_seed17,xent,adamw,0.5,0.18056613094099816,19.947568893432617,0.0009988813468328594,112.08381462097168,210.0,432128.0,,1.1143170731050394,,,,,,,,,,,,,,,,,,,,,,,,,,,,,,1.1093549728393555,19.947568893432617,9.973784446716309,,,,,0.5,xent beta=0.5 adamw
,train,,,,,,,xent_beta-0p5_adamw_seed17,xent,adamw,0.5,0.188747887188618,19.87548828125,0.0009986688151740468,116.87802720069885,220.0,452608.0,,1.186793872121271,,,,,,,,,,,,,,,,,,,,,,,,,,,,,,1.1000332832336426,19.87548828125,9.937744140625,,,,,0.5,xent beta=0.5 adamw
,train,,,,,,,xent_beta-0p5_adamw_seed17,xent,adamw,0.5,0.3509744706749562,20.40155029296875,0.0009984378404975583,121.42071437835693,230.0,473088.0,,1.168364971616816,,,,,,,,,,,,,,,,,,,,,,,,,,,,,,1.1360740661621094,20.40155029296875,10.200775146484375,,,,,0.5,xent beta=0.5 adamw
,train,,,,,,,xent_beta-0p5_adamw_seed17,xent,adamw,0.5,0.1574270753611127,19.786802291870117,0.0009981884322978576,126.29633355140686,240.0,493568.0,,1.063558372568902,,,,,,,,,,,,,,,,,,,,,,,,,,,,,,1.039083480834961,19.786802291870117,9.893401145935059,,,,,0.5,xent beta=0.5 adamw
,train,,,,,,,xent_beta-0p5_adamw_seed17,xent,adamw,0.5,0.19288390694003418,19.8350887298584,0.0009979206008271391,131.2454710006714,250.0,514048.0,,1.048055761887031,,,,,,,,,,,,,,,,,,,,,,,,,,,,,,1.018388271331787,19.8350887298584,9.9175443649292,,,,,0.5,xent beta=0.5 adamw
,train,,,,,,,xent_beta-0p5_adamw_seed17,xent,adamw,0.5,0.15175931647728355,19.71111297607422,0.0009976343570949058,136.1363160610199,260.0,534528.0,,0.988851825754346,,,,,,,,,,,,,,,,,,,,,,,,,,,,,,1.058548927307129,19.71111297607422,9.85555648803711,,,,,0.5,xent beta=0.5 adamw
,train,,,,,,,xent_beta-0p5_adamw_seed17,xent,adamw,0.5,0.12757752823177787,19.92538833618164,0.0009973297128675162,140.6983585357666,270.0,555008.0,,1.062786717307502,,,,,,,,,,,,,,,,,,,,,,,,,,,,,,1.0652720928192139,19.92538833618164,9.96269416809082,,,,,0.5,xent beta=0.5 adamw
,train,,,,,,,xent_beta-0p5_adamw_seed17,xent,adamw,0.5,0.11492487817379109,19.81826400756836,0.0009970066806677012,145.41280364990234,280.0,575488.0,,1.0313028261455743,,,,,,,,,,,,,,,,,,,,,,,,,,,,,,1.0170619487762451,19.81826400756836,9.90913200378418,,,,,0.5,xent beta=0.5 adamw
,train,,,,,,,xent_beta-0p5_adamw_seed17,xent,adamw,0.5,0.1280863367416472,19.726295471191406,0.0009966652737740493,150.17433714866638,290.0,595968.0,,1.0252855254618318,,,,,,,,,,,,,,,,,,,,,,,,,,,,,,0.9351779222488403,19.726295471191406,9.863147735595703,,,,,0.5,xent beta=0.5 adamw
,train,,,,,,,xent_beta-0p5_adamw_seed17,xent,adamw,0.5,0.13733015397170834,19.705873489379883,0.0009963055062204608,155.0973379611969,300.0,616448.0,,1.1985734319008654,,,,,,,,,,,,,,,,,,,,,,,,,,,,,,1.0109151601791382,19.705873489379883,9.852936744689941,,,,,0.5,xent beta=0.5 adamw
,eval,,,,,,,xent_beta-0p5_adamw_seed17,xent,adamw,0.5,,,,155.10020303726196,300.0,,,,0.01834728755056858,10585.3876953125,19.926855087280273,2.798762321472168,4.818417549133301,7.336758613586426,,,,3.659245729446411,10735.9365234375,2426072.0,20715.33203125,9.926102638244629,5.643529891967773,0.24994400143623352,0.9283987283706665,0.1142578125,0.006241125985980034,0.08984375,8143.873046875,8.891863822937012,4.11316442489624,0.24917352199554443,1.2421875,0.01924363151192665,0.14453125,7.7724103927612305,,,,,9.963427543640137,1.071563482284546,,,0.5,xent beta=0.5 adamw
,train,,,,,,,xent_beta-0p5_adamw_seed17,xent,adamw,0.5,0.8461865788878205,20.440799713134766,0.0009959273927955706,159.95215392112732,310.0,636928.0,,1.4159347933460344,,,,,,,,,,,,,,,,,,,,,,,,,,,,,,1.328397512435913,20.440799713134766,10.220399856567383,,,,,0.5,xent beta=0.5 adamw
,train,,,,,,,xent_beta-0p5_adamw_seed17,xent,adamw,0.5,0.23554993989876377,20.248550415039062,0.000995530949042141,164.90150022506714,320.0,657408.0,,1.4787274460321012,,,,,,,,,,,,,,,,,,,,,,,,,,,,,,1.462498664855957,20.248550415039062,10.124275207519531,,,,,0.5,xent beta=0.5 adamw
,train,,,,,,,xent_beta-0p5_adamw_seed17,xent,adamw,0.5,0.15897534604197688,19.82687759399414,0.0009951161912564212,169.55994415283203,330.0,677888.0,,1.1581845353098492,,,,,,,,,,,,,,,,,,,,,,,,,,,,,,1.0346430540084839,19.82687759399414,9.91343879699707,,,,,0.5,xent beta=0.5 adamw
,train,,,,,,,xent_beta-0p5_adamw_seed17,xent,adamw,0.5,0.13250956667560726,19.830678939819336,0.00099468313648748,174.28117847442627,340.0,698368.0,,1.10159944506134,,,,,,,,,,,,,,,,,,,,,,,,,,,,,,1.0394201278686523,19.830678939819336,9.915339469909668,,,,,0.5,xent beta=0.5 adamw
,train,,,,,,,xent_beta-0p5_adamw_seed17,xent,adamw,0.5,0.21916257788698945,20.00935935974121,0.0009942318025365027,178.99606275558472,350.0,718848.0,,1.18175712735067,,,,,,,,,,,,,,,,,,,,,,,,,,,,,,1.0400848388671875,20.00935935974121,10.004679679870605,,,,,0.5,xent beta=0.5 adamw
,train,,,,,,,xent_beta-0p5_adamw_seed17,xent,adamw,0.5,0.1674311784120543,19.956340789794922,0.0009937622079560597,183.55857849121094,360.0,739328.0,,1.109081577123243,,,,,,,,,,,,,,,,,,,,,,,,,,,,,,1.1759223937988281,19.956340789794922,9.978170394897461,,,,,0.5,xent beta=0.5 adamw
,train,,,,,,,xent_beta-0p5_adamw_seed17,xent,adamw,0.5,0.1365844068135213,19.866579055786133,0.0009932743720493455,188.25217819213867,370.0,759808.0,,0.9848458958062326,,,,,,,,,,,,,,,,,,,,,,,,,,,,,,1.1378321647644043,19.866579055786133,9.933289527893066,,,,,0.5,xent beta=0.5 adamw
,train,,,,,,,xent_beta-0p5_adamw_seed17,xent,adamw,0.5,0.15027930544938892,19.54737091064453,0.0009927683148693834,192.52083945274353,380.0,780288.0,,1.0801157712515066,,,,,,,,,,,,,,,,,,,,,,,,,,,,,,0.9973669648170471,19.54737091064453,9.773685455322266,,,,,0.5,xent beta=0.5 adamw
,train,,,,,,,xent_beta-0p5_adamw_seed17,xent,adamw,0.5,0.19895197627496733,20.153480529785156,0.0009922440572182017,197.22106671333313,390.0,800768.0,,1.1649902247644723,,,,,,,,,,,,,,,,,,,,,,,,,,,,,,1.0168553590774536,20.153480529785156,10.076740264892578,,,,,0.5,xent beta=0.5 adamw
,train,,,,,,,xent_beta-0p5_adamw_seed17,xent,adamw,0.5,0.1243441074743348,19.980182647705078,0.0009917016206459795,202.18518471717834,400.0,821248.0,,1.2851866914591714,,,,,,,,,,,,,,,,,,,,,,,,,,,,,,0.9629577398300171,19.980182647705078,9.990091323852539,,,,,0.5,xent beta=0.5 adamw
,eval,,,,,,,xent_beta-0p5_adamw_seed17,xent,adamw,0.5,,,,202.18820023536682,400.0,,,,0.018349234014749527,10550.9267578125,19.932632446289062,2.783207893371582,4.915630340576172,7.352424621582031,4.367061138153076,0.987273037432637,0.49470889631354253,3.651226043701172,10706.2939453125,2426388.25,21635.0546875,9.969493865966797,5.870875358581543,0.24994909763336182,0.938213586807251,0.095703125,0.005742274224758148,0.0869140625,8143.873046875,8.891863822937012,4.11316442489624,0.24917352199554443,1.2421875,0.01924363151192665,0.14453125,7.764389991760254,,,,,9.966316223144531,1.0744521617889404,,,0.5,xent beta=0.5 adamw
,train,,,,,,,xent_beta-0p5_adamw_seed17,xent,adamw,0.5,0.11800537789016845,19.635147094726562,0.0009911410274501594,207.0646162033081,410.0,841728.0,,1.1174984304021616,,,,,,,,,,,,,,,,,,,,,,,,,,,,,,0.9264141917228699,19.635147094726562,9.817573547363281,,,,,0.5,xent beta=0.5 adamw
,train,,,,,,,xent_beta-0p5_adamw_seed17,xent,adamw,0.5,0.17262358969682456,19.46129608154297,0.0009905623006745319,211.51952648162842,420.0,862208.0,,1.189084304833576,,,,,,,,,,,,,,,,,,,,,,,,,,,,,,0.9178571105003357,19.46129608154297,9.730648040771484,,,,,0.5,xent beta=0.5 adamw
,train,,,,,,,xent_beta-0p5_adamw_seed17,xent,adamw,0.5,0.14545457625723113,19.791202545166016,0.0009899654641082882,216.51643252372742,430.0,882688.0,,1.1561614511769156,,,,,,,,,,,,,,,,,,,,,,,,,,,,,,1.0094423294067383,19.791202545166016,9.895601272583008,,,,,0.5,xent beta=0.5 adamw
,train,,,,,,,xent_beta-0p5_adamw_seed17,xent,adamw,0.5,0.15313359287316064,19.827877044677734,0.000989350542285042,221.28536581993103,440.0,903168.0,,1.1156067800157985,,,,,,,,,,,,,,,,,,,,,,,,,,,,,,1.0347039699554443,19.827877044677734,9.913938522338867,,,,,0.5,xent beta=0.5 adamw
,train,,,,,,,xent_beta-0p5_adamw_seed17,xent,adamw,0.5,0.11982887109163447,19.847789764404297,0.0009887175604818205,226.10323405265808,450.0,923648.0,,1.0851596896560247,,,,,,,,,,,,,,,,,,,,,,,,,,,,,,1.0066901445388794,19.847789764404297,9.923894882202148,,,,,0.5,xent beta=0.5 adamw
,train,,,,,,,xent_beta-0p5_adamw_seed17,xent,adamw,0.5,0.11415862268433676,19.839258193969727,0.000988066544718027,230.92429041862488,460.0,944128.0,,1.0979044433945513,,,,,,,,,,,,,,,,,,,,,,,,,,,,,,0.9223402738571167,19.839258193969727,9.919629096984863,,,,,0.5,xent beta=0.5 adamw
,train,,,,,,,xent_beta-0p5_adamw_seed17,xent,adamw,0.5,0.20954334881757503,19.921398162841797,0.0009873975217543696,235.77979445457458,470.0,964608.0,,1.6328598195464243,,,,,,,,,,,,,,,,,,,,,,,,,,,,,,1.0153217315673828,19.921398162841797,9.960699081420898,,,,,0.5,xent beta=0.5 adamw
,train,,,,,,,xent_beta-0p5_adamw_seed17,xent,adamw,0.5,0.15573121737227644,19.856157302856445,0.0009867105190917618,240.76388502120972,480.0,985088.0,,1.3058136953002515,,,,,,,,,,,,,,,,,,,,,,,,,,,,,,0.9892462491989136,19.856157302856445,9.928078651428223,,,,,0.5,xent beta=0.5 adamw
,train,,,,,,,xent_beta-0p5_adamw_seed17,xent,adamw,0.5,0.14329254179382195,19.821788787841797,0.0009860055649701918,245.61512851715088,490.0,1005568.0,,1.1422789592087021,,,,,,,,,,,,,,,,,,,,,,,,,,,,,,1.0418596267700195,19.821788787841797,9.910894393920898,,,,,0.5,xent beta=0.5 adamw
,train,,,,,,,xent_beta-0p5_adamw_seed17,xent,adamw,0.5,0.13010349923220454,19.694076538085938,0.0009852826883675633,250.22637033462524,500.0,1026048.0,,1.1081316313878504,,,,,,,,,,,,,,,,,,,,,,,,,,,,,,1.0147695541381836,19.694076538085938,9.847038269042969,,,,,0.5,xent beta=0.5 adamw
,eval,,,,,,,xent_beta-0p5_adamw_seed17,xent,adamw,0.5,,,,250.22900319099426,500.0,,,,0.0181878674775362,10538.2919921875,19.746713638305664,2.4090096950531006,4.558199405670166,6.955905914306641,,,,3.34683895111084,10686.1689453125,2427021.25,20385.99609375,9.901496887207031,5.628135681152344,0.24992704391479492,0.9275499582290649,0.2314453125,0.00653026532381773,0.0986328125,8143.873046875,8.891863822937012,4.11316442489624,0.24917352199554443,1.2421875,0.01924363151192665,0.14453125,7.460002899169922,,,,,9.873356819152832,0.9814930558204651,,,0.5,xent beta=0.5 adamw
,train,,,,,,,xent_beta-0p5_adamw_seed17,xent,adamw,0.5,0.20396635053265225,19.956613540649414,0.0009845419189985014,255.05780172348022,510.0,1046528.0,,1.118756830717923,,,,,,,,,,,,,,,,,,,,,,,,,,,,,,0.974955677986145,19.956613540649414,9.978306770324707,,,,,0.5,xent beta=0.5 adamw
,train,,,,,,,xent_beta-0p5_adamw_seed17,xent,adamw,0.5,0.31791620170390394,19.90435218811035,0.000983783287313134,259.7568986415863,520.0,1067008.0,,1.9633966740375712,,,,,,,,,,,,,,,,,,,,,,,,,,,,,,1.4646650552749634,19.90435218811035,9.952176094055176,,,,,0.5,xent beta=0.5 adamw
,train,,,,,,,xent_beta-0p5_adamw_seed17,xent,adamw,0.5,1.5350425014945124,21.241741180419922,0.000983006824495838,264.73813939094543,530.0,1087488.0,,2.535329626885545,,,,,,,,,,,,,,,,,,,,,,,,,,,,,,4.241019248962402,21.241741180419922,10.620870590209961,,,,,0.5,xent beta=0.5 adamw
,train,,,,,,,xent_beta-0p5_adamw_seed17,xent,adamw,0.5,0.5911753082029487,20.933324813842773,0.0009822125624639588,269.53924655914307,540.0,1107968.0,,2.64325981398723,,,,,,,,,,,,,,,,,,,,,,,,,,,,,,1.5356225967407227,20.933324813842773,10.466662406921387,,,,,0.5,xent beta=0.5 adamw
,train,,,,,,,xent_beta-0p5_adamw_seed17,xent,adamw,0.5,0.2530765060843954,19.798425674438477,0.0009814005338664973,274.2458894252777,550.0,1128448.0,,1.6806871416156393,,,,,,,,,,,,,,,,,,,,,,,,,,,,,,1.2706360816955566,19.798425674438477,9.899212837219238,,,,,0.5,xent beta=0.5 adamw
,train,,,,,,,xent_beta-0p5_adamw_seed17,xent,adamw,0.5,0.17258474694412482,20.040254592895508,0.0009805707720827689,279.11636567115784,560.0,1148928.0,,1.1772409475887797,,,,,,,,,,,,,,,,,,,,,,,,,,,,,,1.100717544555664,20.040254592895508,10.020127296447754,,,,,0.5,xent beta=0.5 adamw
,train,,,,,,,xent_beta-0p5_adamw_seed17,xent,adamw,0.5,0.17683154444470006,19.739822387695312,0.0009797233112210308,284.04034447669983,570.0,1169408.0,,0.9675005808874416,,,,,,,,,,,,,,,,,,,,,,,,,,,,,,1.0759189128875732,19.739822387695312,9.869911193847656,,,,,0.5,xent beta=0.5 adamw
,train,,,,,,,xent_beta-0p5_adamw_seed17,xent,adamw,0.5,0.16275440443751354,20.04733657836914,0.0009788581861170792,288.5839114189148,580.0,1189888.0,,0.9008560226488695,,,,,,,,,,,,,,,,,,,,,,,,,,,,,,1.106365442276001,20.04733657836914,10.02366828918457,,,,,0.5,xent beta=0.5 adamw
,train,,,,,,,xent_beta-0p5_adamw_seed17,xent,adamw,0.5,0.1498947492813411,19.57386016845703,0.0009779754323328191,293.29395270347595,590.0,1210368.0,,1.0344518109903886,,,,,,,,,,,,,,,,,,,,,,,,,,,,,,0.9632478952407837,19.57386016845703,9.786930084228516,,,,,0.5,xent beta=0.5 adamw
,train,,,,,,,xent_beta-0p5_adamw_seed17,xent,adamw,0.5,0.14703141017609525,19.744150161743164,0.000977075086154801,297.879821062088,600.0,1230848.0,,0.9948798574324403,,,,,,,,,,,,,,,,,,,,,,,,,,,,,,1.0423330068588257,19.744150161743164,9.872075080871582,,,,,0.5,xent beta=0.5 adamw
,eval,,,,,,,xent_beta-0p5_adamw_seed17,xent,adamw,0.5,,,,297.88253021240234,600.0,,,,0.018212690949440002,10531.828125,19.780126571655273,2.5862865447998047,4.691062927246094,7.038613319396973,3.6027703285217285,0.9819999933232977,0.4592762339973346,3.4010329246520996,10681.6162109375,2427479.25,20660.1875,9.920634269714355,5.58591365814209,0.2499348223209381,0.9268442392349243,0.1630859375,0.0062450142577290535,0.0947265625,8143.873046875,8.891863822937012,4.11316442489624,0.24917352199554443,1.2421875,0.01924363151192665,0.14453125,7.51419734954834,,,,,9.890063285827637,0.9981998801231384,,,0.5,xent beta=0.5 adamw
,train,,,,,,,xent_beta-0p5_adamw_seed17,xent,adamw,0.5,0.13140952103707743,19.79098129272461,0.0009761571845927296,302.7581865787506,610.0,1251328.0,,0.8374043499768924,,,,,,,,,,,,,,,,,,,,,,,,,,,,,,1.0654577016830444,19.79098129272461,9.895490646362305,,,,,0.5,xent beta=0.5 adamw
,train,,,,,,,xent_beta-0p5_adamw_seed17,xent,adamw,0.5,0.1327658374548842,19.653881072998047,0.0009752217653779432,307.7569034099579,620.0,1271808.0,,0.8450706063523561,,,,,,,,,,,,,,,,,,,,,,,,,,,,,,0.9986699819564819,19.653881072998047,9.826940536499023,,,,,0.5,xent beta=0.5 adamw
,train,,,,,,,xent_beta-0p5_adamw_seed17,xent,adamw,0.5,0.1520478297661768,19.725345611572266,0.0009742688669618618,312.9151964187622,630.0,1292288.0,,0.8723259728033288,,,,,,,,,,,,,,,,,,,,,,,,,,,,,,1.019073486328125,19.725345611572266,9.862672805786133,,,,,0.5,xent beta=0.5 adamw
,train,,,,,,,xent_beta-0p5_adamw_seed17,xent,adamw,0.5,0.12164498168654499,19.654766082763672,0.0009732985285144072,317.78347420692444,640.0,1312768.0,,0.931060072321388,,,,,,,,,,,,,,,,,,,,,,,,,,,,,,1.0130521059036255,19.654766082763672,9.827383041381836,,,,,0.5,xent beta=0.5 adamw
,train,,,,,,,xent_beta-0p5_adamw_seed17,xent,adamw,0.5,0.12873333366485235,19.882568359375,0.0009723107899223921,322.6576976776123,650.0,1333248.0,,0.9506743547096437,,,,,,,,,,,,,,,,,,,,,,,,,,,,,,1.033253788948059,19.882568359375,9.9412841796875,,,,,0.5,xent beta=0.5 adamw
,train,,,,,,,xent_beta-0p5_adamw_seed17,xent,adamw,0.5,0.1304000859115322,19.906925201416016,0.0009713056917878818,327.51085114479065,660.0,1353728.0,,1.0054066416327563,,,,,,,,,,,,,,,,,,,,,,,,,,,,,,0.9100608229637146,19.906925201416016,9.953462600708008,,,,,0.5,xent beta=0.5 adamw
,train,,,,,,,xent_beta-0p5_adamw_seed17,xent,adamw,0.5,0.12236766436325348,19.807056427001953,0.0009702832754265236,332.17311668395996,670.0,1374208.0,,0.9592236034516513,,,,,,,,,,,,,,,,,,,,,,,,,,,,,,0.9616025686264038,19.807056427001953,9.903528213500977,,,,,0.5,xent beta=0.5 adamw
,train,,,,,,,xent_beta-0p5_adamw_seed17,xent,adamw,0.5,0.10823039931108754,19.809003829956055,0.0009692435828658494,337.09722232818604,680.0,1394688.0,,1.0976969922429936,,,,,,,,,,,,,,,,,,,,,,,,,,,,,,0.9686754941940308,19.809003829956055,9.904501914978027,,,,,0.5,xent beta=0.5 adamw
,train,,,,,,,xent_beta-0p5_adamw_seed17,xent,adamw,0.5,0.2019993793549726,19.45078468322754,0.0009681866568435483,341.9846694469452,690.0,1415168.0,,1.074374610175984,,,,,,,,,,,,,,,,,,,,,,,,,,,,,,1.155756950378418,19.45078468322754,9.72539234161377,,,,,0.5,xent beta=0.5 adamw
,train,,,,,,,xent_beta-0p5_adamw_seed17,xent,adamw,0.5,0.14514728570686047,19.601707458496094,0.0009671125408057098,346.57789373397827,700.0,1435648.0,,1.1225076147696342,,,,,,,,,,,,,,,,,,,,,,,,,,,,,,0.990246057510376,19.601707458496094,9.800853729248047,,,,,0.5,xent beta=0.5 adamw
,eval,,,,,,,xent_beta-0p5_adamw_seed17,xent,adamw,0.5,,,,346.58027601242065,700.0,,,,0.018109168857336044,10553.150390625,19.72930335998535,2.2145934104919434,4.53795051574707,6.848875999450684,,,,3.209902763366699,10707.3310546875,2427682.25,21259.818359375,9.944049835205078,6.044716835021973,0.249940425157547,0.9509150981903076,0.251953125,0.005156315863132477,0.103515625,8143.873046875,8.891863822937012,4.11316442489624,0.24917352199554443,1.2421875,0.01924363151192665,0.14453125,7.323067665100098,,,,,9.864651679992676,0.9727881550788879,,,0.5,xent beta=0.5 adamw
,train,,,,,,,xent_beta-0p5_adamw_seed17,xent,adamw,0.5,0.12629537451255837,19.68791961669922,0.0009660212789050366,351.5196888446808,710.0,1456128.0,,1.0864157081146064,,,,,,,,,,,,,,,,,,,,,,,,,,,,,,0.9890532493591309,19.68791961669922,9.84395980834961,,,,,0.5,xent beta=0.5 adamw
,train,,,,,,,xent_beta-0p5_adamw_seed17,xent,adamw,0.5,0.14382565566221917,19.52618980407715,0.0009649129159990318,356.52332186698914,720.0,1476608.0,,1.113984421697411,,,,,,,,,,,,,,,,,,,,,,,,,,,,,,0.939436137676239,19.52618980407715,9.763094902038574,,,,,0.5,xent beta=0.5 adamw
,train,,,,,,,xent_beta-0p5_adamw_seed17,xent,adamw,0.5,0.16208803499639315,19.871179580688477,0.0009637874976481528,361.41412568092346,730.0,1497088.0,,1.1893425207477069,,,,,,,,,,,,,,,,,,,,,,,,,,,,,,1.0053895711898804,19.871179580688477,9.935589790344238,,,,,0.5,xent beta=0.5 adamw
,train,,,,,,,xent_beta-0p5_adamw_seed17,xent,adamw,0.5,0.32144874515325494,20.45819091796875,0.0009626450701139403,366.24867606163025,740.0,1517568.0,,1.521052711974064,,,,,,,,,,,,,,,,,,,,,,,,,,,,,,1.264940619468689,20.45819091796875,10.229095458984375,,,,,0.5,xent beta=0.5 adamw
,train,,,,,,,xent_beta-0p5_adamw_seed17,xent,adamw,0.5,0.16680629983643783,19.76152992248535,0.0009614856803571156,371.0449311733246,750.0,1538048.0,,1.243174931380349,,,,,,,,,,,,,,,,,,,,,,,,,,,,,,0.9956221580505371,19.76152992248535,9.880764961242676,,,,,0.5,xent beta=0.5 adamw
,train,,,,,,,xent_beta-0p5_adamw_seed17,xent,adamw,0.5,0.15931855553105093,19.455698013305664,0.0009603093760356507,375.882506608963,760.0,1558528.0,,1.079203847167921,,,,,,,,,,,,,,,,,,,,,,,,,,,,,,0.902794599533081,19.455698013305664,9.727849006652832,,,,,0.5,xent beta=0.5 adamw
,train,,,,,,,xent_beta-0p5_adamw_seed17,xent,adamw,0.5,0.1600468470418287,19.864912033081055,0.0009591162055028088,380.7244026660919,770.0,1579008.0,,1.0602782457885664,,,,,,,,,,,,,,,,,,,,,,,,,,,,,,0.9677984714508057,19.864912033081055,9.932456016540527,,,,,0.5,xent beta=0.5 adamw
,train,,,,,,,xent_beta-0p5_adamw_seed17,xent,adamw,0.5,0.11676652341891937,19.6369686126709,0.0009579062178051572,385.6970019340515,780.0,1599488.0,,0.9842289309052569,,,,,,,,,,,,,,,,,,,,,,,,,,,,,,0.9820703268051147,19.6369686126709,9.81848430633545,,,,,0.5,xent beta=0.5 adamw
,train,,,,,,,xent_beta-0p5_adamw_seed17,xent,adamw,0.5,0.11308698042866439,19.547212600708008,0.0009566794626805511,389.91384768486023,790.0,1619968.0,,0.9403202489396437,,,,,,,,,,,,,,,,,,,,,,,,,,,,,,0.9560858011245728,19.547212600708008,9.773606300354004,,,,,0.5,xent beta=0.5 adamw
,train,,,,,,,xent_beta-0p5_adamw_seed17,xent,adamw,0.5,0.19221317955449058,19.649333953857422,0.0009554359905560886,394.55177760124207,800.0,1640448.0,,0.9823891242263626,,,,,,,,,,,,,,,,,,,,,,,,,,,,,,0.9395149946212769,19.649333953857422,9.824666976928711,,,,,0.5,xent beta=0.5 adamw
,eval,,,,,,,xent_beta-0p5_adamw_seed17,xent,adamw,0.5,,,,394.5542356967926,800.0,,,,0.018124746158719063,10545.005859375,19.71686363220215,2.3266282081604004,4.480099201202393,6.834924697875977,3.675288677215576,0.9845448713942304,0.4626730978484361,3.206526756286621,10693.51953125,2428517.25,20212.10546875,9.895101547241211,5.8101396560668945,0.24993255734443665,0.9342269897460938,0.220703125,0.00617217505350709,0.0947265625,8143.873046875,8.891863822937012,4.11316442489624,0.24917352199554443,1.2421875,0.01924363151192665,0.14453125,7.319691181182861,,,,,9.858431816101074,0.9665682911872864,,,0.5,xent beta=0.5 adamw
,train,,,,,,,xent_beta-0p5_adamw_seed17,xent,adamw,0.5,0.11907900709734123,19.615673065185547,0.0009541758525460386,399.40014719963074,810.0,1660928.0,,1.193674849904444,,,,,,,,,,,,,,,,,,,,,,,,,,,,,,0.8634301424026489,19.615673065185547,9.807836532592773,,,,,0.5,xent beta=0.5 adamw
,train,,,,,,,xent_beta-0p5_adamw_seed17,xent,adamw,0.5,0.1226233761475234,19.867469787597656,0.0009528991004497389,404.4816949367523,820.0,1681408.0,,1.1453401729313666,,,,,,,,,,,,,,,,,,,,,,,,,,,,,,1.0132403373718262,19.867469787597656,9.933734893798828,,,,,0.5,xent beta=0.5 adamw
,train,,,,,,,xent_beta-0p5_adamw_seed17,xent,adamw,0.5,0.1325801942465606,19.62354278564453,0.0009516057867494678,409.32117915153503,830.0,1701888.0,,1.1728374826110126,,,,,,,,,,,,,,,,,,,,,,,,,,,,,,0.9553095102310181,19.62354278564453,9.811771392822266,,,,,0.5,xent beta=0.5 adamw
,train,,,,,,,xent_beta-0p5_adamw_seed17,xent,adamw,0.5,0.16213230267208684,19.562374114990234,0.0009502959646082854,414.04780316352844,840.0,1722368.0,,1.1472374372322147,,,,,,,,,,,,,,,,,,,,,,,,,,,,,,0.954914927482605,19.562374114990234,9.781187057495117,,,,,0.5,xent beta=0.5 adamw
,train,,,,,,,xent_beta-0p5_adamw_seed17,xent,adamw,0.5,0.21808018255399544,19.604915618896484,0.0009489696878678501,418.84024691581726,850.0,1742848.0,,1.2800407003769132,,,,,,,,,,,,,,,,,,,,,,,,,,,,,,0.9866064786911011,19.604915618896484,9.802457809448242,,,,,0.5,xent beta=0.5 adamw
,train,,,,,,,xent_beta-0p5_adamw_seed17,xent,adamw,0.5,0.17781912063873448,20.07497787475586,0.0009476270110462038,423.6433517932892,860.0,1763328.0,,1.2763837076111937,,,,,,,,,,,,,,,,,,,,,,,,,,,,,,1.016963243484497,20.07497787475586,10.03748893737793,,,,,0.5,xent beta=0.5 adamw
,train,,,,,,,xent_beta-0p5_adamw_seed17,xent,adamw,0.5,0.16398248229225976,19.779422760009766,0.0009462679893355321,428.03975200653076,870.0,1783808.0,,1.2477891901547329,,,,,,,,,,,,,,,,,,,,,,,,,,,,,,1.0047228336334229,19.779422760009766,9.889711380004883,,,,,0.5,xent beta=0.5 adamw
,train,,,,,,,xent_beta-0p5_adamw_seed17,xent,adamw,0.5,0.15502804997712108,19.676118850708008,0.0009448926785998944,432.8632152080536,880.0,1804288.0,,1.1124244078708987,,,,,,,,,,,,,,,,,,,,,,,,,,,,,,1.0308363437652588,19.676118850708008,9.838059425354004,,,,,0.5,xent beta=0.5 adamw
,train,,,,,,,xent_beta-0p5_adamw_seed17,xent,adamw,0.5,0.14096182740378288,19.895727157592773,0.0009435011353729281,437.8594801425934,890.0,1824768.0,,1.091528816498591,,,,,,,,,,,,,,,,,,,,,,,,,,,,,,1.0110939741134644,19.895727157592773,9.947863578796387,,,,,0.5,xent beta=0.5 adamw
,train,,,,,,,xent_beta-0p5_adamw_seed17,xent,adamw,0.5,0.12826096480363855,19.78371810913086,0.0009420934168555253,442.6158528327942,900.0,1845248.0,,1.0903452615849372,,,,,,,,,,,,,,,,,,,,,,,,,,,,,,0.9980176687240601,19.78371810913086,9.89185905456543,,,,,0.5,xent beta=0.5 adamw
,eval,,,,,,,xent_beta-0p5_adamw_seed17,xent,adamw,0.5,,,,442.6185712814331,900.0,,,,0.018182653933763504,10526.8125,19.723615646362305,2.5356969833374023,4.5473222732543945,6.9554033279418945,,,,3.3057141304016113,10670.7841796875,2428833.0,19482.806640625,9.85460376739502,5.438482284545898,0.24991634488105774,0.9144291877746582,0.1943359375,0.007264269050210714,0.103515625,8143.873046875,8.891863822937012,4.11316442489624,0.24917352199554443,1.2421875,0.01924363151192665,0.14453125,7.418878555297852,,,,,9.861807823181152,0.9699435234069824,,,0.5,xent beta=0.5 adamw
,train,,,,,,,xent_beta-0p5_adamw_seed17,xent,adamw,0.5,0.12835373214553908,19.67713165283203,0.0009406695809134803,447.4243061542511,910.0,1865728.0,,1.0759973141497614,,,,,,,,,,,,,,,,,,,,,,,,,,,,,,1.0472662448883057,19.67713165283203,9.838565826416016,,,,,0.5,xent beta=0.5 adamw
,train,,,,,,,xent_beta-0p5_adamw_seed17,xent,adamw,0.5,0.15948327993991857,20.009122848510742,0.0009392296860751121,452.0584170818329,920.0,1886208.0,,1.1011499755637106,,,,,,,,,,,,,,,,,,,,,,,,,,,,,,0.9724717140197754,20.009122848510742,10.004561424255371,,,,,0.5,xent beta=0.5 adamw
,train,,,,,,,xent_beta-0p5_adamw_seed17,xent,adamw,0.5,0.11260575148995591,19.57363510131836,0.0009377737915288578,457.3977460861206,930.0,1906688.0,,1.1100765159391595,,,,,,,,,,,,,,,,,,,,,,,,,,,,,,0.9128790497779846,19.57363510131836,9.78681755065918,,,,,0.5,xent beta=0.5 adamw
,train,,,,,,,xent_beta-0p5_adamw_seed17,xent,adamw,0.5,0.14703518532592597,19.664749145507812,0.0009363019571208398,462.4590849876404,940.0,1927168.0,,1.0732439787568044,,,,,,,,,,,,,,,,,,,,,,,,,,,,,,1.132803201675415,19.664749145507812,9.832374572753906,,,,,0.5,xent beta=0.5 adamw
,train,,,,,,,xent_beta-0p5_adamw_seed17,xent,adamw,0.5,0.20132759857767984,19.310026168823242,0.0009348142433524058,467.3704180717468,950.0,1947648.0,,1.1844066417302899,,,,,,,,,,,,,,,,,,,,,,,,,,,,,,0.9729393720626831,19.310026168823242,9.655013084411621,,,,,0.5,xent beta=0.5 adamw
,train,,,,,,,xent_beta-0p5_adamw_seed17,xent,adamw,0.5,0.20280580540275897,20.0439510345459,0.000933310711377642,472.1678113937378,960.0,1968128.0,,1.4727366861439493,,,,,,,,,,,,,,,,,,,,,,,,,,,,,,1.375412940979004,20.0439510345459,10.02197551727295,,,,,0.5,xent beta=0.5 adamw
,train,,,,,,,xent_beta-0p5_adamw_seed17,xent,adamw,0.5,0.18626582820154705,19.6474666595459,0.0009317914230008586,476.5046317577362,970.0,1988608.0,,1.1470089337053786,,,,,,,,,,,,,,,,,,,,,,,,,,,,,,1.014547348022461,19.6474666595459,9.82373332977295,,,,,0.5,xent beta=0.5 adamw
,train,,,,,,,xent_beta-0p5_adamw_seed17,xent,adamw,0.5,0.16137974106016478,19.60456085205078,0.0009302564406740506,481.1505320072174,980.0,2009088.0,,1.1206458951653258,,,,,,,,,,,,,,,,,,,,,,,,,,,,,,0.9568042755126953,19.60456085205078,9.80228042602539,,,,,0.5,xent beta=0.5 adamw
,train,,,,,,,xent_beta-0p5_adamw_seed17,xent,adamw,0.5,0.16623065512950122,19.873498916625977,0.000928705827494329,485.96000242233276,990.0,2029568.0,,1.0497081943976223,,,,,,,,,,,,,,,,,,,,,,,,,,,,,,0.9633649587631226,19.873498916625977,9.936749458312988,,,,,0.5,xent beta=0.5 adamw
,train,,,,,,,xent_beta-0p5_adamw_seed17,xent,adamw,0.5,0.16418825686727237,19.761520385742188,0.0009271396472013282,490.67308044433594,1000.0,2050048.0,,1.155718196048595,,,,,,,,,,,,,,,,,,,,,,,,,,,,,,1.0175710916519165,19.761520385742188,9.880760192871094,,,,,0.5,xent beta=0.5 adamw
,eval,,,,,,,xent_beta-0p5_adamw_seed17,xent,adamw,0.5,,,,490.67543840408325,1000.0,,,,0.018126294016838074,10516.4482421875,19.65584945678711,2.299966812133789,4.396233558654785,6.831560134887695,3.7584946155548096,0.985440850256888,0.46885818614219194,3.169888496398926,10659.8095703125,2429403.0,19405.22265625,9.856521606445312,5.496187210083008,0.24991938471794128,0.9291320443153381,0.181640625,0.006750604137778282,0.103515625,8143.873046875,8.891863822937012,4.11316442489624,0.24917352199554443,1.2421875,0.01924363151192665,0.14453125,7.283052444458008,,,,,9.827924728393555,0.9360618591308594,,,0.5,xent beta=0.5 adamw
,train,,,,,,,xent_beta-0p5_adamw_seed17,xent,adamw,0.5,0.16914050517529675,19.524066925048828,0.0009255579641745861,495.4551203250885,1010.0,2070528.0,,1.0409513637736116,,,,,,,,,,,,,,,,,,,,,,,,,,,,,,0.9444165825843811,19.524066925048828,9.762033462524414,,,,,0.5,xent beta=0.5 adamw
,train,,,,,,,xent_beta-0p5_adamw_seed17,xent,adamw,0.5,0.18780047362498262,20.051788330078125,0.0009239608434308968,500.40953159332275,1020.0,2091008.0,,1.3736576484766385,,,,,,,,,,,,,,,,,,,,,,,,,,,,,,1.2190440893173218,20.051788330078125,10.025894165039062,,,,,0.5,xent beta=0.5 adamw
,train,,,,,,,xent_beta-0p5_adamw_seed17,xent,adamw,0.5,0.3206031189519958,19.978595733642578,0.0009223483506216384,505.07431960105896,1030.0,2111488.0,,1.5964487774686793,,,,,,,,,,,,,,,,,,,,,,,,,,,,,,1.208367109298706,19.978595733642578,9.989297866821289,,,,,0.5,xent beta=0.5 adamw
,train,,,,,,,xent_beta-0p5_adamw_seed17,xent,adamw,0.5,0.23212708892093614,20.001928329467773,0.0009207205520300746,509.79010343551636,1040.0,2131968.0,,1.4083918291884199,,,,,,,,,,,,,,,,,,,,,,,,,,,,,,1.0970370769500732,20.001928329467773,10.000964164733887,,,,,0.5,xent beta=0.5 adamw
,train,,,,,,,xent_beta-0p5_adamw_seed17,xent,adamw,0.5,0.11329606820320218,19.625591278076172,0.0009190775145686302,514.569634437561,1050.0,2152448.0,,1.1478595080409986,,,,,,,,,,,,,,,,,,,,,,,,,,,,,,0.9625515937805176,19.625591278076172,9.812795639038086,,,,,0.5,xent beta=0.5 adamw
,train,,,,,,,xent_beta-0p5_adamw_seed17,xent,adamw,0.5,0.21026116579512075,19.789875030517578,0.0009174193057761394,519.228301525116,1060.0,2172928.0,,0.9685588595479451,,,,,,,,,,,,,,,,,,,,,,,,,,,,,,0.9957921504974365,19.789875030517578,9.894937515258789,,,,,0.5,xent beta=0.5 adamw
,train,,,,,,,xent_beta-0p5_adamw_seed17,xent,adamw,0.5,0.18618919336448236,19.486560821533203,0.0009157459938150713,523.7436738014221,1070.0,2193408.0,,0.9279097367105593,,,,,,,,,,,,,,,,,,,,,,,,,,,,,,0.9628374576568604,19.486560821533203,9.743280410766602,,,,,0.5,xent beta=0.5 adamw
,train,,,,,,,xent_beta-0p5_adamw_seed17,xent,adamw,0.5,0.2302147357971704,19.771556854248047,0.0009140576474687263,528.5274777412415,1080.0,2213888.0,,1.0792429882031827,,,,,,,,,,,,,,,,,,,,,,,,,,,,,,1.2118988037109375,19.771556854248047,9.885778427124023,,,,,0.5,xent beta=0.5 adamw
,train,,,,,,,xent_beta-0p5_adamw_seed17,xent,adamw,0.5,0.1395013552671779,19.89617347717285,0.0009123543361384103,533.4119935035706,1090.0,2234368.0,,1.0033952447584558,,,,,,,,,,,,,,,,,,,,,,,,,,,,,,0.9186148643493652,19.89617347717285,9.948086738586426,,,,,0.5,xent beta=0.5 adamw
,train,,,,,,,xent_beta-0p5_adamw_seed17,xent,adamw,0.5,0.163035848044076,19.592792510986328,0.0009106361298405805,537.8651463985443,1100.0,2254848.0,,1.0140754947507773,,,,,,,,,,,,,,,,,,,,,,,,,,,,,,0.9559962153434753,19.592792510986328,9.796396255493164,,,,,0.5,xent beta=0.5 adamw
,eval,,,,,,,xent_beta-0p5_adamw_seed17,xent,adamw,0.5,,,,537.8676331043243,1100.0,,,,0.018185250461101532,10505.28125,19.651689529418945,2.4984283447265625,4.499828815460205,6.823671340942383,,,,3.197387218475342,10641.6923828125,2429920.25,18172.16796875,9.786064147949219,5.320274353027344,0.24990497529506683,0.9208409190177917,0.1787109375,0.007711316924542189,0.1064453125,8143.873046875,8.891863822937012,4.11316442489624,0.24917352199554443,1.2421875,0.01924363151192665,0.14453125,7.310551643371582,,,,,9.825844764709473,0.9339807033538818,,,0.5,xent beta=0.5 adamw
,train,,,,,,,xent_beta-0p5_adamw_seed17,xent,adamw,0.5,0.172586873097996,19.246089935302734,0.000908903099203968,542.4303705692291,1110.0,2275328.0,,1.1108025457810025,,,,,,,,,,,,,,,,,,,,,,,,,,,,,,0.9254398345947266,19.246089935302734,9.623044967651367,,,,,0.5,xent beta=0.5 adamw
,train,,,,,,,xent_beta-0p5_adamw_seed17,xent,adamw,0.5,0.141315766432056,19.743244171142578,0.0009071553154666746,547.1630370616913,1120.0,2295808.0,,1.0380704663907794,,,,,,,,,,,,,,,,,,,,,,,,,,,,,,0.9262595772743225,19.743244171142578,9.871622085571289,,,,,0.5,xent beta=0.5 adamw
,train,,,,,,,xent_beta-0p5_adamw_seed17,xent,adamw,0.5,0.16980140566907026,19.85445785522461,0.000905392850473244,551.991997718811,1130.0,2316288.0,,0.987022492550287,,,,,,,,,,,,,,,,,,,,,,,,,,,,,,0.9069854617118835,19.85445785522461,9.927228927612305,,,,,0.5,xent beta=0.5 adamw
,train,,,,,,,xent_beta-0p5_adamw_seed17,xent,adamw,0.5,0.15503407653579354,19.767213821411133,0.0009036157766717091,556.6902713775635,1140.0,2336768.0,,1.0102103103692561,,,,,,,,,,,,,,,,,,,,,,,,,,,,,,0.991377055644989,19.767213821411133,9.883606910705566,,,,,0.5,xent beta=0.5 adamw
,train,,,,,,,xent_beta-0p5_adamw_seed17,xent,adamw,0.5,0.135174985690028,19.582260131835938,0.0009018241671106134,561.456244468689,1150.0,2357248.0,,1.1503823985804966,,,,,,,,,,,,,,,,,,,,,,,,,,,,,,0.9387295246124268,19.582260131835938,9.791130065917969,,,,,0.5,xent beta=0.5 adamw
,train,,,,,,,xent_beta-0p5_adamw_seed17,xent,adamw,0.5,0.1322301469041775,19.576034545898438,0.0009000180954360087,566.0874836444855,1160.0,2377728.0,,1.0151957001478011,,,,,,,,,,,,,,,,,,,,,,,,,,,,,,0.934200644493103,19.576034545898438,9.788017272949219,,,,,0.5,xent beta=0.5 adamw
,train,,,,,,,xent_beta-0p5_adamw_seed17,xent,adamw,0.5,0.2632071773222132,19.240665435791016,0.0008981976358884281,570.8894581794739,1170.0,2398208.0,,1.1785455799623485,,,,,,,,,,,,,,,,,,,,,,,,,,,,,,1.0800752639770508,19.240665435791016,9.620332717895508,,,,,0.5,xent beta=0.5 adamw
,train,,,,,,,xent_beta-0p5_adamw_seed17,xent,adamw,0.5,0.12074957060137649,19.68236541748047,0.0008963628632998327,575.4698824882507,1180.0,2418688.0,,1.032880426861331,,,,,,,,,,,,,,,,,,,,,,,,,,,,,,0.9578453302383423,19.68236541748047,9.841182708740234,,,,,0.5,xent beta=0.5 adamw
,train,,,,,,,xent_beta-0p5_adamw_seed17,xent,adamw,0.5,0.16629304034000517,19.64665985107422,0.0008945138530905375,580.1529681682587,1190.0,2439168.0,,1.0121384346292728,,,,,,,,,,,,,,,,,,,,,,,,,,,,,,0.9456487894058228,19.64665985107422,9.82332992553711,,,,,0.5,xent beta=0.5 adamw
,train,,,,,,,xent_beta-0p5_adamw_seed17,xent,adamw,0.5,0.14810792296420694,19.806110382080078,0.0008926506812661105,584.8922417163849,1200.0,2459648.0,,1.0216726846186095,,,,,,,,,,,,,,,,,,,,,,,,,,,,,,0.9752686619758606,19.806110382080078,9.903055191040039,,,,,0.5,xent beta=0.5 adamw
,eval,,,,,,,xent_beta-0p5_adamw_seed17,xent,adamw,0.5,,,,584.895031452179,1200.0,,,,0.01811360754072666,10503.560546875,19.65764045715332,2.527092456817627,4.511632919311523,6.82657527923584,4.172737121582031,0.9921495914449306,0.48921358713892804,3.2017593383789062,10642.919921875,2429968.5,18939.17578125,9.830970764160156,5.280157089233398,0.24991165101528168,0.9110761880874634,0.203125,0.0076811122708022594,0.109375,8143.873046875,8.891863822937012,4.11316442489624,0.24917352199554443,1.2421875,0.01924363151192665,0.14453125,7.314923286437988,,,,,9.82882022857666,0.9369562864303589,,,0.5,xent beta=0.5 adamw
,train,,,,,,,xent_beta-0p5_adamw_seed17,xent,adamw,0.5,0.20608266476743722,19.870655059814453,0.0008907734244142474,589.6624493598938,1210.0,2480128.0,,0.9698675875326188,,,,,,,,,,,,,,,,,,,,,,,,,,,,,,1.1763014793395996,19.870655059814453,9.935327529907227,,,,,0.5,xent beta=0.5 adamw
,train,,,,,,,xent_beta-0p5_adamw_seed17,xent,adamw,0.5,0.16764087342988593,19.529376983642578,0.000888882159701625,594.6971335411072,1220.0,2500608.0,,1.1228879998299883,,,,,,,,,,,,,,,,,,,,,,,,,,,,,,0.985190749168396,19.529376983642578,9.764688491821289,,,,,0.5,xent beta=0.5 adamw
,train,,,,,,,xent_beta-0p5_adamw_seed17,xent,adamw,0.5,0.19028150862626067,19.590862274169922,0.0008869769648707276,600.4143567085266,1230.0,2521088.0,,0.9905128781157904,,,,,,,,,,,,,,,,,,,,,,,,,,,,,,0.9636947512626648,19.590862274169922,9.795431137084961,,,,,0.5,xent beta=0.5 adamw
,train,,,,,,,xent_beta-0p5_adamw_seed17,xent,adamw,0.5,0.1743390106374657,19.726408004760742,0.0008850579182366531,606.3362622261047,1240.0,2541568.0,,1.0643701469732783,,,,,,,,,,,,,,,,,,,,,,,,,,,,,,0.9513723850250244,19.726408004760742,9.863204002380371,,,,,0.5,xent beta=0.5 adamw
,train,,,,,,,xent_beta-0p5_adamw_seed17,xent,adamw,0.5,0.17816767706661943,19.53366470336914,0.000883125098683892,612.0703110694885,1250.0,2562048.0,,0.9574233044355678,,,,,,,,,,,,,,,,,,,,,,,,,,,,,,0.9217325448989868,19.53366470336914,9.76683235168457,,,,,0.5,xent beta=0.5 adamw
,train,,,,,,,xent_beta-0p5_adamw_seed17,xent,adamw,0.5,0.12643329104865073,19.4925594329834,0.0008811785856630859,617.4635031223297,1260.0,2582528.0,,0.9238943280723585,,,,,,,,,,,,,,,,,,,,,,,,,,,,,,0.8676755428314209,19.4925594329834,9.7462797164917,,,,,0.5,xent beta=0.5 adamw
,train,,,,,,,xent_beta-0p5_adamw_seed17,xent,adamw,0.5,0.16514054590148755,19.571979522705078,0.0008792184591877607,623.2338864803314,1270.0,2603008.0,,1.0770332454418141,,,,,,,,,,,,,,,,,,,,,,,,,,,,,,0.9292300343513489,19.571979522705078,9.785989761352539,,,,,0.5,xent beta=0.5 adamw
,train,,,,,,,xent_beta-0p5_adamw_seed17,xent,adamw,0.5,0.19654789147085525,19.611194610595703,0.0008772447998310388,628.687922000885,1280.0,2623488.0,,1.0569157086702805,,,,,,,,,,,,,,,,,,,,,,,,,,,,,,1.021671175956726,19.611194610595703,9.805597305297852,,,,,0.5,xent beta=0.5 adamw
,train,,,,,,,xent_beta-0p5_adamw_seed17,xent,adamw,0.5,0.20530541902299296,19.306346893310547,0.0008752576887223263,634.1179420948029,1290.0,2643968.0,,1.0717410945256043,,,,,,,,,,,,,,,,,,,,,,,,,,,,,,0.9621170163154602,19.306346893310547,9.653173446655273,,,,,0.5,xent beta=0.5 adamw
,train,,,,,,,xent_beta-0p5_adamw_seed17,xent,adamw,0.5,0.17640170996429974,19.728256225585938,0.0008732572075439775,639.5878489017487,1300.0,2664448.0,,1.0699845279553788,,,,,,,,,,,,,,,,,,,,,,,,,,,,,,1.0141818523406982,19.728256225585938,9.864128112792969,,,,,0.5,xent beta=0.5 adamw
,eval,,,,,,,xent_beta-0p5_adamw_seed17,xent,adamw,0.5,,,,639.5901916027069,1300.0,,,,0.01805923879146576,10507.671875,19.62305450439453,2.403435230255127,4.413022994995117,6.761545658111572,,,,3.1154990196228027,10647.0009765625,2430320.25,18611.05078125,9.808910369873047,5.441163063049316,0.24991297721862793,0.9221389293670654,0.228515625,0.007439150474965572,0.1083984375,8143.873046875,8.891863822937012,4.11316442489624,0.24917352199554443,1.2421875,0.01924363151192665,0.14453125,7.228663444519043,,,,,9.811527252197266,0.9196634292602539,,,0.5,xent beta=0.5 adamw
,train,,,,,,,xent_beta-0p5_adamw_seed17,xent,adamw,0.5,0.20152605771247656,19.664838790893555,0.0008712434385279384,645.1721820831299,1310.0,2684928.0,,1.142727145218361,,,,,,,,,,,,,,,,,,,,,,,,,,,,,,0.9011180400848389,19.664838790893555,9.832419395446777,,,,,0.5,xent beta=0.5 adamw
,train,,,,,,,xent_beta-0p5_adamw_seed17,xent,adamw,0.5,0.31352679247590426,19.837860107421875,0.000869216464452366,651.082624912262,1320.0,2705408.0,,1.0312807109862983,,,,,,,,,,,,,,,,,,,,,,,,,,,,,,1.0300606489181519,19.837860107421875,9.918930053710938,,,,,0.5,xent beta=0.5 adamw
,train,,,,,,,xent_beta-0p5_adamw_seed17,xent,adamw,0.5,0.1925581168916392,19.68265151977539,0.0008671763686382254,656.3663761615753,1330.0,2725888.0,,0.9372352515314822,,,,,,,,,,,,,,,,,,,,,,,,,,,,,,0.8846064209938049,19.68265151977539,9.841325759887695,,,,,0.5,xent beta=0.5 adamw
,train,,,,,,,xent_beta-0p5_adamw_seed17,xent,adamw,0.5,0.19935133897740406,19.788684844970703,0.0008651232349458647,662.0505340099335,1340.0,2746368.0,,1.0534693528147248,,,,,,,,,,,,,,,,,,,,,,,,,,,,,,0.9458250403404236,19.788684844970703,9.894342422485352,,,,,0.5,xent beta=0.5 adamw
,train,,,,,,,xent_beta-0p5_adamw_seed17,xent,adamw,0.5,0.17806593087441863,19.53224754333496,0.0008630571477715689,668.2609293460846,1350.0,2766848.0,,1.2347040901207957,,,,,,,,,,,,,,,,,,,,,,,,,,,,,,0.9183926582336426,19.53224754333496,9.76612377166748,,,,,0.5,xent beta=0.5 adamw
,train,,,,,,,xent_beta-0p5_adamw_seed17,xent,adamw,0.5,0.17055076438862907,19.6878662109375,0.0008609781920440892,673.3986093997955,1360.0,2787328.0,,1.3028214381730228,,,,,,,,,,,,,,,,,,,,,,,,,,,,,,0.921574056148529,19.6878662109375,9.84393310546875,,,,,0.5,xent beta=0.5 adamw
,train,,,,,,,xent_beta-0p5_adamw_seed17,xent,adamw,0.5,0.20582473997007425,19.646324157714844,0.0008588864532211527,678.6401162147522,1370.0,2807808.0,,1.1830009464885365,,,,,,,,,,,,,,,,,,,,,,,,,,,,,,0.9228036403656006,19.646324157714844,9.823162078857422,,,,,0.5,xent beta=0.5 adamw
,train,,,,,,,xent_beta-0p5_adamw_seed17,xent,adamw,0.5,0.16466256913665642,19.751466751098633,0.0008567820172859497,683.8756165504456,1380.0,2828288.0,,1.0892065704726555,,,,,,,,,,,,,,,,,,,,,,,,,,,,,,0.9363989233970642,19.751466751098633,9.875733375549316,,,,,0.5,xent beta=0.5 adamw
,train,,,,,,,xent_beta-0p5_adamw_seed17,xent,adamw,0.5,0.17427744939944262,19.69408416748047,0.0008546649707435993,689.2469751834869,1390.0,2848768.0,,0.9740716692751775,,,,,,,,,,,,,,,,,,,,,,,,,,,,,,0.9372793436050415,19.69408416748047,9.847042083740234,,,,,0.5,xent beta=0.5 adamw
,train,,,,,,,xent_beta-0p5_adamw_seed17,xent,adamw,0.5,0.20290840322507714,19.385536193847656,0.0008525354006175926,695.1947033405304,1400.0,2869248.0,,0.9324188851897754,,,,,,,,,,,,,,,,,,,,,,,,,,,,,,0.8901714086532593,19.385536193847656,9.692768096923828,,,,,0.5,xent beta=0.5 adamw
,eval,,,,,,,xent_beta-0p5_adamw_seed17,xent,adamw,0.5,,,,695.1970102787018,1400.0,,,,0.01798579841852188,10506.3818359375,19.6202392578125,2.2794227600097656,4.487543106079102,6.72799015045166,4.392492771148682,0.9946159124364442,0.5023404357022464,3.041874647140503,10651.7431640625,2430238.25,19630.53515625,9.867919921875,5.773808002471924,0.24992384016513824,0.932695746421814,0.2001953125,0.006537960842251778,0.0986328125,8143.873046875,8.891863822937012,4.11316442489624,0.24917352199554443,1.2421875,0.01924363151192665,0.14453125,7.155038833618164,,,,,9.81011962890625,0.918256402015686,,,0.5,xent beta=0.5 adamw
,train,,,,,,,xent_beta-0p5_adamw_seed17,xent,adamw,0.5,0.16982222758811638,19.634057998657227,0.0008503933944462166,701.9421508312225,1410.0,2889728.0,,0.9460273462876964,,,,,,,,,,,,,,,,,,,,,,,,,,,,,,1.0261253118515015,19.634057998657227,9.817028999328613,,,,,0.5,xent beta=0.5 adamw
,train,,,,,,,xent_beta-0p5_adamw_seed17,xent,adamw,0.5,0.21134362009500535,19.571640014648438,0.0008482390402789554,707.6480038166046,1420.0,2910208.0,,0.984614946761749,,,,,,,,,,,,,,,,,,,,,,,,,,,,,,0.9444689750671387,19.571640014648438,9.785820007324219,,,,,0.5,xent beta=0.5 adamw
,train,,,,,,,xent_beta-0p5_adamw_seed17,xent,adamw,0.5,0.16279752864069832,19.648521423339844,0.0008460724266728708,713.1341240406036,1430.0,2930688.0,,1.0289720468252486,,,,,,,,,,,,,,,,,,,,,,,,,,,,,,0.9499815702438354,19.648521423339844,9.824260711669922,,,,,0.5,xent beta=0.5 adamw
,train,,,,,,,xent_beta-0p5_adamw_seed17,xent,adamw,0.5,0.1349775204041483,19.661544799804688,0.0008438936426889618,718.28120470047,1440.0,2951168.0,,0.9223842405363524,,,,,,,,,,,,,,,,,,,,,,,,,,,,,,0.9135090112686157,19.661544799804688,9.830772399902344,,,,,0.5,xent beta=0.5 adamw
,train,,,,,,,xent_beta-0p5_adamw_seed17,xent,adamw,0.5,0.24316442277875325,19.543758392333984,0.0008417027778885047,723.9803206920624,1450.0,2971648.0,,1.0102776621725829,,,,,,,,,,,,,,,,,,,,,,,,,,,,,,0.9406726360321045,19.543758392333984,9.771879196166992,,,,,0.5,xent beta=0.5 adamw
,train,,,,,,,xent_beta-0p5_adamw_seed17,xent,adamw,0.5,0.2729769194266121,19.3568058013916,0.0008394999223293704,729.4782621860504,1460.0,2992128.0,,1.0713351891975451,,,,,,,,,,,,,,,,,,,,,,,,,,,,,,1.2310467958450317,19.3568058013916,9.6784029006958,,,,,0.5,xent beta=0.5 adamw
,train,,,,,,,xent_beta-0p5_adamw_seed17,xent,adamw,0.5,0.19269286299186167,19.472362518310547,0.0008372851665623225,735.2030076980591,1470.0,3012608.0,,0.9883790631716945,,,,,,,,,,,,,,,,,,,,,,,,,,,,,,0.9011229276657104,19.472362518310547,9.736181259155273,,,,,0.5,xent beta=0.5 adamw
,train,,,,,,,xent_beta-0p5_adamw_seed17,xent,adamw,0.5,0.22142418946548326,19.501712799072266,0.0008350586016272966,740.7898099422455,1480.0,3033088.0,,1.0299915604993806,,,,,,,,,,,,,,,,,,,,,,,,,,,,,,1.0497403144836426,19.501712799072266,9.750856399536133,,,,,0.5,xent beta=0.5 adamw
,train,,,,,,,xent_beta-0p5_adamw_seed17,xent,adamw,0.5,0.28665142735028853,19.226119995117188,0.0008328203190496556,746.7056214809418,1490.0,3053568.0,,1.0416802920901613,,,,,,,,,,,,,,,,,,,,,,,,,,,,,,1.030294418334961,19.226119995117188,9.613059997558594,,,,,0.5,xent beta=0.5 adamw
,train,,,,,,,xent_beta-0p5_adamw_seed17,xent,adamw,0.5,0.1987038179241816,19.639293670654297,0.0008305704108364302,752.0649008750916,1500.0,3074048.0,,0.9526472133099347,,,,,,,,,,,,,,,,,,,,,,,,,,,,,,0.9453680515289307,19.639293670654297,9.819646835327148,,,,,0.5,xent beta=0.5 adamw
,eval,,,,,,,xent_beta-0p5_adamw_seed17,xent,adamw,0.5,,,,752.0680704116821,1500.0,,,,0.017856445163488388,10505.5322265625,19.56704330444336,2.4860634803771973,4.5680694580078125,6.6084394454956055,,,,2.947345495223999,10649.341796875,2430208.0,19364.103515625,9.85577392578125,5.596552848815918,0.24992811679840088,0.921785295009613,0.173828125,0.006837939843535423,0.1142578125,8143.873046875,8.891863822937012,4.11316442489624,0.24917352199554443,1.2421875,0.01924363151192665,0.14453125,7.060510158538818,,,,,9.78352165222168,0.8916580080986023,,,0.5,xent beta=0.5 adamw
,train,,,,,,,xent_beta-0p5_adamw_seed17,xent,adamw,0.5,0.21749084508940233,19.410409927368164,0.0008283089694725342,758.6787552833557,1510.0,3094528.0,,1.0080330306869818,,,,,,,,,,,,,,,,,,,,,,,,,,,,,,1.01094651222229,19.410409927368164,9.705204963684082,,,,,0.5,xent beta=0.5 adamw
,train,,,,,,,xent_beta-0p5_adamw_seed17,xent,adamw,0.5,0.19621823839979155,19.425994873046875,0.0008260360879169651,764.4905824661255,1520.0,3115008.0,,0.903145246738389,,,,,,,,,,,,,,,,,,,,,,,,,,,,,,0.8863135576248169,19.425994873046875,9.712997436523438,,,,,0.5,xent beta=0.5 adamw
,train,,,,,,,xent_beta-0p5_adamw_seed17,xent,adamw,0.5,0.21252217561255712,19.540266036987305,0.0008237518595989809,770.0839445590973,1530.0,3135488.0,,1.0305846762484998,,,,,,,,,,,,,,,,,,,,,,,,,,,,,,0.9490602016448975,19.540266036987305,9.770133018493652,,,,,0.5,xent beta=0.5 adamw
,train,,,,,,,xent_beta-0p5_adamw_seed17,xent,adamw,0.5,0.21011847021075097,19.586544036865234,0.0008214563784142613,776.1821653842926,1540.0,3155968.0,,1.4430678025811787,,,,,,,,,,,,,,,,,,,,,,,,,,,,,,0.9835493564605713,19.586544036865234,9.793272018432617,,,,,0.5,xent beta=0.5 adamw
,train,,,,,,,xent_beta-0p5_adamw_seed17,xent,adamw,0.5,0.4792659873701582,19.670284271240234,0.0008191497387210473,781.751448392868,1550.0,3176448.0,,1.3482548890060015,,,,,,,,,,,,,,,,,,,,,,,,,,,,,,1.019792914390564,19.670284271240234,9.835142135620117,,,,,0.5,xent beta=0.5 adamw
,train,,,,,,,xent_beta-0p5_adamw_seed17,xent,adamw,0.5,0.23986127249995265,19.355037689208984,0.0008168320353362616,787.2844748497009,1560.0,3196928.0,,1.1057405024568352,,,,,,,,,,,,,,,,,,,,,,,,,,,,,,0.9510977864265442,19.355037689208984,9.677518844604492,,,,,0.5,xent beta=0.5 adamw
,train,,,,,,,xent_beta-0p5_adamw_seed17,xent,adamw,0.5,0.14994995177372789,19.693218231201172,0.000814503363531613,792.8769195079803,1570.0,3217408.0,,1.0131725273422034,,,,,,,,,,,,,,,,,,,,,,,,,,,,,,0.954580545425415,19.693218231201172,9.846609115600586,,,,,0.5,xent beta=0.5 adamw
,train,,,,,,,xent_beta-0p5_adamw_seed17,xent,adamw,0.5,0.1802384716457831,19.52063751220703,0.0008121638190296782,798.606791973114,1580.0,3237888.0,,0.9889345963778321,,,,,,,,,,,,,,,,,,,,,,,,,,,,,,1.0007051229476929,19.52063751220703,9.760318756103516,,,,,0.5,xent beta=0.5 adamw
,train,,,,,,,xent_beta-0p5_adamw_seed17,xent,adamw,0.5,0.13378810975045377,19.638185501098633,0.0008098134979999689,804.8556995391846,1590.0,3258368.0,,0.8754493987141523,,,,,,,,,,,,,,,,,,,,,,,,,,,,,,0.8860948085784912,19.638185501098633,9.819092750549316,,,,,0.5,xent beta=0.5 adamw
,train,,,,,,,xent_beta-0p5_adamw_seed17,xent,adamw,0.5,0.1775509829092929,19.689043045043945,0.0008074524970549763,810.8819396495819,1600.0,3278848.0,,1.0656817559660194,,,,,,,,,,,,,,,,,,,,,,,,,,,,,,0.9656815528869629,19.689043045043945,9.844521522521973,,,,,0.5,xent beta=0.5 adamw
,eval,,,,,,,xent_beta-0p5_adamw_seed17,xent,adamw,0.5,,,,810.8847568035126,1600.0,,,,0.01791125163435936,10511.947265625,19.54065704345703,2.484523296356201,4.533994674682617,6.595799446105957,4.434920310974121,0.9948406216397244,0.5015259682217643,2.9427974224090576,10652.626953125,2430687.75,18727.6328125,9.820023536682129,5.525578498840332,0.249914288520813,0.9193156957626343,0.20703125,0.007398965768516064,0.109375,8143.873046875,8.891863822937012,4.11316442489624,0.24917352199554443,1.2421875,0.01924363151192665,0.14453125,7.055961608886719,,,,,9.770328521728516,0.8784644603729248,,,0.5,xent beta=0.5 adamw
,train,,,,,,,xent_beta-0p5_adamw_seed17,xent,adamw,0.5,0.24830116019614543,19.64571189880371,0.0008050809132462025,817.3575510978699,1610.0,3299328.0,,0.8853213156875955,,,,,,,,,,,,,,,,,,,,,,,,,,,,,,0.9595518112182617,19.64571189880371,9.822855949401855,,,,,0.5,xent beta=0.5 adamw
,train,,,,,,,xent_beta-0p5_adamw_seed17,xent,adamw,0.5,0.18654365900557007,19.702341079711914,0.0008026988440601687,822.9251415729523,1620.0,3319808.0,,0.9001973826584525,,,,,,,,,,,,,,,,,,,,,,,,,,,,,,0.9342612028121948,19.702341079711914,9.851170539855957,,,,,0.5,xent beta=0.5 adamw
,train,,,,,,,xent_beta-0p5_adamw_seed17,xent,adamw,0.5,0.16746322440913017,19.59745216369629,0.0008003063874144092,828.6226716041565,1630.0,3340288.0,,0.9375949153107125,,,,,,,,,,,,,,,,,,,,,,,,,,,,,,0.8921128511428833,19.59745216369629,9.798726081848145,,,,,0.5,xent beta=0.5 adamw
,train,,,,,,,xent_beta-0p5_adamw_seed17,xent,adamw,0.5,0.22486173811948984,19.885971069335938,0.0007979036416534462,834.2987055778503,1640.0,3360768.0,,0.85530392022738,,,,,,,,,,,,,,,,,,,,,,,,,,,,,,0.927660346031189,19.885971069335938,9.942985534667969,,,,,0.5,xent beta=0.5 adamw
,train,,,,,,,xent_beta-0p5_adamw_seed17,xent,adamw,0.5,0.15166152989398893,19.16550064086914,0.0007954907055447469,839.770308971405,1650.0,3381248.0,,0.8942798709914804,,,,,,,,,,,,,,,,,,,,,,,,,,,,,,0.8618309497833252,19.16550064086914,9.58275032043457,,,,,0.5,xent beta=0.5 adamw
,train,,,,,,,xent_beta-0p5_adamw_seed17,xent,adamw,0.5,0.31155270683225184,19.81281280517578,0.0007930676782746641,845.1915299892426,1660.0,3401728.0,,0.9697093728096493,,,,,,,,,,,,,,,,,,,,,,,,,,,,,,0.9150164723396301,19.81281280517578,9.90640640258789,,,,,0.5,xent beta=0.5 adamw
,train,,,,,,,xent_beta-0p5_adamw_seed17,xent,adamw,0.5,0.2927185665913082,19.66124725341797,0.0007906346594443583,851.196441411972,1670.0,3422208.0,,1.1881612826245125,,,,,,,,,,,,,,,,,,,,,,,,,,,,,,1.0100328922271729,19.66124725341797,9.830623626708984,,,,,0.5,xent beta=0.5 adamw
,train,,,,,,,xent_beta-0p5_adamw_seed17,xent,adamw,0.5,0.19214198058873552,18.982385635375977,0.0007881917490657044,857.1096730232239,1680.0,3442688.0,,1.0813909692441908,,,,,,,,,,,,,,,,,,,,,,,,,,,,,,0.8162285089492798,18.982385635375977,9.491192817687988,,,,,0.5,xent beta=0.5 adamw
,train,,,,,,,xent_beta-0p5_adamw_seed17,xent,adamw,0.5,0.17628140912764184,19.653854370117188,0.0007857390475571794,863.0493907928467,1690.0,3463168.0,,0.9859157643929374,,,,,,,,,,,,,,,,,,,,,,,,,,,,,,0.8903100490570068,19.653854370117188,9.826927185058594,,,,,0.5,xent beta=0.5 adamw
,train,,,,,,,xent_beta-0p5_adamw_seed17,xent,adamw,0.5,0.3755348800589236,19.750274658203125,0.0007832766557397363,868.6301851272583,1700.0,3483648.0,,1.0019351170658104,,,,,,,,,,,,,,,,,,,,,,,,,,,,,,1.0071648359298706,19.750274658203125,9.875137329101562,,,,,0.5,xent beta=0.5 adamw
,eval,,,,,,,xent_beta-0p5_adamw_seed17,xent,adamw,0.5,,,,868.6326234340668,1700.0,,,,0.018002770841121674,10502.3984375,19.564842224121094,2.596409559249878,4.612876892089844,6.645107269287109,,,,3.025531768798828,10642.2490234375,2430996.25,18831.6796875,9.823878288269043,5.43964958190918,0.24991224706172943,0.9168685078620911,0.1689453125,0.007724825292825699,0.1142578125,8143.873046875,8.891863822937012,4.11316442489624,0.24917352199554443,1.2421875,0.01924363151192665,0.14453125,7.13869571685791,,,,,9.782421112060547,0.8905580043792725,,,0.5,xent beta=0.5 adamw
,train,,,,,,,xent_beta-0p5_adamw_seed17,xent,adamw,0.5,0.20281441071814887,19.56759262084961,0.0007808046748326578,874.3839359283447,1710.0,3504128.0,,0.9302870998648103,,,,,,,,,,,,,,,,,,,,,,,,,,,,,,0.9875093698501587,19.56759262084961,9.783796310424805,,,,,0.5,xent beta=0.5 adamw
,train,,,,,,,xent_beta-0p5_adamw_seed17,xent,adamw,0.5,0.22616843715000376,19.734298706054688,0.000778323206449397,879.9647636413574,1720.0,3524608.0,,0.9192752606218756,,,,,,,,,,,,,,,,,,,,,,,,,,,,,,1.0599019527435303,19.734298706054688,9.867149353027344,,,,,0.5,xent beta=0.5 adamw
,train,,,,,,,xent_beta-0p5_adamw_seed17,xent,adamw,0.5,0.1576134837554512,19.66322135925293,0.0007758323525933999,886.0423748493195,1730.0,3545088.0,,0.9357742354442934,,,,,,,,,,,,,,,,,,,,,,,,,,,,,,0.8953521847724915,19.66322135925293,9.831610679626465,,,,,0.5,xent beta=0.5 adamw
,train,,,,,,,xent_beta-0p5_adamw_seed17,xent,adamw,0.5,0.16159323468658615,19.544645309448242,0.0007733322156539126,891.733065366745,1740.0,3565568.0,,0.8558531015662756,,,,,,,,,,,,,,,,,,,,,,,,,,,,,,0.9289202690124512,19.544645309448242,9.772322654724121,,,,,0.5,xent beta=0.5 adamw
,train,,,,,,,xent_beta-0p5_adamw_seed17,xent,adamw,0.5,0.19582836777450965,19.507526397705078,0.0007708228984017721,897.1360511779785,1750.0,3586048.0,,0.8209453257406784,,,,,,,,,,,,,,,,,,,,,,,,,,,,,,0.9099215865135193,19.507526397705078,9.753763198852539,,,,,0.5,xent beta=0.5 adamw
,train,,,,,,,xent_beta-0p5_adamw_seed17,xent,adamw,0.5,0.21243011215040283,19.394893646240234,0.0007683045039851824,902.9582583904266,1760.0,3606528.0,,0.8316259862171903,,,,,,,,,,,,,,,,,,,,,,,,,,,,,,0.9204462766647339,19.394893646240234,9.697446823120117,,,,,0.5,xent beta=0.5 adamw
,train,,,,,,,xent_beta-0p5_adamw_seed17,xent,adamw,0.5,0.4458840009495626,19.930435180664062,0.0007657771359254743,908.5263068675995,1770.0,3627008.0,,0.9801106506116969,,,,,,,,,,,,,,,,,,,,,,,,,,,,,,1.0791280269622803,19.930435180664062,9.965217590332031,,,,,0.5,xent beta=0.5 adamw
,train,,,,,,,xent_beta-0p5_adamw_seed17,xent,adamw,0.5,0.18699218324280456,19.576967239379883,0.0007632408981128494,914.224752664566,1780.0,3647488.0,,0.8541514750635155,,,,,,,,,,,,,,,,,,,,,,,,,,,,,,0.8599711656570435,19.576967239379883,9.788483619689941,,,,,0.5,xent beta=0.5 adamw
,train,,,,,,,xent_beta-0p5_adamw_seed17,xent,adamw,0.5,0.20455547104319047,19.97840118408203,0.0007606958948021107,920.8507041931152,1790.0,3667968.0,,0.9021221089502699,,,,,,,,,,,,,,,,,,,,,,,,,,,,,,0.894075334072113,19.97840118408203,9.989200592041016,,,,,0.5,xent beta=0.5 adamw
,train,,,,,,,xent_beta-0p5_adamw_seed17,xent,adamw,0.5,0.23192184123613643,19.771854400634766,0.000758142230608376,926.4286820888519,1800.0,3688448.0,,0.9875703625947936,,,,,,,,,,,,,,,,,,,,,,,,,,,,,,1.0955208539962769,19.771854400634766,9.885927200317383,,,,,0.5,xent beta=0.5 adamw
,eval,,,,,,,xent_beta-0p5_adamw_seed17,xent,adamw,0.5,,,,926.4316062927246,1800.0,,,,0.01789166033267975,10499.1015625,19.55364990234375,2.5237929821014404,4.54676628112793,6.596399784088135,4.56834602355957,0.9952070116986812,0.5088147510505892,2.9521865844726562,10637.8115234375,2431338.75,18539.060546875,9.808696746826172,5.473543643951416,0.24991770088672638,0.9188295602798462,0.1708984375,0.007516645826399326,0.109375,8143.873046875,8.891863822937012,4.11316442489624,0.24917352199554443,1.2421875,0.01924363151192665,0.14453125,7.065350532531738,,,,,9.776824951171875,0.8849612474441528,,,0.5,xent beta=0.5 adamw
,train,,,,,,,xent_beta-0p5_adamw_seed17,xent,adamw,0.5,0.23854220608339027,19.596038818359375,0.0007555800105027783,933.3774440288544,1810.0,3708928.0,,0.9463684817586359,,,,,,,,,,,,,,,,,,,,,,,,,,,,,,0.9297949075698853,19.596038818359375,9.798019409179688,,,,,0.5,xent beta=0.5 adamw
,train,,,,,,,xent_beta-0p5_adamw_seed17,xent,adamw,0.5,0.15003796166135933,19.430370330810547,0.0007530093398081506,938.6241834163666,1820.0,3729408.0,,0.8414663749875878,,,,,,,,,,,,,,,,,,,,,,,,,,,,,,0.8878088593482971,19.430370330810547,9.715185165405273,,,,,0.5,xent beta=0.5 adamw
,train,,,,,,,xent_beta-0p5_adamw_seed17,xent,adamw,0.5,0.24748634376235135,19.50455093383789,0.0007504303241946965,944.3808479309082,1830.0,3749888.0,,0.9347180100666947,,,,,,,,,,,,,,,,,,,,,,,,,,,,,,1.0216667652130127,19.50455093383789,9.752275466918945,,,,,0.5,xent beta=0.5 adamw
,train,,,,,,,xent_beta-0p5_adamw_seed17,xent,adamw,0.5,0.2295742691473423,19.666290283203125,0.000747843069675647,949.7997033596039,1840.0,3770368.0,,0.9300856576090786,,,,,,,,,,,,,,,,,,,,,,,,,,,,,,0.9752992391586304,19.666290283203125,9.833145141601562,,,,,0.5,xent beta=0.5 adamw
,train,,,,,,,xent_beta-0p5_adamw_seed17,xent,adamw,0.5,0.1880563491595456,19.399341583251953,0.0007452476826029011,955.3406436443329,1850.0,3790848.0,,0.9202219041976379,,,,,,,,,,,,,,,,,,,,,,,,,,,,,,0.9517782926559448,19.399341583251953,9.699670791625977,,,,,0.5,xent beta=0.5 adamw
,train,,,,,,,xent_beta-0p5_adamw_seed17,xent,adamw,0.5,0.1836546107747008,19.704105377197266,0.0007426442696626566,961.0465791225433,1860.0,3811328.0,,0.8845344577282541,,,,,,,,,,,,,,,,,,,,,,,,,,,,,,0.8809942007064819,19.704105377197266,9.852052688598633,,,,,0.5,xent beta=0.5 adamw
,train,,,,,,,xent_beta-0p5_adamw_seed17,xent,adamw,0.5,0.22241828273156053,19.528844833374023,0.000740032937871022,966.6867973804474,1870.0,3831808.0,,0.8607135038115218,,,,,,,,,,,,,,,,,,,,,,,,,,,,,,0.9760671854019165,19.528844833374023,9.764422416687012,,,,,0.5,xent beta=0.5 adamw
,train,,,,,,,xent_beta-0p5_adamw_seed17,xent,adamw,0.5,0.21623852828847323,19.323047637939453,0.0007374137945696195,972.2885875701904,1880.0,3852288.0,,0.8189600278930744,,,,,,,,,,,,,,,,,,,,,,,,,,,,,,0.9418789148330688,19.323047637939453,9.661523818969727,,,,,0.5,xent beta=0.5 adamw
,train,,,,,,,xent_beta-0p5_adamw_seed17,xent,adamw,0.5,0.20389202831875478,19.480873107910156,0.0007347869474211722,977.997311592102,1890.0,3872768.0,,0.8861132541381572,,,,,,,,,,,,,,,,,,,,,,,,,,,,,,0.9170719385147095,19.480873107910156,9.740436553955078,,,,,0.5,xent beta=0.5 adamw
,train,,,,,,,xent_beta-0p5_adamw_seed17,xent,adamw,0.5,0.2838083257983582,19.508251190185547,0.0007321525044050772,983.7064542770386,1900.0,3893248.0,,0.843774070877534,,,,,,,,,,,,,,,,,,,,,,,,,,,,,,0.9954113960266113,19.508251190185547,9.754125595092773,,,,,0.5,xent beta=0.5 adamw
,eval,,,,,,,xent_beta-0p5_adamw_seed17,xent,adamw,0.5,,,,983.7089290618896,1900.0,,,,0.017789870500564575,10496.6826171875,19.513240814208984,2.3851938247680664,4.498033046722412,6.4657883644104,,,,2.837092876434326,10636.068359375,2431582.0,18294.162109375,9.79690170288086,5.609533309936523,0.24992327392101288,0.9216538667678833,0.1982421875,0.007076294161379337,0.1123046875,8143.873046875,8.891863822937012,4.11316442489624,0.24917352199554443,1.2421875,0.01924363151192665,0.14453125,6.950257301330566,,,,,9.756620407104492,0.8647563457489014,,,0.5,xent beta=0.5 adamw
,train,,,,,,,xent_beta-0p5_adamw_seed17,xent,adamw,0.5,0.24106729730361723,19.532299041748047,0.0007295105738129688,989.4564878940582,1910.0,3913728.0,,0.9132640839164602,,,,,,,,,,,,,,,,,,,,,,,,,,,,,,0.9006342887878418,19.532299041748047,9.766149520874023,,,,,0.5,xent beta=0.5 adamw
,train,,,,,,,xent_beta-0p5_adamw_seed17,xent,adamw,0.5,0.2718136330810115,19.587203979492188,0.0007268612642442657,995.5403099060059,1920.0,3934208.0,,0.973135427039519,,,,,,,,,,,,,,,,,,,,,,,,,,,,,,1.00460684299469,19.587203979492188,9.793601989746094,,,,,0.5,xent beta=0.5 adamw
,train,,,,,,,xent_beta-0p5_adamw_seed17,xent,adamw,0.5,0.19777120629663705,19.585338592529297,0.0007242046846017078,1000.9645385742188,1930.0,3954688.0,,0.8687187822176919,,,,,,,,,,,,,,,,,,,,,,,,,,,,,,0.9089619517326355,19.585338592529297,9.792669296264648,,,,,0.5,xent beta=0.5 adamw
,train,,,,,,,xent_beta-0p5_adamw_seed17,xent,adamw,0.5,0.13517363931221707,19.544300079345703,0.0007215409440868788,1007.0541129112244,1940.0,3975168.0,,0.8602147422284696,,,,,,,,,,,,,,,,,,,,,,,,,,,,,,0.929229199886322,19.544300079345703,9.772150039672852,,,,,0.5,xent beta=0.5 adamw
,train,,,,,,,xent_beta-0p5_adamw_seed17,xent,adamw,0.5,0.18553244431651267,19.79889488220215,0.0007188701521957184,1012.914724111557,1950.0,3995648.0,,0.9067111813095211,,,,,,,,,,,,,,,,,,,,,,,,,,,,,,0.8596841096878052,19.79889488220215,9.899447441101074,,,,,0.5,xent beta=0.5 adamw
,train,,,,,,,xent_beta-0p5_adamw_seed17,xent,adamw,0.5,0.17266456740944455,19.734079360961914,0.0007161924187140204,1018.6478729248047,1960.0,4016128.0,,0.8617840850274,,,,,,,,,,,,,,,,,,,,,,,,,,,,,,0.9406737685203552,19.734079360961914,9.867039680480957,,,,,0.5,xent beta=0.5 adamw
,train,,,,,,,xent_beta-0p5_adamw_seed17,xent,adamw,0.5,0.2372959053589381,19.473011016845703,0.0007135078537129202,1024.6492955684662,1970.0,4036608.0,,0.9727418289833271,,,,,,,,,,,,,,,,,,,,,,,,,,,,,,0.9045412540435791,19.473011016845703,9.736505508422852,,,,,0.5,xent beta=0.5 adamw
,train,,,,,,,xent_beta-0p5_adamw_seed17,xent,adamw,0.5,0.21541496627465734,19.66539764404297,0.0007108165675443705,1030.108517408371,1980.0,4057088.0,,0.8432410295184253,,,,,,,,,,,,,,,,,,,,,,,,,,,,,,0.9343158006668091,19.66539764404297,9.832698822021484,,,,,0.5,xent beta=0.5 adamw
,train,,,,,,,xent_beta-0p5_adamw_seed17,xent,adamw,0.5,0.1749949174490866,19.437808990478516,0.0007081186708366044,1036.042115688324,1990.0,4077568.0,,0.804658826108275,,,,,,,,,,,,,,,,,,,,,,,,,,,,,,0.895902156829834,19.437808990478516,9.718904495239258,,,,,0.5,xent beta=0.5 adamw
,train,,,,,,,xent_beta-0p5_adamw_seed17,xent,adamw,0.5,0.15442361481488037,20.01496696472168,0.0007054142744895884,1041.5729939937592,2000.0,4098048.0,,1.0356673151119582,,,,,,,,,,,,,,,,,,,,,,,,,,,,,,0.8439668416976929,20.01496696472168,10.00748348236084,,,,,0.5,xent beta=0.5 adamw
,eval,,,,,,,xent_beta-0p5_adamw_seed17,xent,adamw,0.5,,,,1041.5758080482483,2000.0,,,,0.017840750515460968,10500.9404296875,19.514259338378906,2.4698257446289062,4.565319538116455,6.453514099121094,4.954624652862549,0.9937577839935489,0.5182907868445265,2.814387321472168,10645.791015625,2431235.0,19231.109375,9.844228744506836,5.767524719238281,0.2499300241470337,0.9311293959617615,0.201171875,0.006537301000207663,0.1220703125,8143.873046875,8.891863822937012,4.11316442489624,0.24917352199554443,1.2421875,0.01924363151192665,0.14453125,6.92755126953125,,,,,9.757129669189453,0.8652662634849548,,,0.5,xent beta=0.5 adamw
,train,,,,,,,xent_beta-0p5_adamw_seed17,xent,adamw,0.5,0.2546171950623037,19.69574546813965,0.0007027034896704645,1048.4258787631989,2010.0,4118528.0,,0.9675338387908182,,,,,,,,,,,,,,,,,,,,,,,,,,,,,,0.9282035827636719,19.69574546813965,9.847872734069824,,,,,0.5,xent beta=0.5 adamw
,train,,,,,,,xent_beta-0p5_adamw_seed17,xent,adamw,0.5,0.18307641547849499,19.35122299194336,0.0006999864278089788,1053.364721775055,2020.0,4139008.0,,0.8520597950316104,,,,,,,,,,,,,,,,,,,,,,,,,,,,,,0.8706989288330078,19.35122299194336,9.67561149597168,,,,,0.5,xent beta=0.5 adamw
,train,,,,,,,xent_beta-0p5_adamw_seed17,xent,adamw,0.5,0.2455765987222191,19.688297271728516,0.0006972632005929026,1059.2160365581512,2030.0,4159488.0,,0.8318201179928086,,,,,,,,,,,,,,,,,,,,,,,,,,,,,,0.9652551412582397,19.688297271728516,9.844148635864258,,,,,0.5,xent beta=0.5 adamw
,train,,,,,,,xent_beta-0p5_adamw_seed17,xent,adamw,0.5,0.13160837733241199,19.58061981201172,0.0006945339199634405,1064.2683568000793,2040.0,4179968.0,,0.7877519870590513,,,,,,,,,,,,,,,,,,,,,,,,,,,,,,0.873977541923523,19.58061981201172,9.79030990600586,,,,,0.5,xent beta=0.5 adamw
,train,,,,,,,xent_beta-0p5_adamw_seed17,xent,adamw,0.5,0.1759327847723398,19.49437713623047,0.0006917986981106295,1070.0056993961334,2050.0,4200448.0,,0.7956239030637806,,,,,,,,,,,,,,,,,,,,,,,,,,,,,,0.9276354908943176,19.49437713623047,9.747188568115234,,,,,0.5,xent beta=0.5 adamw
,train,,,,,,,xent_beta-0p5_adamw_seed17,xent,adamw,0.5,0.14329994105878355,19.588863372802734,0.0006890576474687264,1075.4042088985443,2060.0,4220928.0,,0.8363027550930404,,,,,,,,,,,,,,,,,,,,,,,,,,,,,,0.9332358837127686,19.588863372802734,9.794431686401367,,,,,0.5,xent beta=0.5 adamw
,train,,,,,,,xent_beta-0p5_adamw_seed17,xent,adamw,0.5,0.17993388325655535,19.68048095703125,0.0006863108807115874,1081.0235710144043,2070.0,4241408.0,,0.8075842985897318,,,,,,,,,,,,,,,,,,,,,,,,,,,,,,0.8643667697906494,19.68048095703125,9.840240478515625,,,,,0.5,xent beta=0.5 adamw
,train,,,,,,,xent_beta-0p5_adamw_seed17,xent,adamw,0.5,0.1754170095452711,19.48147964477539,0.0006835585107480358,1086.9556155204773,2080.0,4261888.0,,0.7652229432907474,,,,,,,,,,,,,,,,,,,,,,,,,,,,,,0.8526732921600342,19.48147964477539,9.740739822387695,,,,,0.5,xent beta=0.5 adamw
,train,,,,,,,xent_beta-0p5_adamw_seed17,xent,adamw,0.5,0.37084681233850764,19.864410400390625,0.0006808006507172202,1092.682265996933,2090.0,4282368.0,,0.9201963778011933,,,,,,,,,,,,,,,,,,,,,,,,,,,,,,1.251497507095337,19.864410400390625,9.932205200195312,,,,,0.5,xent beta=0.5 adamw
,train,,,,,,,xent_beta-0p5_adamw_seed17,xent,adamw,0.5,0.5524556190000075,19.31060028076172,0.0006780374139839646,1098.3600754737854,2100.0,4302848.0,,1.1223009806829076,,,,,,,,,,,,,,,,,,,,,,,,,,,,,,1.258796215057373,19.31060028076172,9.65530014038086,,,,,0.5,xent beta=0.5 adamw
,eval,,,,,,,xent_beta-0p5_adamw_seed17,xent,adamw,0.5,,,,1098.3625311851501,2100.0,,,,0.01792844943702221,10499.3984375,19.51837158203125,2.4892215728759766,4.443888187408447,6.556519508361816,,,,2.9252936840057373,10639.4130859375,2431554.25,18682.77734375,9.809516906738281,5.281913757324219,0.24990710616111755,0.9100999236106873,0.2109375,0.00809408538043499,0.1181640625,8143.873046875,8.891863822937012,4.11316442489624,0.24917352199554443,1.2421875,0.01924363151192665,0.14453125,7.038457870483398,,,,,9.759185791015625,0.867321789264679,,,0.5,xent beta=0.5 adamw
,train,,,,,,,xent_beta-0p5_adamw_seed17,xent,adamw,0.5,0.19486577183468112,19.60849952697754,0.0006752689141341085,1104.1139678955078,2110.0,4323328.0,,0.803835149213433,,,,,,,,,,,,,,,,,,,,,,,,,,,,,,0.8941556811332703,19.60849952697754,9.80424976348877,,,,,0.5,xent beta=0.5 adamw
,train,,,,,,,xent_beta-0p5_adamw_seed17,xent,adamw,0.5,0.2559902778966112,19.395965576171875,0.000672495264969837,1109.7743198871613,2120.0,4343808.0,,0.7465987736887922,,,,,,,,,,,,,,,,,,,,,,,,,,,,,,0.9543076753616333,19.395965576171875,9.697982788085938,,,,,0.5,xent beta=0.5 adamw
,train,,,,,,,xent_beta-0p5_adamw_seed17,xent,adamw,0.5,0.14943981540401818,19.389514923095703,0.0006697165805050039,1115.0659883022308,2130.0,4364288.0,,0.7352006656591301,,,,,,,,,,,,,,,,,,,,,,,,,,,,,,0.8651719689369202,19.389514923095703,9.694757461547852,,,,,0.5,xent beta=0.5 adamw
,train,,,,,,,xent_beta-0p5_adamw_seed17,xent,adamw,0.5,0.22443620358129543,19.60995864868164,0.0006669329749604438,1120.5271365642548,2140.0,4384768.0,,0.758862685065971,,,,,,,,,,,,,,,,,,,,,,,,,,,,,,0.9709454774856567,19.60995864868164,9.80497932434082,,,,,0.5,xent beta=0.5 adamw
,train,,,,,,,xent_beta-0p5_adamw_seed17,xent,adamw,0.5,0.18321198811590897,19.13625717163086,0.0006641445627592783,1126.3062100410461,2150.0,4405248.0,,0.7829960258584042,,,,,,,,,,,,,,,,,,,,,,,,,,,,,,0.814272940158844,19.13625717163086,9.56812858581543,,,,,0.5,xent beta=0.5 adamw
,train,,,,,,,xent_beta-0p5_adamw_seed17,xent,adamw,0.5,0.20784915829020803,19.360309600830078,0.0006613514585222114,1131.7527959346771,2160.0,4425728.0,,0.8450955699103115,,,,,,,,,,,,,,,,,,,,,,,,,,,,,,1.0302436351776123,19.360309600830078,9.680154800415039,,,,,0.5,xent beta=0.5 adamw
,train,,,,,,,xent_beta-0p5_adamw_seed17,xent,adamw,0.5,0.17403945528142944,19.578641891479492,0.0006585537770628186,1137.4351162910461,2170.0,4446208.0,,0.7514806018229542,,,,,,,,,,,,,,,,,,,,,,,,,,,,,,0.9592924118041992,19.578641891479492,9.789320945739746,,,,,0.5,xent beta=0.5 adamw
,train,,,,,,,xent_beta-0p5_adamw_seed17,xent,adamw,0.5,0.16041422961225038,19.47039031982422,0.0006557516333828269,1143.1844186782837,2180.0,4466688.0,,0.6878599969744842,,,,,,,,,,,,,,,,,,,,,,,,,,,,,,0.8214830160140991,19.47039031982422,9.73519515991211,,,,,0.5,xent beta=0.5 adamw
,train,,,,,,,xent_beta-0p5_adamw_seed17,xent,adamw,0.5,0.17223718069045965,19.371532440185547,0.0006529451426673875,1149.1201519966125,2190.0,4487168.0,,0.6887815986127246,,,,,,,,,,,,,,,,,,,,,,,,,,,,,,0.8386704921722412,19.371532440185547,9.685766220092773,,,,,0.5,xent beta=0.5 adamw
,train,,,,,,,xent_beta-0p5_adamw_seed17,xent,adamw,0.5,0.2416833229743381,19.37671661376953,0.0006501344202803415,1154.585978269577,2200.0,4507648.0,,0.761224567420449,,,,,,,,,,,,,,,,,,,,,,,,,,,,,,0.9798537492752075,19.37671661376953,9.688358306884766,,,,,0.5,xent beta=0.5 adamw
,eval,,,,,,,xent_beta-0p5_adamw_seed17,xent,adamw,0.5,,,,1154.5889132022858,2200.0,,,,0.017859889194369316,10497.828125,19.50548553466797,2.4490549564361572,4.471607208251953,6.491881370544434,4.973954677581787,0.9929871554953156,0.5216877745570859,2.858797073364258,10634.1953125,2432121.25,17774.44921875,9.76319694519043,5.455628395080566,0.24990984797477722,0.9153608083724976,0.19140625,0.007837362587451935,0.1103515625,8143.873046875,8.891863822937012,4.11316442489624,0.24917352199554443,1.2421875,0.01924363151192665,0.14453125,6.971961498260498,,,,,9.752742767333984,0.8608787059783936,,,0.5,xent beta=0.5 adamw
,train,,,,,,,xent_beta-0p5_adamw_seed17,xent,adamw,0.5,0.20274834848547496,19.76247215270996,0.0006473195817594775,1161.06520652771,2210.0,4528128.0,,0.8015755589331782,,,,,,,,,,,,,,,,,,,,,,,,,,,,,,0.8889783620834351,19.76247215270996,9.88123607635498,,,,,0.5,xent beta=0.5 adamw
,train,,,,,,,xent_beta-0p5_adamw_seed17,xent,adamw,0.5,0.47593324997346703,20.184768676757812,0.0006445007428117821,1166.3791527748108,2220.0,4548608.0,,0.9797527884116669,,,,,,,,,,,,,,,,,,,,,,,,,,,,,,0.9677107930183411,20.184768676757812,10.092384338378906,,,,,0.5,xent beta=0.5 adamw
,train,,,,,,,xent_beta-0p5_adamw_seed17,xent,adamw,0.5,0.35014303956811693,19.595428466796875,0.0006416780193086841,1171.8017568588257,2230.0,4569088.0,,0.8122176827800234,,,,,,,,,,,,,,,,,,,,,,,,,,,,,,0.9346545934677124,19.595428466796875,9.797714233398438,,,,,0.5,xent beta=0.5 adamw
,train,,,,,,,xent_beta-0p5_adamw_seed17,xent,adamw,0.5,0.2793166281714599,19.38714599609375,0.0006388515272812901,1177.3474698066711,2240.0,4589568.0,,0.8120245262530451,,,,,,,,,,,,,,,,,,,,,,,,,,,,,,0.9904474020004272,19.38714599609375,9.693572998046875,,,,,0.5,xent beta=0.5 adamw
,train,,,,,,,xent_beta-0p5_adamw_seed17,xent,adamw,0.5,0.17238396297001066,19.585649490356445,0.0006360213829156176,1182.7952353954315,2250.0,4610048.0,,0.704354515883243,,,,,,,,,,,,,,,,,,,,,,,,,,,,,,0.8892271518707275,19.585649490356445,9.792824745178223,,,,,0.5,xent beta=0.5 adamw
,train,,,,,,,xent_beta-0p5_adamw_seed17,xent,adamw,0.5,0.169488796480045,19.544631958007812,0.0006331877025478159,1188.4356734752655,2260.0,4630528.0,,0.6848950577842379,,,,,,,,,,,,,,,,,,,,,,,,,,,,,,0.8408061265945435,19.544631958007812,9.772315979003906,,,,,0.5,xent beta=0.5 adamw
,train,,,,,,,xent_beta-0p5_adamw_seed17,xent,adamw,0.5,0.183359421784905,19.583677291870117,0.0006303506026593865,1193.8990728855133,2270.0,4651008.0,,0.7265640709463983,,,,,,,,,,,,,,,,,,,,,,,,,,,,,,0.9274278879165649,19.583677291870117,9.791838645935059,,,,,0.5,xent beta=0.5 adamw
,train,,,,,,,xent_beta-0p5_adamw_seed17,xent,adamw,0.5,0.20332444351841072,19.53028106689453,0.0006275101998723936,1199.7945656776428,2280.0,4671488.0,,0.7330370846518832,,,,,,,,,,,,,,,,,,,,,,,,,,,,,,0.8934990763664246,19.53028106689453,9.765140533447266,,,,,0.5,xent beta=0.5 adamw
,train,,,,,,,xent_beta-0p5_adamw_seed17,xent,adamw,0.5,0.2821294198556924,19.321828842163086,0.0006246666109446706,1205.3921835422516,2290.0,4691968.0,,0.8018394173375158,,,,,,,,,,,,,,,,,,,,,,,,,,,,,,0.8525869250297546,19.321828842163086,9.660914421081543,,,,,0.5,xent beta=0.5 adamw
,train,,,,,,,xent_beta-0p5_adamw_seed17,xent,adamw,0.5,0.17738318629346797,19.58232879638672,0.0006218199527650207,1211.2798173427582,2300.0,4712448.0,,0.711110583025271,,,,,,,,,,,,,,,,,,,,,,,,,,,,,,0.8841487169265747,19.58232879638672,9.79116439819336,,,,,0.5,xent beta=0.5 adamw
,eval,,,,,,,xent_beta-0p5_adamw_seed17,xent,adamw,0.5,,,,1211.2823066711426,2300.0,,,,0.017939038574695587,10494.5439453125,19.525903701782227,2.459813356399536,4.442347526550293,6.580268859863281,,,,2.9513092041015625,10632.236328125,2432219.25,18139.302734375,9.78148078918457,5.344644069671631,0.24989765882492065,0.9140110015869141,0.1884765625,0.008239289745688438,0.125,8143.873046875,8.891863822937012,4.11316442489624,0.24917352199554443,1.2421875,0.01924363151192665,0.14453125,7.0644731521606445,,,,,9.762951850891113,0.8710882067680359,,,0.5,xent beta=0.5 adamw
,train,,,,,,,xent_beta-0p5_adamw_seed17,xent,adamw,0.5,0.16445977508735302,19.57935905456543,0.0006189703423484121,1217.2967774868011,2310.0,4732928.0,,0.6972231969335966,,,,,,,,,,,,,,,,,,,,,,,,,,,,,,0.8526788949966431,19.57935905456543,9.789679527282715,,,,,0.5,xent beta=0.5 adamw
,train,,,,,,,xent_beta-0p5_adamw_seed17,xent,adamw,0.5,0.26000410501691085,19.375028610229492,0.0006161178968311681,1222.4512693881989,2320.0,4753408.0,,0.75849641511609,,,,,,,,,,,,,,,,,,,,,,,,,,,,,,0.8552451133728027,19.375028610229492,9.687514305114746,,,,,0.5,xent beta=0.5 adamw
,train,,,,,,,xent_beta-0p5_adamw_seed17,xent,adamw,0.5,0.42000615811025493,19.964685440063477,0.0006132627334661513,1228.4630362987518,2330.0,4773888.0,,0.770231751037383,,,,,,,,,,,,,,,,,,,,,,,,,,,,,,1.0825695991516113,19.964685440063477,9.982342720031738,,,,,0.5,xent beta=0.5 adamw
,train,,,,,,,xent_beta-0p5_adamw_seed17,xent,adamw,0.5,0.2806001417965295,19.674802780151367,0.000610404969617945,1233.6526651382446,2340.0,4794368.0,,0.7159539781368989,,,,,,,,,,,,,,,,,,,,,,,,,,,,,,0.9424240589141846,19.674802780151367,9.837401390075684,,,,,0.5,xent beta=0.5 adamw
,train,,,,,,,xent_beta-0p5_adamw_seed17,xent,adamw,0.5,0.21477859182835432,19.76835060119629,0.0006075447227580277,1238.8994131088257,2350.0,4814848.0,,0.8011495813729969,,,,,,,,,,,,,,,,,,,,,,,,,,,,,,0.9075747728347778,19.76835060119629,9.884175300598145,,,,,0.5,xent beta=0.5 adamw
,train,,,,,,,xent_beta-0p5_adamw_seed17,xent,adamw,0.5,0.21013517446530572,19.39990997314453,0.0006046821104599453,1244.431407213211,2360.0,4835328.0,,0.7613717226634209,,,,,,,,,,,,,,,,,,,,,,,,,,,,,,0.9221640825271606,19.39990997314453,9.699954986572266,,,,,0.5,xent beta=0.5 adamw
,train,,,,,,,xent_beta-0p5_adamw_seed17,xent,adamw,0.5,0.18543401227634915,19.47139549255371,0.0006018172503944768,1249.9833812713623,2370.0,4855808.0,,0.6440707113467845,,,,,,,,,,,,,,,,,,,,,,,,,,,,,,0.825150191783905,19.47139549255371,9.735697746276855,,,,,0.5,xent beta=0.5 adamw
,train,,,,,,,xent_beta-0p5_adamw_seed17,xent,adamw,0.5,0.12900750846952194,19.472639083862305,0.0005989502603247989,1255.384199142456,2380.0,4876288.0,,0.8107091237444362,,,,,,,,,,,,,,,,,,,,,,,,,,,,,,0.7465558052062988,19.472639083862305,9.736319541931152,,,,,0.5,xent beta=0.5 adamw
,train,,,,,,,xent_beta-0p5_adamw_seed17,xent,adamw,0.5,4.436650003579728,18.811981201171875,0.0005960812581016442,1260.9781777858734,2390.0,4896768.0,,1.4197422701857991,,,,,,,,,,,,,,,,,,,,,,,,,,,,,,2.161520481109619,18.811981201171875,9.405990600585938,,,,,0.5,xent beta=0.5 adamw
,train,,,,,,,xent_beta-0p5_adamw_seed17,xent,adamw,0.5,0.3565951729904384,19.641738891601562,0.0005932103616584568,1266.8221707344055,2400.0,4917248.0,,1.1784945673953704,,,,,,,,,,,,,,,,,,,,,,,,,,,,,,0.9607675671577454,19.641738891601562,9.820869445800781,,,,,0.5,xent beta=0.5 adamw
,eval,,,,,,,xent_beta-0p5_adamw_seed17,xent,adamw,0.5,,,,1266.8253002166748,2400.0,,,,0.017999596893787384,10530.5576171875,19.671504974365234,2.5460453033447266,4.6635260581970215,6.838104248046875,4.449697017669678,0.9956037998189506,0.5008136629083318,3.1551129817962646,10677.09375,2431152.5,19344.23046875,9.84969425201416,5.611571311950684,0.2499264031648636,0.9154843091964722,0.19140625,0.007117461413145065,0.1162109375,8143.873046875,8.891863822937012,4.11316442489624,0.24917352199554443,1.2421875,0.01924363151192665,0.14453125,7.268277168273926,,,,,9.835752487182617,0.9438884258270264,,,0.5,xent beta=0.5 adamw
,train,,,,,,,xent_beta-0p5_adamw_seed17,xent,adamw,0.5,0.287070713883161,19.93341064453125,0.0005903376890065452,1273.5605063438416,2410.0,4937728.0,,0.8142456376812541,,,,,,,,,,,,,,,,,,,,,,,,,,,,,,0.9015481472015381,19.93341064453125,9.966705322265625,,,,,0.5,xent beta=0.5 adamw
,train,,,,,,,xent_beta-0p5_adamw_seed17,xent,adamw,0.5,0.21604862527558621,19.62506866455078,0.0005874633582302302,1278.4841442108154,2420.0,4958208.0,,0.6323678892933156,,,,,,,,,,,,,,,,,,,,,,,,,,,,,,0.9180155396461487,19.62506866455078,9.81253433227539,,,,,0.5,xent beta=0.5 adamw
,train,,,,,,,xent_beta-0p5_adamw_seed17,xent,adamw,0.5,0.16619707714278065,20.088268280029297,0.0005845874874819925,1283.8349041938782,2430.0,4978688.0,,0.5671242379993403,,,,,,,,,,,,,,,,,,,,,,,,,,,,,,0.874153733253479,20.088268280029297,10.044134140014648,,,,,0.5,xent beta=0.5 adamw
,train,,,,,,,xent_beta-0p5_adamw_seed17,xent,adamw,0.5,0.17555751493253222,19.642608642578125,0.0005817101949776143,1289.4744668006897,2440.0,4999168.0,,0.6309755461215248,,,,,,,,,,,,,,,,,,,,,,,,,,,,,,0.795768678188324,19.642608642578125,9.821304321289062,,,,,0.5,xent beta=0.5 adamw
,train,,,,,,,xent_beta-0p5_adamw_seed17,xent,adamw,0.5,0.16591579171649717,19.47376251220703,0.0005788315989913209,1295.147104024887,2450.0,5019648.0,,0.5904572363463012,,,,,,,,,,,,,,,,,,,,,,,,,,,,,,0.9113600850105286,19.47376251220703,9.736881256103516,,,,,0.5,xent beta=0.5 adamw
,train,,,,,,,xent_beta-0p5_adamw_seed17,xent,adamw,0.5,0.19248642848663705,19.582990646362305,0.0005759518178509185,1300.9066185951233,2460.0,5040128.0,,0.5454756326919141,,,,,,,,,,,,,,,,,,,,,,,,,,,,,,0.86032634973526,19.582990646362305,9.791495323181152,,,,,0.5,xent beta=0.5 adamw
,train,,,,,,,xent_beta-0p5_adamw_seed17,xent,adamw,0.5,0.15578035401358165,19.687509536743164,0.0005730709699329306,1306.6125099658966,2470.0,5060608.0,,0.5696790055505395,,,,,,,,,,,,,,,,,,,,,,,,,,,,,,0.8490197062492371,19.687509536743164,9.843754768371582,,,,,0.5,xent beta=0.5 adamw
,train,,,,,,,xent_beta-0p5_adamw_seed17,xent,adamw,0.5,0.32058352232293547,19.604312896728516,0.0005701891736577318,1312.0693361759186,2480.0,5081088.0,,0.6159673156220093,,,,,,,,,,,,,,,,,,,,,,,,,,,,,,0.8966323733329773,19.604312896728516,9.802156448364258,,,,,0.5,xent beta=0.5 adamw
,train,,,,,,,xent_beta-0p5_adamw_seed17,xent,adamw,0.5,0.17025004940420235,19.64920997619629,0.0005673065474846793,1317.8063700199127,2490.0,5101568.0,,0.6295683197487933,,,,,,,,,,,,,,,,,,,,,,,,,,,,,,0.8558336496353149,19.64920997619629,9.824604988098145,,,,,0.5,xent beta=0.5 adamw
,train,,,,,,,xent_beta-0p5_adamw_seed17,xent,adamw,0.5,0.21478255691024659,19.551227569580078,0.0005644232099072449,1323.0145127773285,2500.0,5122048.0,,0.5994157023758416,,,,,,,,,,,,,,,,,,,,,,,,,,,,,,0.9371898770332336,19.551227569580078,9.775613784790039,,,,,0.5,xent beta=0.5 adamw
,eval,,,,,,,xent_beta-0p5_adamw_seed17,xent,adamw,0.5,,,,1323.0173423290253,2500.0,,,,0.017778990790247917,10495.2587890625,19.49544906616211,2.4540534019470215,4.465592861175537,6.473933219909668,,,,2.837569236755371,10632.5341796875,2432513.25,17903.23828125,9.77212905883789,5.444947719573975,0.24991221725940704,0.9152297377586365,0.1962890625,0.007796135265380144,0.1181640625,8143.873046875,8.891863822937012,4.11316442489624,0.24917352199554443,1.2421875,0.01924363151192665,0.14453125,6.950733661651611,,,,,9.747724533081055,0.8558614253997803,,,0.5,xent beta=0.5 adamw
,train,,,,,,,xent_beta-0p5_adamw_seed17,xent,adamw,0.5,0.2820773509374683,19.49801254272461,0.000561539279448143,1328.2952110767365,2510.0,5142528.0,,0.7766696927455873,,,,,,,,,,,,,,,,,,,,,,,,,,,,,,0.8784369230270386,19.49801254272461,9.749006271362305,,,,,0.5,xent beta=0.5 adamw
,train,,,,,,,xent_beta-0p5_adamw_seed17,xent,adamw,0.5,0.2282037467140063,19.679412841796875,0.0005586548746544592,1334.310483455658,2520.0,5163008.0,,0.7598036584093675,,,,,,,,,,,,,,,,,,,,,,,,,,,,,,0.9079899787902832,19.679412841796875,9.839706420898438,,,,,0.5,xent beta=0.5 adamw
,train,,,,,,,xent_beta-0p5_adamw_seed17,xent,adamw,0.5,0.3003519212522476,19.199220657348633,0.0005557701140927774,1339.5386629104614,2530.0,5183488.0,,0.7301896127535935,,,,,,,,,,,,,,,,,,,,,,,,,,,,,,0.8683333396911621,19.199220657348633,9.599610328674316,,,,,0.5,xent beta=0.5 adamw
,train,,,,,,,xent_beta-0p5_adamw_seed17,xent,adamw,0.5,0.3455403749003372,19.721920013427734,0.0005528851163443051,1345.4465403556824,2540.0,5203968.0,,0.6859437041768497,,,,,,,,,,,,,,,,,,,,,,,,,,,,,,0.8856180310249329,19.721920013427734,9.860960006713867,,,,,0.5,xent beta=0.5 adamw
,train,,,,,,,xent_beta-0p5_adamw_seed17,xent,adamw,0.5,0.20088519661758167,19.63509178161621,0.00055,1350.8044786453247,2550.0,5224448.0,,0.6194203076422039,,,,,,,,,,,,,,,,,,,,,,,,,,,,,,0.8681002259254456,19.63509178161621,9.817545890808105,,,,,0.5,xent beta=0.5 adamw
,train,,,,,,,xent_beta-0p5_adamw_seed17,xent,adamw,0.5,0.1833546030616254,19.411151885986328,0.0005471148836556951,1356.4256672859192,2560.0,5244928.0,,0.5923270370940603,,,,,,,,,,,,,,,,,,,,,,,,,,,,,,0.8641115427017212,19.411151885986328,9.705575942993164,,,,,0.5,xent beta=0.5 adamw
,train,,,,,,,xent_beta-0p5_adamw_seed17,xent,adamw,0.5,0.17215959035373804,19.411609649658203,0.0005442298859072227,1362.2951653003693,2570.0,5265408.0,,0.5903713208566329,,,,,,,,,,,,,,,,,,,,,,,,,,,,,,0.8762983679771423,19.411609649658203,9.705804824829102,,,,,0.5,xent beta=0.5 adamw
,train,,,,,,,xent_beta-0p5_adamw_seed17,xent,adamw,0.5,0.2071274266583152,19.730411529541016,0.0005413451253455408,1367.5480988025665,2580.0,5285888.0,,0.6183211760628666,,,,,,,,,,,,,,,,,,,,,,,,,,,,,,0.8814644813537598,19.730411529541016,9.865205764770508,,,,,0.5,xent beta=0.5 adamw
,train,,,,,,,xent_beta-0p5_adamw_seed17,xent,adamw,0.5,0.1856486998434426,19.459613800048828,0.0005384607205518572,1373.440967798233,2590.0,5306368.0,,0.6217736339906268,,,,,,,,,,,,,,,,,,,,,,,,,,,,,,0.907760500907898,19.459613800048828,9.729806900024414,,,,,0.5,xent beta=0.5 adamw
,train,,,,,,,xent_beta-0p5_adamw_seed17,xent,adamw,0.5,0.2353712025626876,19.55027961730957,0.0005355767900927552,1378.943960428238,2600.0,5326848.0,,0.6038538274974895,,,,,,,,,,,,,,,,,,,,,,,,,,,,,,0.9536681175231934,19.55027961730957,9.775139808654785,,,,,0.5,xent beta=0.5 adamw
,eval,,,,,,,xent_beta-0p5_adamw_seed17,xent,adamw,0.5,,,,1378.9464285373688,2600.0,,,,0.017775926738977432,10506.78515625,19.480632781982422,2.447777271270752,4.529886722564697,6.445901870727539,4.643240451812744,0.9953330752442108,0.50288495404164,2.776203155517578,10644.2431640625,2432417.0,17717.0234375,9.76069450378418,5.592113494873047,0.24991436302661896,0.9263866543769836,0.1884765625,0.007352959830313921,0.1142578125,8143.873046875,8.891863822937012,4.11316442489624,0.24917352199554443,1.2421875,0.01924363151192665,0.14453125,6.88936710357666,,,,,9.740316390991211,0.8484528064727783,,,0.5,xent beta=0.5 adamw
,train,,,,,,,xent_beta-0p5_adamw_seed17,xent,adamw,0.5,0.2719278237616574,19.555648803710938,0.0005326934525153208,1384.744425535202,2610.0,5347328.0,,0.6165378855176772,,,,,,,,,,,,,,,,,,,,,,,,,,,,,,0.898357629776001,19.555648803710938,9.777824401855469,,,,,0.5,xent beta=0.5 adamw
,train,,,,,,,xent_beta-0p5_adamw_seed17,xent,adamw,0.5,0.22815415416810905,19.41077995300293,0.0005298108263422685,1389.9714245796204,2620.0,5367808.0,,0.6074493548477319,,,,,,,,,,,,,,,,,,,,,,,,,,,,,,0.8868405222892761,19.41077995300293,9.705389976501465,,,,,0.5,xent beta=0.5 adamw
,train,,,,,,,xent_beta-0p5_adamw_seed17,xent,adamw,0.5,0.1863214006645057,19.575456619262695,0.0005269290300670695,1395.428291797638,2630.0,5388288.0,,0.7057231591639818,,,,,,,,,,,,,,,,,,,,,,,,,,,,,,0.9186493158340454,19.575456619262695,9.787728309631348,,,,,0.5,xent beta=0.5 adamw
,train,,,,,,,xent_beta-0p5_adamw_seed17,xent,adamw,0.5,0.17198245527816028,19.495807647705078,0.0005240481821490816,1400.9499826431274,2640.0,5408768.0,,0.6583256794895385,,,,,,,,,,,,,,,,,,,,,,,,,,,,,,0.8871517181396484,19.495807647705078,9.747903823852539,,,,,0.5,xent beta=0.5 adamw
,train,,,,,,,xent_beta-0p5_adamw_seed17,xent,adamw,0.5,0.2229233990673936,19.65960121154785,0.0005211684010086792,1406.1749951839447,2650.0,5429248.0,,0.6126735813283238,,,,,,,,,,,,,,,,,,,,,,,,,,,,,,0.8348003625869751,19.65960121154785,9.829800605773926,,,,,0.5,xent beta=0.5 adamw
,train,,,,,,,xent_beta-0p5_adamw_seed17,xent,adamw,0.5,0.21194040101676073,19.379161834716797,0.0005182898050223858,1411.9428598880768,2660.0,5449728.0,,0.5986935793251513,,,,,,,,,,,,,,,,,,,,,,,,,,,,,,0.8237112760543823,19.379161834716797,9.689580917358398,,,,,0.5,xent beta=0.5 adamw
,train,,,,,,,xent_beta-0p5_adamw_seed17,xent,adamw,0.5,0.20085842148349445,19.405881881713867,0.0005154125125180076,1418.1192226409912,2670.0,5470208.0,,0.614770878557285,,,,,,,,,,,,,,,,,,,,,,,,,,,,,,0.8772823214530945,19.405881881713867,9.702940940856934,,,,,0.5,xent beta=0.5 adamw
,train,,,,,,,xent_beta-0p5_adamw_seed17,xent,adamw,0.5,0.16384687556507269,19.373607635498047,0.0005125366417697699,1423.8303182125092,2680.0,5490688.0,,0.617877451600131,,,,,,,,,,,,,,,,,,,,,,,,,,,,,,0.8350093960762024,19.373607635498047,9.686803817749023,,,,,0.5,xent beta=0.5 adamw
,train,,,,,,,xent_beta-0p5_adamw_seed17,xent,adamw,0.5,0.2748072445582376,19.610157012939453,0.000509662310993455,1429.9563791751862,2690.0,5511168.0,,0.6078708900275129,,,,,,,,,,,,,,,,,,,,,,,,,,,,,,0.8799967169761658,19.610157012939453,9.805078506469727,,,,,0.5,xent beta=0.5 adamw
,train,,,,,,,xent_beta-0p5_adamw_seed17,xent,adamw,0.5,0.32375323836535547,19.504392623901367,0.0005067896383415433,1435.5962948799133,2700.0,5531648.0,,0.7104296506968122,,,,,,,,,,,,,,,,,,,,,,,,,,,,,,0.900761604309082,19.504392623901367,9.752196311950684,,,,,0.5,xent beta=0.5 adamw
,eval,,,,,,,xent_beta-0p5_adamw_seed17,xent,adamw,0.5,,,,1435.5993406772614,2700.0,,,,0.017761247232556343,10503.00390625,19.46014404296875,2.530503034591675,4.489297389984131,6.402054309844971,,,,2.776594877243042,10637.123046875,2432772.0,17331.15234375,9.738317489624023,5.333893299102783,0.24990388751029968,0.9093351364135742,0.1875,0.008246470242738724,0.1220703125,8143.873046875,8.891863822937012,4.11316442489624,0.24917352199554443,1.2421875,0.01924363151192665,0.14453125,6.889759063720703,,,,,9.730072021484375,0.8382087349891663,,,0.5,xent beta=0.5 adamw
,train,,,,,,,xent_beta-0p5_adamw_seed17,xent,adamw,0.5,0.20776372438945256,19.389007568359375,0.0005039187418983559,1440.7773942947388,2710.0,5552128.0,,0.5840077803515951,,,,,,,,,,,,,,,,,,,,,,,,,,,,,,0.8751521110534668,19.389007568359375,9.694503784179688,,,,,0.5,xent beta=0.5 adamw
,train,,,,,,,xent_beta-0p5_adamw_seed17,xent,adamw,0.5,0.26280062452568226,19.414138793945312,0.0005010497396752011,1446.7120878696442,2720.0,5572608.0,,0.7524085651254779,,,,,,,,,,,,,,,,,,,,,,,,,,,,,,1.0771147012710571,19.414138793945312,9.707069396972656,,,,,0.5,xent beta=0.5 adamw
,train,,,,,,,xent_beta-0p5_adamw_seed17,xent,adamw,0.5,0.22973718114678987,19.38117790222168,0.0004981827496055234,1452.3139970302582,2730.0,5593088.0,,0.640586957585523,,,,,,,,,,,,,,,,,,,,,,,,,,,,,,1.0154578685760498,19.38117790222168,9.69058895111084,,,,,0.5,xent beta=0.5 adamw
,train,,,,,,,xent_beta-0p5_adamw_seed17,xent,adamw,0.5,0.19163898970939958,19.531837463378906,0.0004953178895400549,1458.0487170219421,2740.0,5613568.0,,0.5513566734819997,,,,,,,,,,,,,,,,,,,,,,,,,,,,,,0.878602147102356,19.531837463378906,9.765918731689453,,,,,0.5,xent beta=0.5 adamw
,train,,,,,,,xent_beta-0p5_adamw_seed17,xent,adamw,0.5,0.14870988958489226,19.606760025024414,0.0004924552772419723,1464.0217201709747,2750.0,5634048.0,,0.570087605719159,,,,,,,,,,,,,,,,,,,,,,,,,,,,,,0.8394691944122314,19.606760025024414,9.803380012512207,,,,,0.5,xent beta=0.5 adamw
,train,,,,,,,xent_beta-0p5_adamw_seed17,xent,adamw,0.5,0.16511946745918363,19.54141616821289,0.0004895950303820552,1469.7732434272766,2760.0,5654528.0,,0.561298565943326,,,,,,,,,,,,,,,,,,,,,,,,,,,,,,0.8624728918075562,19.54141616821289,9.770708084106445,,,,,0.5,xent beta=0.5 adamw
,train,,,,,,,xent_beta-0p5_adamw_seed17,xent,adamw,0.5,0.158986013448061,19.532577514648438,0.00048673726653384886,1475.6625323295593,2770.0,5675008.0,,0.5590282796607612,,,,,,,,,,,,,,,,,,,,,,,,,,,,,,0.843981146812439,19.532577514648438,9.766288757324219,,,,,0.5,xent beta=0.5 adamw
,train,,,,,,,xent_beta-0p5_adamw_seed17,xent,adamw,0.5,0.23259938348319814,19.30925750732422,0.00048388210316883197,1481.7825078964233,2780.0,5695488.0,,0.5481609377773262,,,,,,,,,,,,,,,,,,,,,,,,,,,,,,0.8740225434303284,19.30925750732422,9.65462875366211,,,,,0.5,xent beta=0.5 adamw
,train,,,,,,,xent_beta-0p5_adamw_seed17,xent,adamw,0.5,0.16363348764050206,19.212820053100586,0.0004810296576515878,1487.3356306552887,2790.0,5715968.0,,0.5889117276764452,,,,,,,,,,,,,,,,,,,,,,,,,,,,,,0.8429324626922607,19.212820053100586,9.606410026550293,,,,,0.5,xent beta=0.5 adamw
,train,,,,,,,xent_beta-0p5_adamw_seed17,xent,adamw,0.5,0.17095084418904338,19.41581153869629,0.0004781800472349794,1492.7744724750519,2800.0,5736448.0,,0.5413948222800121,,,,,,,,,,,,,,,,,,,,,,,,,,,,,,0.8713758587837219,19.41581153869629,9.707905769348145,,,,,0.5,xent beta=0.5 adamw
,eval,,,,,,,xent_beta-0p5_adamw_seed17,xent,adamw,0.5,,,,1492.7772326469421,2800.0,,,,0.01779770478606224,10503.3759765625,19.461627960205078,2.414119005203247,4.441742897033691,6.378971099853516,5.118774890899658,0.9903352856626143,0.5188933588388309,2.7473220825195312,10641.8037109375,2432907.0,18026.35546875,9.778745651245117,5.52985143661499,0.24991071224212646,0.9195497035980225,0.228515625,0.007575272582471371,0.1142578125,8143.873046875,8.891863822937012,4.11316442489624,0.24917352199554443,1.2421875,0.01924363151192665,0.14453125,6.860486030578613,,,,,9.730813980102539,0.838949978351593,,,0.5,xent beta=0.5 adamw
,train,,,,,,,xent_beta-0p5_adamw_seed17,xent,adamw,0.5,0.25553636542674546,19.426021575927734,0.00047533338905532966,1499.1661541461945,2810.0,5756928.0,,0.5620979241219497,,,,,,,,,,,,,,,,,,,,,,,,,,,,,,0.921759843826294,19.426021575927734,9.713010787963867,,,,,0.5,xent beta=0.5 adamw
,train,,,,,,,xent_beta-0p5_adamw_seed17,xent,adamw,0.5,0.18157251573105257,19.580394744873047,0.00047248980012760657,1504.4175181388855,2820.0,5777408.0,,0.5184296618844417,,,,,,,,,,,,,,,,,,,,,,,,,,,,,,0.8789151310920715,19.580394744873047,9.790197372436523,,,,,0.5,xent beta=0.5 adamw
,train,,,,,,,xent_beta-0p5_adamw_seed17,xent,adamw,0.5,0.3769990017803107,19.344274520874023,0.0004696493973406135,1510.0798394680023,2830.0,5797888.0,,0.5558113152657794,,,,,,,,,,,,,,,,,,,,,,,,,,,,,,0.8924322724342346,19.344274520874023,9.672137260437012,,,,,0.5,xent beta=0.5 adamw
,train,,,,,,,xent_beta-0p5_adamw_seed17,xent,adamw,0.5,0.1836062757388509,19.59185028076172,0.00046681229745218413,1516.229422569275,2840.0,5818368.0,,0.5301204864831958,,,,,,,,,,,,,,,,,,,,,,,,,,,,,,0.9079650640487671,19.59185028076172,9.79592514038086,,,,,0.5,xent beta=0.5 adamw
,train,,,,,,,xent_beta-0p5_adamw_seed17,xent,adamw,0.5,0.22495901760780349,19.69805145263672,0.0004639786170843826,1522.015845298767,2850.0,5838848.0,,0.5462127533025579,,,,,,,,,,,,,,,,,,,,,,,,,,,,,,0.8866090774536133,19.69805145263672,9.84902572631836,,,,,0.5,xent beta=0.5 adamw
,train,,,,,,,xent_beta-0p5_adamw_seed17,xent,adamw,0.5,0.1800669409314599,19.666641235351562,0.00046114847271870986,1527.431842803955,2860.0,5859328.0,,0.5488540035683314,,,,,,,,,,,,,,,,,,,,,,,,,,,,,,0.8542193174362183,19.666641235351562,9.833320617675781,,,,,0.5,xent beta=0.5 adamw
,train,,,,,,,xent_beta-0p5_adamw_seed17,xent,adamw,0.5,0.18391686477191918,19.499691009521484,0.00045832198069131606,1533.0297610759735,2870.0,5879808.0,,0.6653481987198647,,,,,,,,,,,,,,,,,,,,,,,,,,,,,,0.8528839349746704,19.499691009521484,9.749845504760742,,,,,0.5,xent beta=0.5 adamw
,train,,,,,,,xent_beta-0p5_adamw_seed17,xent,adamw,0.5,0.17780223104493756,19.308765411376953,0.0004554992571882178,1538.6461608409882,2880.0,5900288.0,,0.5939477702587571,,,,,,,,,,,,,,,,,,,,,,,,,,,,,,0.8547101616859436,19.308765411376953,9.654382705688477,,,,,0.5,xent beta=0.5 adamw
,train,,,,,,,xent_beta-0p5_adamw_seed17,xent,adamw,0.5,0.18506786371743486,19.355369567871094,0.0004526804182405224,1544.2232146263123,2890.0,5920768.0,,0.5408343784512776,,,,,,,,,,,,,,,,,,,,,,,,,,,,,,0.9266412258148193,19.355369567871094,9.677684783935547,,,,,0.5,xent beta=0.5 adamw
,train,,,,,,,xent_beta-0p5_adamw_seed17,xent,adamw,0.5,0.21449228941965895,19.683008193969727,0.0004498655797196586,1550.185304403305,2900.0,5941248.0,,0.5527662351838284,,,,,,,,,,,,,,,,,,,,,,,,,,,,,,0.8934484124183655,19.683008193969727,9.841504096984863,,,,,0.5,xent beta=0.5 adamw
,eval,,,,,,,xent_beta-0p5_adamw_seed17,xent,adamw,0.5,,,,1550.1878745555878,2900.0,,,,0.017737511545419693,10500.224609375,19.464340209960938,2.370253562927246,4.4368085861206055,6.414255619049072,,,,2.7626543045043945,10637.6484375,2433072.75,17930.44921875,9.771932601928711,5.539294242858887,0.24990777671337128,0.9221251010894775,0.208984375,0.007518681697547436,0.1181640625,8143.873046875,8.891863822937012,4.11316442489624,0.24917352199554443,1.2421875,0.01924363151192665,0.14453125,6.875818252563477,,,,,9.732170104980469,0.8403060436248779,,,0.5,xent beta=0.5 adamw
,train,,,,,,,xent_beta-0p5_adamw_seed17,xent,adamw,0.5,0.18169733109953876,19.5726318359375,0.0004470548573326126,1555.7319085597992,2910.0,5961728.0,,0.5566535656057564,,,,,,,,,,,,,,,,,,,,,,,,,,,,,,0.8963329792022705,19.5726318359375,9.78631591796875,,,,,0.5,xent beta=0.5 adamw
,train,,,,,,,xent_beta-0p5_adamw_seed17,xent,adamw,0.5,0.16423259861815506,19.455821990966797,0.00044424836661717315,1561.7228436470032,2920.0,5982208.0,,0.5274954155118201,,,,,,,,,,,,,,,,,,,,,,,,,,,,,,0.8092877864837646,19.455821990966797,9.727910995483398,,,,,0.5,xent beta=0.5 adamw
,train,,,,,,,xent_beta-0p5_adamw_seed17,xent,adamw,0.5,0.22293296765635326,19.77212905883789,0.00044144622293718137,1567.4286801815033,2930.0,6002688.0,,0.5012475575075717,,,,,,,,,,,,,,,,,,,,,,,,,,,,,,0.8780428171157837,19.77212905883789,9.886064529418945,,,,,0.5,xent beta=0.5 adamw
,train,,,,,,,xent_beta-0p5_adamw_seed17,xent,adamw,0.5,0.21087306060433392,19.378646850585938,0.00043864854147778864,1573.103140115738,2940.0,6023168.0,,0.47631906923846645,,,,,,,,,,,,,,,,,,,,,,,,,,,,,,0.8219741582870483,19.378646850585938,9.689323425292969,,,,,0.5,xent beta=0.5 adamw
,train,,,,,,,xent_beta-0p5_adamw_seed17,xent,adamw,0.5,0.2069124775287824,19.39193344116211,0.00043585543724072173,1579.2454195022583,2950.0,6043648.0,,0.5228959763450917,,,,,,,,,,,,,,,,,,,,,,,,,,,,,,0.8986620903015137,19.39193344116211,9.695966720581055,,,,,0.5,xent beta=0.5 adamw
,train,,,,,,,xent_beta-0p5_adamw_seed17,xent,adamw,0.5,0.17911325037389692,19.447980880737305,0.0004330670250395563,1584.9743876457214,2960.0,6064128.0,,0.5144418582360415,,,,,,,,,,,,,,,,,,,,,,,,,,,,,,0.9242891669273376,19.447980880737305,9.723990440368652,,,,,0.5,xent beta=0.5 adamw
,train,,,,,,,xent_beta-0p5_adamw_seed17,xent,adamw,0.5,0.22852067515211089,19.579479217529297,0.00043028341949499625,1590.9812910556793,2970.0,6084608.0,,0.4999196258560474,,,,,,,,,,,,,,,,,,,,,,,,,,,,,,0.8992882966995239,19.579479217529297,9.789739608764648,,,,,0.5,xent beta=0.5 adamw
,train,,,,,,,xent_beta-0p5_adamw_seed17,xent,adamw,0.5,0.18188520619129822,19.45159149169922,0.0004275047350301631,1596.9506614208221,2980.0,6105088.0,,0.47429322539951957,,,,,,,,,,,,,,,,,,,,,,,,,,,,,,0.8421777486801147,19.45159149169922,9.72579574584961,,,,,0.5,xent beta=0.5 adamw
,train,,,,,,,xent_beta-0p5_adamw_seed17,xent,adamw,0.5,0.17852288148176496,19.526199340820312,0.0004247310858658916,1602.423889875412,2990.0,6125568.0,,0.4801097410843679,,,,,,,,,,,,,,,,,,,,,,,,,,,,,,0.8672202229499817,19.526199340820312,9.763099670410156,,,,,0.5,xent beta=0.5 adamw
,train,,,,,,,xent_beta-0p5_adamw_seed17,xent,adamw,0.5,0.3247765699235845,19.515138626098633,0.00042196258601603546,1608.15318775177,3000.0,6146048.0,,0.4906844245208568,,,,,,,,,,,,,,,,,,,,,,,,,,,,,,0.8826398849487305,19.515138626098633,9.757569313049316,,,,,0.5,xent beta=0.5 adamw
,eval,,,,,,,xent_beta-0p5_adamw_seed17,xent,adamw,0.5,,,,1608.1562812328339,3000.0,,,,0.017829833552241325,10500.3505859375,19.45633888244629,2.5048563480377197,4.4662322998046875,6.433403968811035,4.884759902954102,0.9924475550641625,0.5139198882670164,2.799905776977539,10633.5966796875,2433435.5,17228.23828125,9.728593826293945,5.283663749694824,0.24989429116249084,0.9074368476867676,0.208984375,0.008574253879487514,0.1171875,8143.873046875,8.891863822937012,4.11316442489624,0.24917352199554443,1.2421875,0.01924363151192665,0.14453125,6.913069725036621,,,,,9.728169441223145,0.8363058567047119,,,0.5,xent beta=0.5 adamw
,train,,,,,,,xent_beta-0p5_adamw_seed17,xent,adamw,0.5,0.2509799947987251,19.381114959716797,0.00041919934928277993,1614.4180312156677,3010.0,6166528.0,,0.48273995821768173,,,,,,,,,,,,,,,,,,,,,,,,,,,,,,0.836898922920227,19.381114959716797,9.690557479858398,,,,,0.5,xent beta=0.5 adamw
,train,,,,,,,xent_beta-0p5_adamw_seed17,xent,adamw,0.5,0.3602557585098417,19.848642349243164,0.0004164414892519642,1619.8998029232025,3020.0,6187008.0,,0.51412956887337,,,,,,,,,,,,,,,,,,,,,,,,,,,,,,0.8493033647537231,19.848642349243164,9.924321174621582,,,,,0.5,xent beta=0.5 adamw
,train,,,,,,,xent_beta-0p5_adamw_seed17,xent,adamw,0.5,0.17206959844577688,19.430124282836914,0.00041368911928841255,1626.0380878448486,3030.0,6207488.0,,0.6216277983847515,,,,,,,,,,,,,,,,,,,,,,,,,,,,,,0.7675890922546387,19.430124282836914,9.715062141418457,,,,,0.5,xent beta=0.5 adamw
,train,,,,,,,xent_beta-0p5_adamw_seed17,xent,adamw,0.5,0.23841820564264612,19.303892135620117,0.0004109423525312738,1631.625553369522,3040.0,6227968.0,,0.6087958935371774,,,,,,,,,,,,,,,,,,,,,,,,,,,,,,0.9084171056747437,19.303892135620117,9.651946067810059,,,,,0.5,xent beta=0.5 adamw
,train,,,,,,,xent_beta-0p5_adamw_seed17,xent,adamw,0.5,0.2409131990699596,19.592510223388672,0.0004082013018893708,1637.6704678535461,3050.0,6248448.0,,0.5366091728886287,,,,,,,,,,,,,,,,,,,,,,,,,,,,,,0.8748229742050171,19.592510223388672,9.796255111694336,,,,,0.5,xent beta=0.5 adamw
,train,,,,,,,xent_beta-0p5_adamw_seed17,xent,adamw,0.5,0.1696353296377693,19.278823852539062,0.0004054660800365595,1643.4682173728943,3060.0,6268928.0,,0.4823962033768565,,,,,,,,,,,,,,,,,,,,,,,,,,,,,,0.8462419509887695,19.278823852539062,9.639411926269531,,,,,0.5,xent beta=0.5 adamw
,train,,,,,,,xent_beta-0p5_adamw_seed17,xent,adamw,0.5,0.19831010534257418,19.460359573364258,0.0004027367994070974,1649.5055668354034,3070.0,6289408.0,,0.5016206288961335,,,,,,,,,,,,,,,,,,,,,,,,,,,,,,0.908236026763916,19.460359573364258,9.730179786682129,,,,,0.5,xent beta=0.5 adamw
,train,,,,,,,xent_beta-0p5_adamw_seed17,xent,adamw,0.5,0.16237599354361223,19.29166030883789,0.0004000135721910213,1655.404663324356,3080.0,6309888.0,,0.4474098362374159,,,,,,,,,,,,,,,,,,,,,,,,,,,,,,0.8076504468917847,19.29166030883789,9.645830154418945,,,,,0.5,xent beta=0.5 adamw
,train,,,,,,,xent_beta-0p5_adamw_seed17,xent,adamw,0.5,0.20465168355792882,19.362945556640625,0.00039729651032953563,1661.1615192890167,3090.0,6330368.0,,0.43749446655090807,,,,,,,,,,,,,,,,,,,,,,,,,,,,,,0.8602279424667358,19.362945556640625,9.681472778320312,,,,,0.5,xent beta=0.5 adamw
,train,,,,,,,xent_beta-0p5_adamw_seed17,xent,adamw,0.5,0.17514407322706432,19.739391326904297,0.0003945857255104116,1666.7897024154663,3100.0,6350848.0,,0.46146319484079873,,,,,,,,,,,,,,,,,,,,,,,,,,,,,,0.8094549179077148,19.739391326904297,9.869695663452148,,,,,0.5,xent beta=0.5 adamw
,eval,,,,,,,xent_beta-0p5_adamw_seed17,xent,adamw,0.5,,,,1666.792590379715,3100.0,,,,0.01777874305844307,10507.380859375,19.459529876708984,2.4639973640441895,4.51251745223999,6.427907466888428,,,,2.7606201171875,10645.40234375,2433130.25,17991.755859375,9.771760940551758,5.504115104675293,0.24990662932395935,0.9176299571990967,0.1826171875,0.00779604772105813,0.1181640625,8143.873046875,8.891863822937012,4.11316442489624,0.24917352199554443,1.2421875,0.01924363151192665,0.14453125,6.87378454208374,,,,,9.729764938354492,0.8379015326499939,,,0.5,xent beta=0.5 adamw
,train,,,,,,,xent_beta-0p5_adamw_seed17,xent,adamw,0.5,0.1881121888224788,19.55097770690918,0.0003918813291633958,1672.4525742530823,3110.0,6371328.0,,0.45531696856820775,,,,,,,,,,,,,,,,,,,,,,,,,,,,,,0.9054865837097168,19.55097770690918,9.77548885345459,,,,,0.5,xent beta=0.5 adamw
,train,,,,,,,xent_beta-0p5_adamw_seed17,xent,adamw,0.5,0.2018884341602493,19.544376373291016,0.0003891834324556297,1678.1543493270874,3120.0,6391808.0,,0.45719355057762723,,,,,,,,,,,,,,,,,,,,,,,,,,,,,,0.953926682472229,19.544376373291016,9.772188186645508,,,,,0.5,xent beta=0.5 adamw
,train,,,,,,,xent_beta-0p5_adamw_seed17,xent,adamw,0.5,7.567116502771328,16.927316665649414,0.00038649214628707983,1683.926786661148,3130.0,6412288.0,,0.5213288971082483,,,,,,,,,,,,,,,,,,,,,,,,,,,,,,2.1982977390289307,16.927316665649414,8.463658332824707,,,,,0.5,xent beta=0.5 adamw
,train,,,,,,,xent_beta-0p5_adamw_seed17,xent,adamw,0.5,0.29177968062219856,19.60603141784668,0.0003838075812859797,1689.6740827560425,3140.0,6432768.0,,0.49921540859882085,,,,,,,,,,,,,,,,,,,,,,,,,,,,,,0.8843680620193481,19.60603141784668,9.80301570892334,,,,,0.5,xent beta=0.5 adamw
,train,,,,,,,xent_beta-0p5_adamw_seed17,xent,adamw,0.5,0.17961216988852302,19.44049835205078,0.0003811298478042817,1695.5259017944336,3150.0,6453248.0,,0.4294142883505274,,,,,,,,,,,,,,,,,,,,,,,,,,,,,,0.820294976234436,19.44049835205078,9.72024917602539,,,,,0.5,xent beta=0.5 adamw
,train,,,,,,,xent_beta-0p5_adamw_seed17,xent,adamw,0.5,0.18970082559434903,19.469493865966797,0.00037845905591312124,1701.8204927444458,3160.0,6473728.0,,0.5011827029311758,,,,,,,,,,,,,,,,,,,,,,,,,,,,,,0.8792612552642822,19.469493865966797,9.734746932983398,,,,,0.5,xent beta=0.5 adamw
,train,,,,,,,xent_beta-0p5_adamw_seed17,xent,adamw,0.5,0.3097748060919402,19.595556259155273,0.0003757953153982925,1707.53191781044,3170.0,6494208.0,,0.4581510823408686,,,,,,,,,,,,,,,,,,,,,,,,,,,,,,0.8968543410301208,19.595556259155273,9.797778129577637,,,,,0.5,xent beta=0.5 adamw
,train,,,,,,,xent_beta-0p5_adamw_seed17,xent,adamw,0.5,0.20058515985600112,19.422109603881836,0.0003731387357557344,1713.3254990577698,3180.0,6514688.0,,0.42287380083336507,,,,,,,,,,,,,,,,,,,,,,,,,,,,,,0.8286066055297852,19.422109603881836,9.711054801940918,,,,,0.5,xent beta=0.5 adamw
,train,,,,,,,xent_beta-0p5_adamw_seed17,xent,adamw,0.5,0.18191052693428808,19.42984390258789,0.0003704894261870313,1719.46080160141,3190.0,6535168.0,,0.39651615094911463,,,,,,,,,,,,,,,,,,,,,,,,,,,,,,0.8494768142700195,19.42984390258789,9.714921951293945,,,,,0.5,xent beta=0.5 adamw
,train,,,,,,,xent_beta-0p5_adamw_seed17,xent,adamw,0.5,0.22937536133148878,19.47149658203125,0.0003678474955949228,1725.2420527935028,3200.0,6555648.0,,0.40899554492796203,,,,,,,,,,,,,,,,,,,,,,,,,,,,,,0.8230133056640625,19.47149658203125,9.735748291015625,,,,,0.5,xent beta=0.5 adamw
,eval,,,,,,,xent_beta-0p5_adamw_seed17,xent,adamw,0.5,,,,1725.244488954544,3200.0,,,,0.01777341589331627,10505.029296875,19.445068359375,2.4530224800109863,4.4635114669799805,6.384044647216797,4.87341833114624,0.9939937587962796,0.5161326219951379,2.7453806400299072,10638.6357421875,2433517.75,17132.166015625,9.723146438598633,5.340113639831543,0.24989545345306396,0.9108995199203491,0.181640625,0.008381584659218788,0.119140625,8143.873046875,8.891863822937012,4.11316442489624,0.24917352199554443,1.2421875,0.01924363151192665,0.14453125,6.858545303344727,,,,,9.7225341796875,0.8306695818901062,,,0.5,xent beta=0.5 adamw
,train,,,,,,,xent_beta-0p5_adamw_seed17,xent,adamw,0.5,0.1865697512427573,19.52337646484375,0.000365213052578828,1732.1187868118286,3210.0,6576128.0,,0.4632174432930949,,,,,,,,,,,,,,,,,,,,,,,,,,,,,,0.8686815500259399,19.52337646484375,9.761688232421875,,,,,0.5,xent beta=0.5 adamw
,train,,,,,,,xent_beta-0p5_adamw_seed17,xent,adamw,0.5,0.3006024947514841,19.866260528564453,0.0003625862054303806,1737.505039215088,3220.0,6596608.0,,0.46318375421241414,,,,,,,,,,,,,,,,,,,,,,,,,,,,,,0.9440052509307861,19.866260528564453,9.933130264282227,,,,,0.5,xent beta=0.5 adamw
,train,,,,,,,xent_beta-0p5_adamw_seed17,xent,adamw,0.5,0.18009099363718226,19.55065155029297,0.0003599670621289782,1743.3081166744232,3230.0,6617088.0,,0.4195077804529303,,,,,,,,,,,,,,,,,,,,,,,,,,,,,,0.849414587020874,19.55065155029297,9.775325775146484,,,,,0.5,xent beta=0.5 adamw
,train,,,,,,,xent_beta-0p5_adamw_seed17,xent,adamw,0.5,0.2596079905441713,19.355207443237305,0.00035735573033734367,1748.6084735393524,3240.0,6637568.0,,0.42602961789400534,,,,,,,,,,,,,,,,,,,,,,,,,,,,,,0.7951624393463135,19.355207443237305,9.677603721618652,,,,,0.5,xent beta=0.5 adamw
,train,,,,,,,xent_beta-0p5_adamw_seed17,xent,adamw,0.5,0.2047377529678251,19.533203125,0.0003547523173970989,1754.2393112182617,3250.0,6658048.0,,0.48080171955275197,,,,,,,,,,,,,,,,,,,,,,,,,,,,,,0.8782731890678406,19.533203125,9.7666015625,,,,,0.5,xent beta=0.5 adamw
,train,,,,,,,xent_beta-0p5_adamw_seed17,xent,adamw,0.5,0.21730088918951038,19.450176239013672,0.00035215693032435315,1760.198595046997,3260.0,6678528.0,,0.41461685069065923,,,,,,,,,,,,,,,,,,,,,,,,,,,,,,0.8990848064422607,19.450176239013672,9.725088119506836,,,,,0.5,xent beta=0.5 adamw
,train,,,,,,,xent_beta-0p5_adamw_seed17,xent,adamw,0.5,0.2754229101238404,19.02760124206543,0.0003495696758053034,1766.316073179245,3270.0,6699008.0,,0.4519813908347826,,,,,,,,,,,,,,,,,,,,,,,,,,,,,,1.0025960206985474,19.02760124206543,9.513800621032715,,,,,0.5,xent beta=0.5 adamw
,train,,,,,,,xent_beta-0p5_adamw_seed17,xent,adamw,0.5,0.23786178996318477,19.273048400878906,0.00034699066019184936,1772.2540504932404,3280.0,6719488.0,,0.3981910036201268,,,,,,,,,,,,,,,,,,,,,,,,,,,,,,0.8907554149627686,19.273048400878906,9.636524200439453,,,,,0.5,xent beta=0.5 adamw
,train,,,,,,,xent_beta-0p5_adamw_seed17,xent,adamw,0.5,0.18754434624003508,19.62789535522461,0.00034441998949722173,1778.119900226593,3290.0,6739968.0,,0.39513077688067794,,,,,,,,,,,,,,,,,,,,,,,,,,,,,,0.8556613922119141,19.62789535522461,9.813947677612305,,,,,0.5,xent beta=0.5 adamw
,train,,,,,,,xent_beta-0p5_adamw_seed17,xent,adamw,0.5,0.20404288948652313,19.215383529663086,0.0003418577693916243,1783.8134117126465,3300.0,6760448.0,,0.3802510516466612,,,,,,,,,,,,,,,,,,,,,,,,,,,,,,0.8665468096733093,19.215383529663086,9.607691764831543,,,,,0.5,xent beta=0.5 adamw
,eval,,,,,,,xent_beta-0p5_adamw_seed17,xent,adamw,0.5,,,,1783.816300868988,3300.0,,,,0.017783908173441887,10513.455078125,19.442285537719727,2.447958469390869,4.438755035400391,6.362370491027832,,,,2.7296810150146484,10650.55859375,2433132.5,17735.939453125,9.758406639099121,5.407273292541504,0.24989937245845795,0.915591835975647,0.2060546875,0.00803934782743454,0.1201171875,8143.873046875,8.891863822937012,4.11316442489624,0.24917352199554443,1.2421875,0.01924363151192665,0.14453125,6.842845439910889,,,,,9.721142768859863,0.829278826713562,,,0.5,xent beta=0.5 adamw
,train,,,,,,,xent_beta-0p5_adamw_seed17,xent,adamw,0.5,0.17273994621131464,19.659225463867188,0.00033930410519788953,1789.1145730018616,3310.0,6780928.0,,0.38738127534062117,,,,,,,,,,,,,,,,,,,,,,,,,,,,,,0.8197166919708252,19.659225463867188,9.829612731933594,,,,,0.5,xent beta=0.5 adamw
,train,,,,,,,xent_beta-0p5_adamw_seed17,xent,adamw,0.5,0.20138149252212148,19.27129364013672,0.00033675910188715063,1795.1531739234924,3320.0,6801408.0,,0.3857324595715784,,,,,,,,,,,,,,,,,,,,,,,,,,,,,,0.9305574893951416,19.27129364013672,9.63564682006836,,,,,0.5,xent beta=0.5 adamw
,train,,,,,,,xent_beta-0p5_adamw_seed17,xent,adamw,0.5,0.23952709748779158,19.475399017333984,0.00033422286407452586,1801.0517570972443,3330.0,6821888.0,,0.3936768816110967,,,,,,,,,,,,,,,,,,,,,,,,,,,,,,0.8701870441436768,19.475399017333984,9.737699508666992,,,,,0.5,xent beta=0.5 adamw
,train,,,,,,,xent_beta-0p5_adamw_seed17,xent,adamw,0.5,0.15537845897851021,19.49837875366211,0.0003316954960148175,1806.7421627044678,3340.0,6842368.0,,0.404572188730606,,,,,,,,,,,,,,,,,,,,,,,,,,,,,,0.8052169680595398,19.49837875366211,9.749189376831055,,,,,0.5,xent beta=0.5 adamw
,train,,,,,,,xent_beta-0p5_adamw_seed17,xent,adamw,0.5,0.19612060051583258,19.513668060302734,0.0003291771015982281,1812.0270795822144,3350.0,6862848.0,,0.38287847551241083,,,,,,,,,,,,,,,,,,,,,,,,,,,,,,0.8558247685432434,19.513668060302734,9.756834030151367,,,,,0.5,xent beta=0.5 adamw
,train,,,,,,,xent_beta-0p5_adamw_seed17,xent,adamw,0.5,0.3086171588489043,19.614469528198242,0.00032666778434608764,1817.8793590068817,3360.0,6883328.0,,0.392020526385685,,,,,,,,,,,,,,,,,,,,,,,,,,,,,,0.9261718988418579,19.614469528198242,9.807234764099121,,,,,0.5,xent beta=0.5 adamw
,train,,,,,,,xent_beta-0p5_adamw_seed17,xent,adamw,0.5,0.19420880731800336,19.699268341064453,0.0003241676474066002,1823.5774188041687,3370.0,6903808.0,,0.3991364515036262,,,,,,,,,,,,,,,,,,,,,,,,,,,,,,0.9508481025695801,19.699268341064453,9.849634170532227,,,,,0.5,xent beta=0.5 adamw
,train,,,,,,,xent_beta-0p5_adamw_seed17,xent,adamw,0.5,0.17899773107144487,19.532466888427734,0.00032167679355060306,1830.1108763217926,3380.0,6924288.0,,0.36644217302651155,,,,,,,,,,,,,,,,,,,,,,,,,,,,,,0.8179294466972351,19.532466888427734,9.766233444213867,,,,,0.5,xent beta=0.5 adamw
,train,,,,,,,xent_beta-0p5_adamw_seed17,xent,adamw,0.5,0.3230472229312457,19.548038482666016,0.0003191953251673423,1835.6437623500824,3390.0,6944768.0,,0.4014066125131929,,,,,,,,,,,,,,,,,,,,,,,,,,,,,,0.8660082817077637,19.548038482666016,9.774019241333008,,,,,0.5,xent beta=0.5 adamw
,train,,,,,,,xent_beta-0p5_adamw_seed17,xent,adamw,0.5,0.2470534970840719,19.59212875366211,0.0003167233442602637,1841.574853181839,3400.0,6965248.0,,0.4223425191943305,,,,,,,,,,,,,,,,,,,,,,,,,,,,,,0.924933135509491,19.59212875366211,9.796064376831055,,,,,0.5,xent beta=0.5 adamw
,eval,,,,,,,xent_beta-0p5_adamw_seed17,xent,adamw,0.5,,,,1841.5770030021667,3400.0,,,,0.0176986251026392,10511.5029296875,19.43744659423828,2.495945930480957,4.448897361755371,6.378876686096191,5.31564998626709,0.9854738116254488,0.5311645828283978,2.7303452491760254,10647.8779296875,2433283.0,17745.16015625,9.760787963867188,5.33020544052124,0.2499011754989624,0.907625675201416,0.1826171875,0.008360439911484718,0.12109375,8143.873046875,8.891863822937012,4.11316442489624,0.24917352199554443,1.2421875,0.01924363151192665,0.14453125,6.843509674072266,,,,,9.71872329711914,0.8268592953681946,,,0.5,xent beta=0.5 adamw
,train,,,,,,,xent_beta-0p5_adamw_seed17,xent,adamw,0.5,0.21359919571855882,19.4205322265625,0.0003142609524428205,1848.071255683899,3410.0,6985728.0,,0.39576012285653045,,,,,,,,,,,,,,,,,,,,,,,,,,,,,,0.8914856910705566,19.4205322265625,9.71026611328125,,,,,0.5,xent beta=0.5 adamw
,train,,,,,,,xent_beta-0p5_adamw_seed17,xent,adamw,0.5,0.1669866891620403,19.42108154296875,0.00031180825093429565,1853.4914009571075,3420.0,7006208.0,,0.35814759959207476,,,,,,,,,,,,,,,,,,,,,,,,,,,,,,0.8456307649612427,19.42108154296875,9.710540771484375,,,,,0.5,xent beta=0.5 adamw
,train,,,,,,,xent_beta-0p5_adamw_seed17,xent,adamw,0.5,0.15759202354055893,19.392948150634766,0.00030936534055564166,1859.0384480953217,3430.0,7026688.0,,0.3430528813701728,,,,,,,,,,,,,,,,,,,,,,,,,,,,,,0.8244635462760925,19.392948150634766,9.696474075317383,,,,,0.5,xent beta=0.5 adamw
,train,,,,,,,xent_beta-0p5_adamw_seed17,xent,adamw,0.5,0.27573737664172215,19.51848602294922,0.00030693232172533604,1864.7681121826172,3440.0,7047168.0,,0.3247412826385889,,,,,,,,,,,,,,,,,,,,,,,,,,,,,,0.8768442869186401,19.51848602294922,9.75924301147461,,,,,0.5,xent beta=0.5 adamw
,train,,,,,,,xent_beta-0p5_adamw_seed17,xent,adamw,0.5,0.18562465434092174,19.578201293945312,0.00030450929445525316,1870.4955780506134,3450.0,7067648.0,,0.4194679747748874,,,,,,,,,,,,,,,,,,,,,,,,,,,,,,0.8513810634613037,19.578201293945312,9.789100646972656,,,,,0.5,xent beta=0.5 adamw
,train,,,,,,,xent_beta-0p5_adamw_seed17,xent,adamw,0.5,0.18246891623463218,19.347402572631836,0.0003020963583465539,1875.5061523914337,3460.0,7088128.0,,0.35808895674911845,,,,,,,,,,,,,,,,,,,,,,,,,,,,,,0.8900619745254517,19.347402572631836,9.673701286315918,,,,,0.5,xent beta=0.5 adamw
,train,,,,,,,xent_beta-0p5_adamw_seed17,xent,adamw,0.5,0.2020194520313209,19.65941619873047,0.0002996936125855909,1881.0838661193848,3470.0,7108608.0,,0.3561322716309556,,,,,,,,,,,,,,,,,,,,,,,,,,,,,,0.835314929485321,19.65941619873047,9.829708099365234,,,,,0.5,xent beta=0.5 adamw
,train,,,,,,,xent_beta-0p5_adamw_seed17,xent,adamw,0.5,0.1832293196669136,19.64087677001953,0.0002973011559398314,1887.0808219909668,3480.0,7129088.0,,0.40805591066845137,,,,,,,,,,,,,,,,,,,,,,,,,,,,,,0.8320473432540894,19.64087677001953,9.820438385009766,,,,,0.5,xent beta=0.5 adamw
,train,,,,,,,xent_beta-0p5_adamw_seed17,xent,adamw,0.5,0.22470471889068855,19.739238739013672,0.0002949190867537977,1892.7773249149323,3490.0,7149568.0,,0.36397347912430456,,,,,,,,,,,,,,,,,,,,,,,,,,,,,,0.8193460702896118,19.739238739013672,9.869619369506836,,,,,0.5,xent beta=0.5 adamw
,train,,,,,,,xent_beta-0p5_adamw_seed17,xent,adamw,0.5,0.2021758989825555,19.552217483520508,0.0002925475029450237,1898.4440355300903,3500.0,7170048.0,,0.31581190147513205,,,,,,,,,,,,,,,,,,,,,,,,,,,,,,0.8906441330909729,19.552217483520508,9.776108741760254,,,,,0.5,xent beta=0.5 adamw
,eval,,,,,,,xent_beta-0p5_adamw_seed17,xent,adamw,0.5,,,,1898.4465420246124,3500.0,,,,0.017721133306622505,10508.5419921875,19.42479133605957,2.5643692016601562,4.4367876052856445,6.360013484954834,,,,2.738678455352783,10640.7451171875,2433795.5,17103.791015625,9.723651885986328,5.152605056762695,0.24989362061023712,0.8997852802276611,0.1962890625,0.008946750313043594,0.1171875,8143.873046875,8.891863822937012,4.11316442489624,0.24917352199554443,1.2421875,0.01924363151192665,0.14453125,6.851842880249023,,,,,9.712395668029785,0.8205324411392212,,,0.5,xent beta=0.5 adamw
,train,,,,,,,xent_beta-0p5_adamw_seed17,xent,adamw,0.5,0.27118432490732025,19.825359344482422,0.0002901865020000314,1904.53378367424,3510.0,7190528.0,,0.36967850904960364,,,,,,,,,,,,,,,,,,,,,,,,,,,,,,0.9617824554443359,19.825359344482422,9.912679672241211,,,,,0.5,xent beta=0.5 adamw
,train,,,,,,,xent_beta-0p5_adamw_seed17,xent,adamw,0.5,0.21401994584762096,19.48943328857422,0.00028783618097032176,1909.9516997337341,3520.0,7211008.0,,0.32447172079463626,,,,,,,,,,,,,,,,,,,,,,,,,,,,,,0.7663071751594543,19.48943328857422,9.74471664428711,,,,,0.5,xent beta=0.5 adamw
,train,,,,,,,xent_beta-0p5_adamw_seed17,xent,adamw,0.5,0.14834114640993526,19.06443977355957,0.0002854966364683872,1915.572364807129,3530.0,7231488.0,,0.3074804500464732,,,,,,,,,,,,,,,,,,,,,,,,,,,,,,0.7845267057418823,19.06443977355957,9.532219886779785,,,,,0.5,xent beta=0.5 adamw
,train,,,,,,,xent_beta-0p5_adamw_seed17,xent,adamw,0.5,0.35455978155129053,19.93814468383789,0.0002831679646637384,1921.2004210948944,3540.0,7251968.0,,0.36427756785507387,,,,,,,,,,,,,,,,,,,,,,,,,,,,,,0.8390389680862427,19.93814468383789,9.969072341918945,,,,,0.5,xent beta=0.5 adamw
,train,,,,,,,xent_beta-0p5_adamw_seed17,xent,adamw,0.5,1.0352814018091014,20.028915405273438,0.00028085026127895287,1927.0604474544525,3550.0,7272448.0,,0.6286259574442957,,,,,,,,,,,,,,,,,,,,,,,,,,,,,,1.2811325788497925,20.028915405273438,10.014457702636719,,,,,0.5,xent beta=0.5 adamw
,train,,,,,,,xent_beta-0p5_adamw_seed17,xent,adamw,0.5,0.20925489935115743,19.394203186035156,0.0002785436215857386,1932.6539878845215,3560.0,7292928.0,,0.43578852097303744,,,,,,,,,,,,,,,,,,,,,,,,,,,,,,0.8304179906845093,19.394203186035156,9.697101593017578,,,,,0.5,xent beta=0.5 adamw
,train,,,,,,,xent_beta-0p5_adamw_seed17,xent,adamw,0.5,0.20178859206140087,19.48984146118164,0.0002762481404010191,1938.368632555008,3570.0,7313408.0,,0.37301781773753756,,,,,,,,,,,,,,,,,,,,,,,,,,,,,,0.8818491101264954,19.48984146118164,9.74492073059082,,,,,0.5,xent beta=0.5 adamw
,train,,,,,,,xent_beta-0p5_adamw_seed17,xent,adamw,0.5,0.20800933611000466,19.095218658447266,0.0002739639120830352,1944.0522174835205,3580.0,7333888.0,,0.30812611911461274,,,,,,,,,,,,,,,,,,,,,,,,,,,,,,0.7461506128311157,19.095218658447266,9.547609329223633,,,,,0.5,xent beta=0.5 adamw
,train,,,,,,,xent_beta-0p5_adamw_seed17,xent,adamw,0.5,0.22760066955964553,19.58332633972168,0.0002716910305274659,1949.6664805412292,3590.0,7354368.0,,0.3018215921069458,,,,,,,,,,,,,,,,,,,,,,,,,,,,,,0.9190075397491455,19.58332633972168,9.79166316986084,,,,,0.5,xent beta=0.5 adamw
,train,,,,,,,xent_beta-0p5_adamw_seed17,xent,adamw,0.5,0.22083932736928377,19.652233123779297,0.00026942958916356994,1955.603755235672,3600.0,7374848.0,,0.47580475990429644,,,,,,,,,,,,,,,,,,,,,,,,,,,,,,0.8592065572738647,19.652233123779297,9.826116561889648,,,,,0.5,xent beta=0.5 adamw
,eval,,,,,,,xent_beta-0p5_adamw_seed17,xent,adamw,0.5,,,,1955.6065878868103,3600.0,,,,0.017696136608719826,10528.80078125,19.429555892944336,2.4840049743652344,4.507209777832031,6.344999313354492,5.262326717376709,0.9882994294156681,0.5220167014573716,2.708775281906128,10669.158203125,2432676.75,18373.60546875,9.796740531921387,5.459800720214844,0.24990993738174438,0.9167577624320984,0.1806640625,0.007753371726721525,0.1201171875,8143.873046875,8.891863822937012,4.11316442489624,0.24917352199554443,1.2421875,0.01924363151192665,0.14453125,6.821939468383789,,,,,9.714777946472168,0.822914719581604,,,0.5,xent beta=0.5 adamw
,train,,,,,,,xent_beta-0p5_adamw_seed17,xent,adamw,0.5,0.21996097506865106,19.33935546875,0.0002671796809503444,1961.2696435451508,3610.0,7395328.0,,0.39341225271877495,,,,,,,,,,,,,,,,,,,,,,,,,,,,,,0.8948351740837097,19.33935546875,9.669677734375,,,,,0.5,xent beta=0.5 adamw
,train,,,,,,,xent_beta-0p5_adamw_seed17,xent,adamw,0.5,0.19247716763292944,19.045202255249023,0.0002649413983727037,1966.8892047405243,3620.0,7415808.0,,0.3178687712798078,,,,,,,,,,,,,,,,,,,,,,,,,,,,,,0.8001553416252136,19.045202255249023,9.522601127624512,,,,,0.5,xent beta=0.5 adamw
,train,,,,,,,xent_beta-0p5_adamw_seed17,xent,adamw,0.5,0.2342622308871684,19.429542541503906,0.00026271483343767753,1972.0048215389252,3630.0,7436288.0,,0.30364515344338616,,,,,,,,,,,,,,,,,,,,,,,,,,,,,,0.9513464570045471,19.429542541503906,9.714771270751953,,,,,0.5,xent beta=0.5 adamw
,train,,,,,,,xent_beta-0p5_adamw_seed17,xent,adamw,0.5,0.2378035700541927,19.431852340698242,0.0002605000776706298,1977.956533908844,3640.0,7456768.0,,0.28813256045616614,,,,,,,,,,,,,,,,,,,,,,,,,,,,,,0.8774549961090088,19.431852340698242,9.715926170349121,,,,,0.5,xent beta=0.5 adamw
,train,,,,,,,xent_beta-0p5_adamw_seed17,xent,adamw,0.5,0.25651401092148784,19.625301361083984,0.0002582972221114953,1983.7037281990051,3650.0,7477248.0,,0.28733801963558137,,,,,,,,,,,,,,,,,,,,,,,,,,,,,,0.8773651719093323,19.625301361083984,9.812650680541992,,,,,0.5,xent beta=0.5 adamw
,train,,,,,,,xent_beta-0p5_adamw_seed17,xent,adamw,0.5,0.18002748435955226,19.646705627441406,0.00025610635731103805,1989.7039103507996,3660.0,7497728.0,,0.2985826162487231,,,,,,,,,,,,,,,,,,,,,,,,,,,,,,0.84244304895401,19.646705627441406,9.823352813720703,,,,,0.5,xent beta=0.5 adamw
,train,,,,,,,xent_beta-0p5_adamw_seed17,xent,adamw,0.5,0.20642742675319753,19.573463439941406,0.00025392757332712935,1995.2532374858856,3670.0,7518208.0,,0.2756947468682601,,,,,,,,,,,,,,,,,,,,,,,,,,,,,,0.8798957467079163,19.573463439941406,9.786731719970703,,,,,0.5,xent beta=0.5 adamw
,train,,,,,,,xent_beta-0p5_adamw_seed17,xent,adamw,0.5,0.1646734882412812,19.466211318969727,0.00025176095972104473,2001.0521671772003,3680.0,7538688.0,,0.33463616762750703,,,,,,,,,,,,,,,,,,,,,,,,,,,,,,0.8305395841598511,19.466211318969727,9.733105659484863,,,,,0.5,xent beta=0.5 adamw
,train,,,,,,,xent_beta-0p5_adamw_seed17,xent,adamw,0.5,0.18124819035739964,19.256505966186523,0.0002496066055537834,2006.943127632141,3690.0,7559168.0,,0.2938981212141158,,,,,,,,,,,,,,,,,,,,,,,,,,,,,,0.8525290489196777,19.256505966186523,9.628252983093262,,,,,0.5,xent beta=0.5 adamw
,train,,,,,,,xent_beta-0p5_adamw_seed17,xent,adamw,0.5,0.2196321449058537,19.467201232910156,0.00024746459938240745,2012.730636358261,3700.0,7579648.0,,0.2896407407401371,,,,,,,,,,,,,,,,,,,,,,,,,,,,,,0.8978755474090576,19.467201232910156,9.733600616455078,,,,,0.5,xent beta=0.5 adamw
,eval,,,,,,,xent_beta-0p5_adamw_seed17,xent,adamw,0.5,,,,2012.7331523895264,3700.0,,,,0.01767389103770256,10515.103515625,19.423093795776367,2.41548490524292,4.453815460205078,6.31011962890625,,,,2.662782907485962,10650.7587890625,2433879.0,17366.478515625,9.736661911010742,5.452672958374023,0.24989855289459229,0.9136272668838501,0.1962890625,0.008027330040931702,0.1201171875,8143.873046875,8.891863822937012,4.11316442489624,0.24917352199554443,1.2421875,0.01924363151192665,0.14453125,6.775947570800781,,,,,9.711546897888184,0.8196830749511719,,,0.5,xent beta=0.5 adamw
,train,,,,,,,xent_beta-0p5_adamw_seed17,xent,adamw,0.5,0.2057122374663414,19.43850326538086,0.00024533502925640086,2018.4332540035248,3710.0,7600128.0,,0.284921981668563,,,,,,,,,,,,,,,,,,,,,,,,,,,,,,0.8620424270629883,19.43850326538086,9.71925163269043,,,,,0.5,xent beta=0.5 adamw
,train,,,,,,,xent_beta-0p5_adamw_seed17,xent,adamw,0.5,0.1652123188176654,19.33031463623047,0.0002432179827140503,2024.2029361724854,3720.0,7620608.0,,0.2716087332377223,,,,,,,,,,,,,,,,,,,,,,,,,,,,,,0.7921440005302429,19.33031463623047,9.665157318115234,,,,,0.5,xent beta=0.5 adamw
,train,,,,,,,xent_beta-0p5_adamw_seed17,xent,adamw,0.5,0.17803798060337683,19.45801544189453,0.00024111354677884743,2030.7151024341583,3730.0,7641088.0,,0.27055654350272806,,,,,,,,,,,,,,,,,,,,,,,,,,,,,,0.859447181224823,19.45801544189453,9.729007720947266,,,,,0.5,xent beta=0.5 adamw
,train,,,,,,,xent_beta-0p5_adamw_seed17,xent,adamw,0.5,0.18177102692946323,19.31842041015625,0.0002390218079559109,2036.566579580307,3740.0,7661568.0,,0.284095730190853,,,,,,,,,,,,,,,,,,,,,,,,,,,,,,0.8288446068763733,19.31842041015625,9.659210205078125,,,,,0.5,xent beta=0.5 adamw
,train,,,,,,,xent_beta-0p5_adamw_seed17,xent,adamw,0.5,0.1979491906123745,19.23739242553711,0.00023694285222843116,2042.0709822177887,3750.0,7682048.0,,0.2717648385136661,,,,,,,,,,,,,,,,,,,,,,,,,,,,,,0.8345469236373901,19.23739242553711,9.618696212768555,,,,,0.5,xent beta=0.5 adamw
,train,,,,,,,xent_beta-0p5_adamw_seed17,xent,adamw,0.5,0.2641441210737691,19.3836612701416,0.0002348767650541354,2047.9657576084137,3760.0,7702528.0,,0.2698480072132518,,,,,,,,,,,,,,,,,,,,,,,,,,,,,,0.9174729585647583,19.3836612701416,9.6918306350708,,,,,0.5,xent beta=0.5 adamw
,train,,,,,,,xent_beta-0p5_adamw_seed17,xent,adamw,0.5,0.20220766355820252,19.248008728027344,0.00023282363136177482,2053.5170352458954,3770.0,7723008.0,,0.3084288626094217,,,,,,,,,,,,,,,,,,,,,,,,,,,,,,0.8954311609268188,19.248008728027344,9.624004364013672,,,,,0.5,xent beta=0.5 adamw
,train,,,,,,,xent_beta-0p5_adamw_seed17,xent,adamw,0.5,0.23104431810454368,19.516721725463867,0.000230783535547634,2059.693525314331,3780.0,7743488.0,,0.3706367684956308,,,,,,,,,,,,,,,,,,,,,,,,,,,,,,0.8527390956878662,19.516721725463867,9.758360862731934,,,,,0.5,xent beta=0.5 adamw
,train,,,,,,,xent_beta-0p5_adamw_seed17,xent,adamw,0.5,0.24535800598708205,19.577224731445312,0.00022875656147206154,2065.708156108856,3790.0,7763968.0,,0.3700371251311599,,,,,,,,,,,,,,,,,,,,,,,,,,,,,,0.953247606754303,19.577224731445312,9.788612365722656,,,,,0.5,xent beta=0.5 adamw
,train,,,,,,,xent_beta-0p5_adamw_seed17,xent,adamw,0.5,0.2457912302400584,19.37621307373047,0.00022674279245602264,2071.180503845215,3800.0,7784448.0,,0.2848004838572303,,,,,,,,,,,,,,,,,,,,,,,,,,,,,,0.8146640658378601,19.37621307373047,9.688106536865234,,,,,0.5,xent beta=0.5 adamw
,eval,,,,,,,xent_beta-0p5_adamw_seed17,xent,adamw,0.5,,,,2071.1833333969116,3800.0,,,,0.01765456050634384,10511.6015625,19.434019088745117,2.5703916549682617,4.508749961853027,6.341397285461426,5.369502544403076,0.9835923910131155,0.5282657708799597,2.7266669273376465,10645.99609375,2433935.0,17435.4765625,9.739727020263672,5.289850234985352,0.2498958706855774,0.9049332141876221,0.181640625,0.008487682789564133,0.119140625,8143.873046875,8.891863822937012,4.11316442489624,0.24917352199554443,1.2421875,0.01924363151192665,0.14453125,6.839831352233887,,,,,9.717009544372559,0.8251461386680603,,,0.5,xent beta=0.5 adamw
,train,,,,,,,xent_beta-0p5_adamw_seed17,xent,adamw,0.5,0.16114009937514545,19.49983787536621,0.00022474231127767385,2077.1995668411255,3810.0,7804928.0,,0.28298736644540323,,,,,,,,,,,,,,,,,,,,,,,,,,,,,,0.8072930574417114,19.49983787536621,9.749918937683105,,,,,0.5,xent beta=0.5 adamw
,train,,,,,,,xent_beta-0p5_adamw_seed17,xent,adamw,0.5,0.30741879681519757,19.556865692138672,0.00022275520016896123,2082.669497728348,3820.0,7825408.0,,0.2572962603287524,,,,,,,,,,,,,,,,,,,,,,,,,,,,,,0.8815204501152039,19.556865692138672,9.778432846069336,,,,,0.5,xent beta=0.5 adamw
,train,,,,,,,xent_beta-0p5_adamw_seed17,xent,adamw,0.5,0.18320402373274294,19.430164337158203,0.0002207815408122394,2088.7223138809204,3830.0,7845888.0,,0.25777370219811874,,,,,,,,,,,,,,,,,,,,,,,,,,,,,,0.8524420261383057,19.430164337158203,9.715082168579102,,,,,0.5,xent beta=0.5 adamw
,train,,,,,,,xent_beta-0p5_adamw_seed17,xent,adamw,0.5,0.21772891584457768,19.569866180419922,0.00021882141433691426,2094.2490384578705,3840.0,7866368.0,,0.29571142915359766,,,,,,,,,,,,,,,,,,,,,,,,,,,,,,0.810081958770752,19.569866180419922,9.784933090209961,,,,,0.5,xent beta=0.5 adamw
,train,,,,,,,xent_beta-0p5_adamw_seed17,xent,adamw,0.5,0.2084866200762805,19.56328582763672,0.0002168749013161081,2100.4259922504425,3850.0,7886848.0,,0.2597780983460181,,,,,,,,,,,,,,,,,,,,,,,,,,,,,,0.8751627206802368,19.56328582763672,9.78164291381836,,,,,0.5,xent beta=0.5 adamw
,train,,,,,,,xent_beta-0p5_adamw_seed17,xent,adamw,0.5,0.21209785227600325,19.667057037353516,0.0002149420817633469,2106.236467599869,3860.0,7907328.0,,0.42708148862038214,,,,,,,,,,,,,,,,,,,,,,,,,,,,,,0.8361006379127502,19.667057037353516,9.833528518676758,,,,,0.5,xent beta=0.5 adamw
,train,,,,,,,xent_beta-0p5_adamw_seed17,xent,adamw,0.5,0.21411192089194964,19.600997924804688,0.00021302303512927236,2111.7003717422485,3870.0,7927808.0,,0.3085072577566334,,,,,,,,,,,,,,,,,,,,,,,,,,,,,,0.8488538861274719,19.600997924804688,9.800498962402344,,,,,0.5,xent beta=0.5 adamw
,train,,,,,,,xent_beta-0p5_adamw_seed17,xent,adamw,0.5,0.2030103168174763,19.33175277709961,0.0002111178402983751,2117.442543029785,3880.0,7948288.0,,0.2633797878863778,,,,,,,,,,,,,,,,,,,,,,,,,,,,,,0.8880544900894165,19.33175277709961,9.665876388549805,,,,,0.5,xent beta=0.5 adamw
,train,,,,,,,xent_beta-0p5_adamw_seed17,xent,adamw,0.5,0.20052405787407027,19.510732650756836,0.0002092265755857527,2123.2330918312073,3890.0,7968768.0,,0.24210835847963835,,,,,,,,,,,,,,,,,,,,,,,,,,,,,,0.815552830696106,19.510732650756836,9.755366325378418,,,,,0.5,xent beta=0.5 adamw
,train,,,,,,,xent_beta-0p5_adamw_seed17,xent,adamw,0.5,0.2465515957531505,19.473529815673828,0.00020734931873388952,2128.6202166080475,3900.0,7989248.0,,0.25307815149300883,,,,,,,,,,,,,,,,,,,,,,,,,,,,,,0.8598229885101318,19.473529815673828,9.736764907836914,,,,,0.5,xent beta=0.5 adamw
,eval,,,,,,,xent_beta-0p5_adamw_seed17,xent,adamw,0.5,,,,2128.6232471466064,3900.0,,,,0.01771487295627594,10515.12890625,19.421457290649414,2.493044853210449,4.3933916091918945,6.342108726501465,,,,2.716282606124878,10649.123046875,2434192.0,17438.958984375,9.741438865661621,5.221250534057617,0.2498951107263565,0.9027228951454163,0.2080078125,0.008679915219545364,0.1162109375,8143.873046875,8.891863822937012,4.11316442489624,0.24917352199554443,1.2421875,0.01924363151192665,0.14453125,6.829446792602539,,,,,9.710728645324707,0.8188644647598267,,,0.5,xent beta=0.5 adamw
,train,,,,,,,xent_beta-0p5_adamw_seed17,xent,adamw,0.5,0.1622984923459676,19.4739990234375,0.00020548614690946238,2134.1348173618317,3910.0,8009728.0,,0.23399077733876902,,,,,,,,,,,,,,,,,,,,,,,,,,,,,,0.8469924926757812,19.4739990234375,9.73699951171875,,,,,0.5,xent beta=0.5 adamw
,train,,,,,,,xent_beta-0p5_adamw_seed17,xent,adamw,0.5,0.19806249090901895,19.629425048828125,0.00020363713670016727,2140.3499982357025,3920.0,8030208.0,,0.23410539580848308,,,,,,,,,,,,,,,,,,,,,,,,,,,,,,0.8589118123054504,19.629425048828125,9.814712524414062,,,,,0.5,xent beta=0.5 adamw
,train,,,,,,,xent_beta-0p5_adamw_seed17,xent,adamw,0.5,0.17957503573104514,19.093936920166016,0.00020180236411157192,2145.8900356292725,3930.0,8050688.0,,0.2544883123495512,,,,,,,,,,,,,,,,,,,,,,,,,,,,,,0.7941152453422546,19.093936920166016,9.546968460083008,,,,,0.5,xent beta=0.5 adamw
,train,,,,,,,xent_beta-0p5_adamw_seed17,xent,adamw,0.5,0.3792804307609002,19.857118606567383,0.00019998190456399118,2151.8327343463898,3940.0,8071168.0,,0.284795717008782,,,,,,,,,,,,,,,,,,,,,,,,,,,,,,0.9670668840408325,19.857118606567383,9.928559303283691,,,,,0.5,xent beta=0.5 adamw
,train,,,,,,,xent_beta-0p5_adamw_seed17,xent,adamw,0.5,0.21500493193162046,19.48102569580078,0.00019817583288938662,2157.639326095581,3950.0,8091648.0,,0.24683034149899324,,,,,,,,,,,,,,,,,,,,,,,,,,,,,,0.871634840965271,19.48102569580078,9.74051284790039,,,,,0.5,xent beta=0.5 adamw
,train,,,,,,,xent_beta-0p5_adamw_seed17,xent,adamw,0.5,0.18349961258008118,19.49118423461914,0.00019638422332829097,2163.6524477005005,3960.0,8112128.0,,0.22435190632302632,,,,,,,,,,,,,,,,,,,,,,,,,,,,,,0.8266785740852356,19.49118423461914,9.74559211730957,,,,,0.5,xent beta=0.5 adamw
,train,,,,,,,xent_beta-0p5_adamw_seed17,xent,adamw,0.5,0.17419123322620927,19.559494018554688,0.00019460714952675596,2168.4621300697327,3970.0,8132608.0,,0.22019920960864325,,,,,,,,,,,,,,,,,,,,,,,,,,,,,,0.8131006956100464,19.559494018554688,9.779747009277344,,,,,0.5,xent beta=0.5 adamw
,train,,,,,,,xent_beta-0p5_adamw_seed17,xent,adamw,0.5,0.19320197822859655,19.751483917236328,0.00019284468453332552,2174.4021232128143,3980.0,8153088.0,,0.2239204928572116,,,,,,,,,,,,,,,,,,,,,,,,,,,,,,0.8488113284111023,19.751483917236328,9.875741958618164,,,,,0.5,xent beta=0.5 adamw
,train,,,,,,,xent_beta-0p5_adamw_seed17,xent,adamw,0.5,0.18657862731489716,19.538291931152344,0.00019109690079603203,2179.6723277568817,3990.0,8173568.0,,0.24942026811832232,,,,,,,,,,,,,,,,,,,,,,,,,,,,,,0.8837106227874756,19.538291931152344,9.769145965576172,,,,,0.5,xent beta=0.5 adamw
,train,,,,,,,xent_beta-0p5_adamw_seed17,xent,adamw,0.5,0.15933071204023833,19.43811798095703,0.00018936387015941957,2185.501894712448,4000.0,8194048.0,,0.2017768003139212,,,,,,,,,,,,,,,,,,,,,,,,,,,,,,0.8094547986984253,19.43811798095703,9.719058990478516,,,,,0.5,xent beta=0.5 adamw
,eval,,,,,,,xent_beta-0p5_adamw_seed17,xent,adamw,0.5,,,,2185.504497528076,4000.0,,,,0.01764102280139923,10512.77734375,19.413116455078125,2.445584774017334,4.388105392456055,6.322086811065674,5.205586910247803,0.986110746031654,0.5208573030909311,2.6839656829833984,10646.1884765625,2434368.5,17156.765625,9.726459503173828,5.265667915344238,0.24989749491214752,0.9049669504165649,0.205078125,0.008602513931691647,0.1171875,8143.873046875,8.891863822937012,4.11316442489624,0.24917352199554443,1.2421875,0.01924363151192665,0.14453125,6.797130107879639,,,,,9.706558227539062,0.8146939873695374,,,0.5,xent beta=0.5 adamw
,train,,,,,,,xent_beta-0p5_adamw_seed17,xent,adamw,0.5,0.24613315994380866,19.674415588378906,0.00018764566386158976,2191.1032195091248,4010.0,8214528.0,,0.223573477894039,,,,,,,,,,,,,,,,,,,,,,,,,,,,,,0.8621912002563477,19.674415588378906,9.837207794189453,,,,,0.5,xent beta=0.5 adamw
,train,,,,,,,xent_beta-0p5_adamw_seed17,xent,adamw,0.5,0.20396802078289755,19.50058364868164,0.00018594235253127373,2196.4157977104187,4020.0,8235008.0,,0.21973790974160035,,,,,,,,,,,,,,,,,,,,,,,,,,,,,,0.8199797868728638,19.50058364868164,9.75029182434082,,,,,0.5,xent beta=0.5 adamw
,train,,,,,,,xent_beta-0p5_adamw_seed17,xent,adamw,0.5,0.20948913234847913,19.41489601135254,0.00018425400618492883,2201.555067539215,4030.0,8255488.0,,0.22439753427060855,,,,,,,,,,,,,,,,,,,,,,,,,,,,,,0.8766496777534485,19.41489601135254,9.70744800567627,,,,,0.5,xent beta=0.5 adamw
,train,,,,,,,xent_beta-0p5_adamw_seed17,xent,adamw,0.5,0.2716035191897232,19.484066009521484,0.00018258069422386058,2207.4386694431305,4040.0,8275968.0,,0.21611091263275425,,,,,,,,,,,,,,,,,,,,,,,,,,,,,,0.8996405005455017,19.484066009521484,9.742033004760742,,,,,0.5,xent beta=0.5 adamw
,train,,,,,,,xent_beta-0p5_adamw_seed17,xent,adamw,0.5,0.20841130836682958,19.458690643310547,0.00018092248543136982,2212.850347518921,4050.0,8296448.0,,0.20545906189412805,,,,,,,,,,,,,,,,,,,,,,,,,,,,,,0.8388773202896118,19.458690643310547,9.729345321655273,,,,,0.5,xent beta=0.5 adamw
,train,,,,,,,xent_beta-0p5_adamw_seed17,xent,adamw,0.5,0.1696403880779274,19.283184051513672,0.00017927944796992522,2218.5992815494537,4060.0,8316928.0,,0.20916790521242296,,,,,,,,,,,,,,,,,,,,,,,,,,,,,,0.8024606704711914,19.283184051513672,9.641592025756836,,,,,0.5,xent beta=0.5 adamw
,train,,,,,,,xent_beta-0p5_adamw_seed17,xent,adamw,0.5,0.18646794596868513,19.439285278320312,0.00017765164937836165,2224.5331773757935,4070.0,8337408.0,,0.2379561026478538,,,,,,,,,,,,,,,,,,,,,,,,,,,,,,0.8116292357444763,19.439285278320312,9.719642639160156,,,,,0.5,xent beta=0.5 adamw
,train,,,,,,,xent_beta-0p5_adamw_seed17,xent,adamw,0.5,0.1693044802699173,19.397777557373047,0.00017603915656910324,2230.1856360435486,4080.0,8357888.0,,0.2367542846969916,,,,,,,,,,,,,,,,,,,,,,,,,,,,,,0.8010749816894531,19.397777557373047,9.698888778686523,,,,,0.5,xent beta=0.5 adamw
,train,,,,,,,xent_beta-0p5_adamw_seed17,xent,adamw,0.5,0.26023001574994115,19.452747344970703,0.0001744420358254138,2235.861969470978,4090.0,8378368.0,,0.21204196263098488,,,,,,,,,,,,,,,,,,,,,,,,,,,,,,0.9794701933860779,19.452747344970703,9.726373672485352,,,,,0.5,xent beta=0.5 adamw
,train,,,,,,,xent_beta-0p5_adamw_seed17,xent,adamw,0.5,0.17347585151618264,19.289236068725586,0.00017286035279867173,2241.431479215622,4100.0,8398848.0,,0.19758384971015402,,,,,,,,,,,,,,,,,,,,,,,,,,,,,,0.8042352199554443,19.289236068725586,9.644618034362793,,,,,0.5,xent beta=0.5 adamw
,eval,,,,,,,xent_beta-0p5_adamw_seed17,xent,adamw,0.5,,,,2241.434520483017,4100.0,,,,0.017613772302865982,10512.4677734375,19.406230926513672,2.439493179321289,4.392003059387207,6.291234016418457,,,,2.664246082305908,10645.1015625,2434541.0,17023.07421875,9.714893341064453,5.265419960021973,0.24988915026187897,0.9056540727615356,0.1904296875,0.008754072710871696,0.1279296875,8143.873046875,8.891863822937012,4.11316442489624,0.24917352199554443,1.2421875,0.01924363151192665,0.14453125,6.777410507202148,,,,,9.703115463256836,0.8112516403198242,,,0.5,xent beta=0.5 adamw
,train,,,,,,,xent_beta-0p5_adamw_seed17,xent,adamw,0.5,0.20385996979326587,19.57707977294922,0.00017129417250567107,2247.3047637939453,4110.0,8419328.0,,0.20220937316424084,,,,,,,,,,,,,,,,,,,,,,,,,,,,,,0.8941224813461304,19.57707977294922,9.78853988647461,,,,,0.5,xent beta=0.5 adamw
,train,,,,,,,xent_beta-0p5_adamw_seed17,xent,adamw,0.5,0.2750322162547881,19.48636245727539,0.0001697435593259496,2252.9549016952515,4120.0,8439808.0,,0.19768987921099734,,,,,,,,,,,,,,,,,,,,,,,,,,,,,,0.8923872709274292,19.48636245727539,9.743181228637695,,,,,0.5,xent beta=0.5 adamw
,train,,,,,,,xent_beta-0p5_adamw_seed17,xent,adamw,0.5,0.4237438831700848,19.243549346923828,0.00016820857699914149,2258.7384769916534,4130.0,8460288.0,,0.21176044132217398,,,,,,,,,,,,,,,,,,,,,,,,,,,,,,0.9062474966049194,19.243549346923828,9.621774673461914,,,,,0.5,xent beta=0.5 adamw
,train,,,,,,,xent_beta-0p5_adamw_seed17,xent,adamw,0.5,0.19406169441556423,19.547334671020508,0.00016668928862235817,2264.116636276245,4140.0,8480768.0,,0.2097331928850511,,,,,,,,,,,,,,,,,,,,,,,,,,,,,,0.8706202507019043,19.547334671020508,9.773667335510254,,,,,0.5,xent beta=0.5 adamw
,train,,,,,,,xent_beta-0p5_adamw_seed17,xent,adamw,0.5,0.1979042837617496,19.362104415893555,0.00016518575664759428,2269.968127965927,4150.0,8501248.0,,0.18578907122860447,,,,,,,,,,,,,,,,,,,,,,,,,,,,,,0.8299435377120972,19.362104415893555,9.681052207946777,,,,,0.5,xent beta=0.5 adamw
,train,,,,,,,xent_beta-0p5_adamw_seed17,xent,adamw,0.5,0.40648489954753914,19.470256805419922,0.00016369804287916026,2275.8870289325714,4160.0,8521728.0,,0.19285268774603911,,,,,,,,,,,,,,,,,,,,,,,,,,,,,,0.8955668807029724,19.470256805419922,9.735128402709961,,,,,0.5,xent beta=0.5 adamw
,train,,,,,,,xent_beta-0p5_adamw_seed17,xent,adamw,0.5,0.15877089384820978,19.379682540893555,0.00016222620847114225,2281.7535362243652,4170.0,8542208.0,,0.18545329954119358,,,,,,,,,,,,,,,,,,,,,,,,,,,,,,0.8259880542755127,19.379682540893555,9.689841270446777,,,,,0.5,xent beta=0.5 adamw
,train,,,,,,,xent_beta-0p5_adamw_seed17,xent,adamw,0.5,0.22537923120786515,19.402477264404297,0.00016077031392488795,2287.688514471054,4180.0,8562688.0,,0.19429372313925922,,,,,,,,,,,,,,,,,,,,,,,,,,,,,,0.8550589084625244,19.402477264404297,9.701238632202148,,,,,0.5,xent beta=0.5 adamw
,train,,,,,,,xent_beta-0p5_adamw_seed17,xent,adamw,0.5,0.26018548583094026,19.52545166015625,0.00015933041908651967,2293.6268215179443,4190.0,8583168.0,,0.18577053930849005,,,,,,,,,,,,,,,,,,,,,,,,,,,,,,0.8084689378738403,19.52545166015625,9.762725830078125,,,,,0.5,xent beta=0.5 adamw
,train,,,,,,,xent_beta-0p5_adamw_seed17,xent,adamw,0.5,0.16266656090037743,19.36217498779297,0.0001579065831444748,2299.682452917099,4200.0,8603648.0,,0.18306781862622074,,,,,,,,,,,,,,,,,,,,,,,,,,,,,,0.8386873602867126,19.36217498779297,9.681087493896484,,,,,0.5,xent beta=0.5 adamw
,eval,,,,,,,xent_beta-0p5_adamw_seed17,xent,adamw,0.5,,,,2299.685537338257,4200.0,,,,0.017591670155525208,10516.515625,19.394084930419922,2.470123529434204,4.404327392578125,6.270096302032471,5.411839485168457,0.9826453328122802,0.5308377706000538,2.65336275100708,10649.046875,2434326.0,17022.876953125,9.715681076049805,5.232460021972656,0.24988983571529388,0.9028029441833496,0.2099609375,0.008911380544304848,0.1240234375,8143.873046875,8.891863822937012,4.11316442489624,0.24917352199554443,1.2421875,0.01924363151192665,0.14453125,6.76652717590332,,,,,9.697042465209961,0.8051781058311462,,,0.5,xent beta=0.5 adamw
,train,,,,,,,xent_beta-0p5_adamw_seed17,xent,adamw,0.5,0.1642395758546812,19.44831085205078,0.00015649886462707196,2306.313513278961,4210.0,8624128.0,,0.17904224729211382,,,,,,,,,,,,,,,,,,,,,,,,,,,,,,0.8736485242843628,19.44831085205078,9.72415542602539,,,,,0.5,xent beta=0.5 adamw
,train,,,,,,,xent_beta-0p5_adamw_seed17,xent,adamw,0.5,0.21586747168922685,19.58597183227539,0.00015510732140010575,2311.9751546382904,4220.0,8644608.0,,0.18415133728563993,,,,,,,,,,,,,,,,,,,,,,,,,,,,,,0.8216342329978943,19.58597183227539,9.792985916137695,,,,,0.5,xent beta=0.5 adamw
,train,,,,,,,xent_beta-0p5_adamw_seed17,xent,adamw,0.5,0.18042448250908666,19.64529800415039,0.0001537320106644679,2317.6792867183685,4230.0,8665088.0,,0.18179387648426426,,,,,,,,,,,,,,,,,,,,,,,,,,,,,,0.8718999624252319,19.64529800415039,9.822649002075195,,,,,0.5,xent beta=0.5 adamw
,train,,,,,,,xent_beta-0p5_adamw_seed17,xent,adamw,0.5,0.1938227180188555,19.22955322265625,0.00015237298895379614,2323.0199115276337,4240.0,8685568.0,,0.18457633838499235,,,,,,,,,,,,,,,,,,,,,,,,,,,,,,0.9203431606292725,19.22955322265625,9.614776611328125,,,,,0.5,xent beta=0.5 adamw
,train,,,,,,,xent_beta-0p5_adamw_seed17,xent,adamw,0.5,0.23383749012254465,19.519855499267578,0.00015103031213214996,2328.532710790634,4250.0,8706048.0,,0.17836614942759443,,,,,,,,,,,,,,,,,,,,,,,,,,,,,,0.9208360910415649,19.519855499267578,9.759927749633789,,,,,0.5,xent beta=0.5 adamw
,train,,,,,,,xent_beta-0p5_adamw_seed17,xent,adamw,0.5,0.16147041392088096,19.423707962036133,0.00014970403539171475,2334.41109418869,4260.0,8726528.0,,0.1753856659538966,,,,,,,,,,,,,,,,,,,,,,,,,,,,,,0.7931100130081177,19.423707962036133,9.711853981018066,,,,,0.5,xent beta=0.5 adamw
,train,,,,,,,xent_beta-0p5_adamw_seed17,xent,adamw,0.5,0.1760138976417989,19.770706176757812,0.00014839421325053243,2340.4623563289642,4270.0,8747008.0,,0.21629343336271725,,,,,,,,,,,,,,,,,,,,,,,,,,,,,,0.8437356948852539,19.770706176757812,9.885353088378906,,,,,0.5,xent beta=0.5 adamw
,train,,,,,,,xent_beta-0p5_adamw_seed17,xent,adamw,0.5,0.23870009257306635,19.304641723632812,0.00014710089955026115,2346.007992744446,4280.0,8767488.0,,0.2035813999379856,,,,,,,,,,,,,,,,,,,,,,,,,,,,,,0.8936824798583984,19.304641723632812,9.652320861816406,,,,,0.5,xent beta=0.5 adamw
,train,,,,,,,xent_beta-0p5_adamw_seed17,xent,adamw,0.5,0.2114230001058982,19.785938262939453,0.00014582414745396144,2352.4633264541626,4290.0,8787968.0,,0.2010152023693493,,,,,,,,,,,,,,,,,,,,,,,,,,,,,,0.8707641959190369,19.785938262939453,9.892969131469727,,,,,0.5,xent beta=0.5 adamw
,train,,,,,,,xent_beta-0p5_adamw_seed17,xent,adamw,0.5,0.19491493249128852,19.404144287109375,0.00014456400944391147,2358.207436800003,4300.0,8808448.0,,0.18068207850722068,,,,,,,,,,,,,,,,,,,,,,,,,,,,,,0.8265813589096069,19.404144287109375,9.702072143554688,,,,,0.5,xent beta=0.5 adamw
,eval,,,,,,,xent_beta-0p5_adamw_seed17,xent,adamw,0.5,,,,2358.2099549770355,4300.0,,,,0.017555760219693184,10517.7841796875,19.399229049682617,2.556159734725952,4.504728317260742,6.266298294067383,,,,2.6340408325195312,10652.9130859375,2434195.75,17455.173828125,9.743934631347656,5.382425308227539,0.2499038279056549,0.909270703792572,0.1884765625,0.008221643976867199,0.1279296875,8143.873046875,8.891863822937012,4.11316442489624,0.24917352199554443,1.2421875,0.01924363151192665,0.14453125,6.7472052574157715,,,,,9.699614524841309,0.8077511787414551,,,0.5,xent beta=0.5 adamw
,train,,,,,,,xent_beta-0p5_adamw_seed17,xent,adamw,0.5,0.20419230851618428,19.374610900878906,0.00014332053731944897,2363.6647107601166,4310.0,8828928.0,,0.17461011449111216,,,,,,,,,,,,,,,,,,,,,,,,,,,,,,0.8109719753265381,19.374610900878906,9.687305450439453,,,,,0.5,xent beta=0.5 adamw
,train,,,,,,,xent_beta-0p5_adamw_seed17,xent,adamw,0.5,0.19716673975987922,19.097915649414062,0.00014209378219484284,2369.5804686546326,4320.0,8849408.0,,0.16092096944383932,,,,,,,,,,,,,,,,,,,,,,,,,,,,,,0.7508983612060547,19.097915649414062,9.548957824707031,,,,,0.5,xent beta=0.5 adamw
,train,,,,,,,xent_beta-0p5_adamw_seed17,xent,adamw,0.5,0.19620239623256605,19.513591766357422,0.0001408837944971913,2375.342135667801,4330.0,8869888.0,,0.16072431310958288,,,,,,,,,,,,,,,,,,,,,,,,,,,,,,0.8355081081390381,19.513591766357422,9.756795883178711,,,,,0.5,xent beta=0.5 adamw
,train,,,,,,,xent_beta-0p5_adamw_seed17,xent,adamw,0.5,0.25038896631892604,19.023178100585938,0.00013969062396434936,2381.6539919376373,4340.0,8890368.0,,0.18097192171438428,,,,,,,,,,,,,,,,,,,,,,,,,,,,,,0.7415550351142883,19.023178100585938,9.511589050292969,,,,,0.5,xent beta=0.5 adamw
,train,,,,,,,xent_beta-0p5_adamw_seed17,xent,adamw,0.5,0.22285979238534862,19.45831298828125,0.00013851431964288444,2386.376034259796,4350.0,8910848.0,,0.1635190273705715,,,,,,,,,,,,,,,,,,,,,,,,,,,,,,0.8071544766426086,19.45831298828125,9.729156494140625,,,,,0.5,xent beta=0.5 adamw
,train,,,,,,,xent_beta-0p5_adamw_seed17,xent,adamw,0.5,0.18559335530950063,19.508136749267578,0.00013735492988605971,2392.2486157417297,4360.0,8931328.0,,0.17950752323285216,,,,,,,,,,,,,,,,,,,,,,,,,,,,,,0.8395476341247559,19.508136749267578,9.754068374633789,,,,,0.5,xent beta=0.5 adamw
,train,,,,,,,xent_beta-0p5_adamw_seed17,xent,adamw,0.5,0.16360344169867513,19.280044555664062,0.00013621250235184727,2397.664135694504,4370.0,8951808.0,,0.15339246807944637,,,,,,,,,,,,,,,,,,,,,,,,,,,,,,0.8290354013442993,19.280044555664062,9.640022277832031,,,,,0.5,xent beta=0.5 adamw
,train,,,,,,,xent_beta-0p5_adamw_seed17,xent,adamw,0.5,0.17499342033381204,19.429752349853516,0.00013508708400096828,2403.3638973236084,4380.0,8972288.0,,0.15774770166043228,,,,,,,,,,,,,,,,,,,,,,,,,,,,,,0.8727612495422363,19.429752349853516,9.714876174926758,,,,,0.5,xent beta=0.5 adamw
,train,,,,,,,xent_beta-0p5_adamw_seed17,xent,adamw,0.5,0.2691579587066042,19.564937591552734,0.00013397872109496337,2409.2100746631622,4390.0,8992768.0,,0.1708903853303167,,,,,,,,,,,,,,,,,,,,,,,,,,,,,,0.9163577556610107,19.564937591552734,9.782468795776367,,,,,0.5,xent beta=0.5 adamw
,train,,,,,,,xent_beta-0p5_adamw_seed17,xent,adamw,0.5,0.21401817018434577,19.669145584106445,0.00013288745919429028,2414.9050903320312,4400.0,9013248.0,,0.1554205855500801,,,,,,,,,,,,,,,,,,,,,,,,,,,,,,0.8517985343933105,19.669145584106445,9.834572792053223,,,,,0.5,xent beta=0.5 adamw
,eval,,,,,,,xent_beta-0p5_adamw_seed17,xent,adamw,0.5,,,,2414.907906770706,4400.0,,,,0.017605680972337723,10517.53515625,19.39415740966797,2.499424457550049,4.393853664398193,6.273826599121094,5.347378730773926,0.9828050126307323,0.5293864888313229,2.662003993988037,10649.845703125,2434394.25,17031.162109375,9.71530532836914,5.210153579711914,0.24988994002342224,0.8983844518661499,0.1982421875,0.009123967960476875,0.1259765625,8143.873046875,8.891863822937012,4.11316442489624,0.24917352199554443,1.2421875,0.01924363151192665,0.14453125,6.775168418884277,,,,,9.697078704833984,0.805214524269104,,,0.5,xent beta=0.5 adamw
,train,,,,,,,xent_beta-0p5_adamw_seed17,xent,adamw,0.5,0.4693423325221382,19.47103500366211,0.00013181334315645165,2421.439152956009,4410.0,9033728.0,,0.22394746864663592,,,,,,,,,,,,,,,,,,,,,,,,,,,,,,1.087346076965332,19.47103500366211,9.735517501831055,,,,,0.5,xent beta=0.5 adamw
,train,,,,,,,xent_beta-0p5_adamw_seed17,xent,adamw,0.5,0.22412590139950075,19.548992156982422,0.00013075641713415067,2427.2184867858887,4420.0,9054208.0,,0.16895822398308524,,,,,,,,,,,,,,,,,,,,,,,,,,,,,,0.8715248703956604,19.548992156982422,9.774496078491211,,,,,0.5,xent beta=0.5 adamw
,train,,,,,,,xent_beta-0p5_adamw_seed17,xent,adamw,0.5,0.16528896435318066,18.982927322387695,0.00012971672457347662,2433.2649915218353,4430.0,9074688.0,,0.18221091740684622,,,,,,,,,,,,,,,,,,,,,,,,,,,,,,0.7620576024055481,18.982927322387695,9.491463661193848,,,,,0.5,xent beta=0.5 adamw
,train,,,,,,,xent_beta-0p5_adamw_seed17,xent,adamw,0.5,0.20130231944257734,19.514772415161133,0.0001286943082121183,2438.886214017868,4440.0,9095168.0,,0.14640137864326622,,,,,,,,,,,,,,,,,,,,,,,,,,,,,,0.8687478303909302,19.514772415161133,9.757386207580566,,,,,0.5,xent beta=0.5 adamw
,train,,,,,,,xent_beta-0p5_adamw_seed17,xent,adamw,0.5,0.18330476596808024,18.922649383544922,0.00012768921007760782,2443.894442796707,4450.0,9115648.0,,0.14115037111537404,,,,,,,,,,,,,,,,,,,,,,,,,,,,,,0.7946563363075256,18.922649383544922,9.461324691772461,,,,,0.5,xent beta=0.5 adamw
,train,,,,,,,xent_beta-0p5_adamw_seed17,xent,adamw,0.5,0.20409004490770608,19.233129501342773,0.0001267014714855929,2449.4887244701385,4460.0,9136128.0,,0.14611920655827984,,,,,,,,,,,,,,,,,,,,,,,,,,,,,,0.8873670101165771,19.233129501342773,9.616564750671387,,,,,0.5,xent beta=0.5 adamw
,train,,,,,,,xent_beta-0p5_adamw_seed17,xent,adamw,0.5,0.1461668904413211,19.37319564819336,0.00012573113303813817,2455.6841263771057,4470.0,9156608.0,,0.14447872633070524,,,,,,,,,,,,,,,,,,,,,,,,,,,,,,0.7810916900634766,19.37319564819336,9.68659782409668,,,,,0.5,xent beta=0.5 adamw
,train,,,,,,,xent_beta-0p5_adamw_seed17,xent,adamw,0.5,0.18477622813688224,19.466350555419922,0.0001247782346220569,2461.1270570755005,4480.0,9177088.0,,0.14594452277121864,,,,,,,,,,,,,,,,,,,,,,,,,,,,,,0.8222590684890747,19.466350555419922,9.733175277709961,,,,,0.5,xent beta=0.5 adamw
,train,,,,,,,xent_beta-0p5_adamw_seed17,xent,adamw,0.5,0.16991761889603205,19.479202270507812,0.00012384281540727047,2467.156030654907,4490.0,9197568.0,,0.14603440673668602,,,,,,,,,,,,,,,,,,,,,,,,,,,,,,0.8125283122062683,19.479202270507812,9.739601135253906,,,,,0.5,xent beta=0.5 adamw
,train,,,,,,,xent_beta-0p5_adamw_seed17,xent,adamw,0.5,0.17418911418074765,19.248605728149414,0.00012292491384519912,2473.178573846817,4500.0,9218048.0,,0.15432665294895145,,,,,,,,,,,,,,,,,,,,,,,,,,,,,,0.8075110912322998,19.248605728149414,9.624302864074707,,,,,0.5,xent beta=0.5 adamw
,eval,,,,,,,xent_beta-0p5_adamw_seed17,xent,adamw,0.5,,,,2473.1809618473053,4500.0,,,,0.017570190131664276,10519.265625,19.394596099853516,2.459909677505493,4.448505878448486,6.247102737426758,,,,2.623692512512207,10652.5380859375,2434346.75,17030.72265625,9.715778350830078,5.371768951416016,0.24989363551139832,0.9105080366134644,0.201171875,0.008443396538496017,0.126953125,8143.873046875,8.891863822937012,4.11316442489624,0.24917352199554443,1.2421875,0.01924363151192665,0.14453125,6.736856460571289,,,,,9.697298049926758,0.8054341077804565,,,0.5,xent beta=0.5 adamw
,train,,,,,,,xent_beta-0p5_adamw_seed17,xent,adamw,0.5,0.26741996878447233,19.55317497253418,0.00012202456766718093,2479.0058133602142,4510.0,9238528.0,,0.15297216240109932,,,,,,,,,,,,,,,,,,,,,,,,,,,,,,0.94251549243927,19.55317497253418,9.77658748626709,,,,,0.5,xent beta=0.5 adamw
,train,,,,,,,xent_beta-0p5_adamw_seed17,xent,adamw,0.5,0.19544314403344765,19.33824920654297,0.00012114181388292079,2485.136930704117,4520.0,9259008.0,,0.13955743349739383,,,,,,,,,,,,,,,,,,,,,,,,,,,,,,0.8057193160057068,19.33824920654297,9.669124603271484,,,,,0.5,xent beta=0.5 adamw
,train,,,,,,,xent_beta-0p5_adamw_seed17,xent,adamw,0.5,0.23029496231667873,19.50090980529785,0.00012027668877896935,2490.603089570999,4530.0,9279488.0,,0.14568933574327886,,,,,,,,,,,,,,,,,,,,,,,,,,,,,,0.909408450126648,19.50090980529785,9.750454902648926,,,,,0.5,xent beta=0.5 adamw
,train,,,,,,,xent_beta-0p5_adamw_seed17,xent,adamw,0.5,0.20751245783468086,19.357513427734375,0.00011942922791723108,2496.0628514289856,4540.0,9299968.0,,0.13838635230972296,,,,,,,,,,,,,,,,,,,,,,,,,,,,,,0.8184276223182678,19.357513427734375,9.678756713867188,,,,,0.5,xent beta=0.5 adamw
,train,,,,,,,xent_beta-0p5_adamw_seed17,xent,adamw,0.5,0.23167206545843438,19.434499740600586,0.00011859946613350275,2501.4445102214813,4550.0,9320448.0,,0.14602542987034825,,,,,,,,,,,,,,,,,,,,,,,,,,,,,,0.8605161905288696,19.434499740600586,9.717249870300293,,,,,0.5,xent beta=0.5 adamw
,train,,,,,,,xent_beta-0p5_adamw_seed17,xent,adamw,0.5,0.1768277680880393,19.28482437133789,0.00011778743753604132,2507.2648878097534,4560.0,9340928.0,,0.13709693822086438,,,,,,,,,,,,,,,,,,,,,,,,,,,,,,0.7879151105880737,19.28482437133789,9.642412185668945,,,,,0.5,xent beta=0.5 adamw
,train,,,,,,,xent_beta-0p5_adamw_seed17,xent,adamw,0.5,0.1781507885937634,19.339054107666016,0.00011699317550416208,2512.999499797821,4570.0,9361408.0,,0.13603686049563282,,,,,,,,,,,,,,,,,,,,,,,,,,,,,,0.8540796637535095,19.339054107666016,9.669527053833008,,,,,0.5,xent beta=0.5 adamw
,train,,,,,,,xent_beta-0p5_adamw_seed17,xent,adamw,0.5,0.2307387052686127,19.490802764892578,0.00011621671268686605,2518.4406967163086,4580.0,9381888.0,,0.1417051185483348,,,,,,,,,,,,,,,,,,,,,,,,,,,,,,0.8705694675445557,19.490802764892578,9.745401382446289,,,,,0.5,xent beta=0.5 adamw
,train,,,,,,,xent_beta-0p5_adamw_seed17,xent,adamw,0.5,0.20299710101102358,19.418212890625,0.00011545808100149851,2524.157876729965,4590.0,9402368.0,,0.1356476817417479,,,,,,,,,,,,,,,,,,,,,,,,,,,,,,0.8370231986045837,19.418212890625,9.7091064453125,,,,,0.5,xent beta=0.5 adamw
,train,,,,,,,xent_beta-0p5_adamw_seed17,xent,adamw,0.5,0.22213428615428177,19.557952880859375,0.00011471731163243675,2529.7722182273865,4600.0,9422848.0,,0.13755354233700356,,,,,,,,,,,,,,,,,,,,,,,,,,,,,,0.8696287870407104,19.557952880859375,9.778976440429688,,,,,0.5,xent beta=0.5 adamw
,eval,,,,,,,xent_beta-0p5_adamw_seed17,xent,adamw,0.5,,,,2529.775077342987,4600.0,,,,0.01755133643746376,10517.9306640625,19.391090393066406,2.4862701892852783,4.4219770431518555,6.233544826507568,5.430915355682373,0.9751815795888685,0.5326044520605897,2.6311795711517334,10651.115234375,2434580.0,17112.28125,9.721875190734863,5.281925678253174,0.24989475309848785,0.9028434753417969,0.2060546875,0.008756905794143677,0.1220703125,8143.873046875,8.891863822937012,4.11316442489624,0.24917352199554443,1.2421875,0.01924363151192665,0.14453125,6.7443437576293945,,,,,9.695545196533203,0.8036813139915466,,,0.5,xent beta=0.5 adamw
,train,,,,,,,xent_beta-0p5_adamw_seed17,xent,adamw,0.5,0.23046330275511967,19.26419448852539,0.00011399443502980814,2536.617495059967,4610.0,9443328.0,,0.1319312780034494,,,,,,,,,,,,,,,,,,,,,,,,,,,,,,0.9424542188644409,19.26419448852539,9.632097244262695,,,,,0.5,xent beta=0.5 adamw
,train,,,,,,,xent_beta-0p5_adamw_seed17,xent,adamw,0.5,0.4626345852117858,19.663497924804688,0.00011328948090823842,2541.713435649872,4620.0,9463808.0,,0.14303861884785143,,,,,,,,,,,,,,,,,,,,,,,,,,,,,,0.9568654298782349,19.663497924804688,9.831748962402344,,,,,0.5,xent beta=0.5 adamw
,train,,,,,,,xent_beta-0p5_adamw_seed17,xent,adamw,0.5,0.20638539042400894,19.61638641357422,0.00011260247824563048,2547.4571857452393,4630.0,9484288.0,,0.1326395754925438,,,,,,,,,,,,,,,,,,,,,,,,,,,,,,0.8178778290748596,19.61638641357422,9.80819320678711,,,,,0.5,xent beta=0.5 adamw
,train,,,,,,,xent_beta-0p5_adamw_seed17,xent,adamw,0.5,0.19841485430778932,19.27129364013672,0.00011193345528197292,2552.711613893509,4640.0,9504768.0,,0.13026347189060095,,,,,,,,,,,,,,,,,,,,,,,,,,,,,,0.8552436828613281,19.27129364013672,9.63564682006836,,,,,0.5,xent beta=0.5 adamw
,train,,,,,,,xent_beta-0p5_adamw_seed17,xent,adamw,0.5,0.22343308862958916,19.546836853027344,0.00011128243951817938,2558.689056158066,4650.0,9525248.0,,0.12921374076464218,,,,,,,,,,,,,,,,,,,,,,,,,,,,,,0.8835726380348206,19.546836853027344,9.773418426513672,,,,,0.5,xent beta=0.5 adamw
,train,,,,,,,xent_beta-0p5_adamw_seed17,xent,adamw,0.5,0.19703795470383273,19.22269058227539,0.00011064945771495816,2564.511649131775,4660.0,9545728.0,,0.12960879964397493,,,,,,,,,,,,,,,,,,,,,,,,,,,,,,0.7785698175430298,19.22269058227539,9.611345291137695,,,,,0.5,xent beta=0.5 adamw
,train,,,,,,,xent_beta-0p5_adamw_seed17,xent,adamw,0.5,0.1764984502724113,19.59779167175293,0.0001100345358917119,2570.1951444149017,4670.0,9566208.0,,0.12150227927809339,,,,,,,,,,,,,,,,,,,,,,,,,,,,,,0.908896803855896,19.59779167175293,9.798895835876465,,,,,0.5,xent beta=0.5 adamw
,train,,,,,,,xent_beta-0p5_adamw_seed17,xent,adamw,0.5,0.21503096321185267,19.509765625,0.00010943769932546821,2575.6600029468536,4680.0,9586688.0,,0.1754851444397138,,,,,,,,,,,,,,,,,,,,,,,,,,,,,,0.8763192296028137,19.509765625,9.7548828125,,,,,0.5,xent beta=0.5 adamw
,train,,,,,,,xent_beta-0p5_adamw_seed17,xent,adamw,0.5,0.37363020226887916,19.1024169921875,0.00010885897254984074,2581.29168844223,4690.0,9607168.0,,0.136630770343689,,,,,,,,,,,,,,,,,,,,,,,,,,,,,,0.8405447006225586,19.1024169921875,9.55120849609375,,,,,0.5,xent beta=0.5 adamw
,train,,,,,,,xent_beta-0p5_adamw_seed17,xent,adamw,0.5,0.25095545008946024,19.3400936126709,0.00010829837935402057,2587.4117460250854,4700.0,9627648.0,,0.14652497073525564,,,,,,,,,,,,,,,,,,,,,,,,,,,,,,0.94260573387146,19.3400936126709,9.67004680633545,,,,,0.5,xent beta=0.5 adamw
,eval,,,,,,,xent_beta-0p5_adamw_seed17,xent,adamw,0.5,,,,2587.4142129421234,4700.0,,,,0.017598185688257217,10518.28515625,19.394458770751953,2.510934352874756,4.409942626953125,6.250019550323486,,,,2.6636314392089844,10649.603515625,2434582.75,16792.685546875,9.702539443969727,5.176445007324219,0.24988459050655365,0.8967270851135254,0.208984375,0.00922404509037733,0.130859375,8143.873046875,8.891863822937012,4.11316442489624,0.24917352199554443,1.2421875,0.01924363151192665,0.14453125,6.776795387268066,,,,,9.697229385375977,0.805365800857544,,,0.5,xent beta=0.5 adamw
,train,,,,,,,xent_beta-0p5_adamw_seed17,xent,adamw,0.5,0.16444766795473614,19.413105010986328,0.00010775594278179828,2593.105320453644,4710.0,9648128.0,,0.12459447444235856,,,,,,,,,,,,,,,,,,,,,,,,,,,,,,0.8735085725784302,19.413105010986328,9.706552505493164,,,,,0.5,xent beta=0.5 adamw
,train,,,,,,,xent_beta-0p5_adamw_seed17,xent,adamw,0.5,0.19826448477651235,19.391530990600586,0.00010723168513061665,2599.0925374031067,4720.0,9668608.0,,0.12394618713917974,,,,,,,,,,,,,,,,,,,,,,,,,,,,,,0.7724215984344482,19.391530990600586,9.695765495300293,,,,,0.5,xent beta=0.5 adamw
,train,,,,,,,xent_beta-0p5_adamw_seed17,xent,adamw,0.5,0.23394330824405205,19.121826171875,0.00010672562795065448,2605.5442731380463,4730.0,9689088.0,,0.13329570465725835,,,,,,,,,,,,,,,,,,,,,,,,,,,,,,0.7736145257949829,19.121826171875,9.5609130859375,,,,,0.5,xent beta=0.5 adamw
,train,,,,,,,xent_beta-0p5_adamw_seed17,xent,adamw,0.5,0.1691696282813911,19.41570281982422,0.00010623779204394029,2611.0117688179016,4740.0,9709568.0,,0.14535575773240028,,,,,,,,,,,,,,,,,,,,,,,,,,,,,,0.8200331330299377,19.41570281982422,9.70785140991211,,,,,0.5,xent beta=0.5 adamw
,train,,,,,,,xent_beta-0p5_adamw_seed17,xent,adamw,0.5,0.26517803859055966,19.603439331054688,0.00010576819746349742,2616.8889400959015,4750.0,9730048.0,,0.21603920240534535,,,,,,,,,,,,,,,,,,,,,,,,,,,,,,0.9459121823310852,19.603439331054688,9.801719665527344,,,,,0.5,xent beta=0.5 adamw
,train,,,,,,,xent_beta-0p5_adamw_seed17,xent,adamw,0.5,0.2091538250663979,19.442367553710938,0.00010531686351251996,2622.546066761017,4760.0,9750528.0,,0.13736973187775933,,,,,,,,,,,,,,,,,,,,,,,,,,,,,,0.8472683429718018,19.442367553710938,9.721183776855469,,,,,0.5,xent beta=0.5 adamw
,train,,,,,,,xent_beta-0p5_adamw_seed17,xent,adamw,0.5,0.2014253039687369,19.545948028564453,0.00010488380874357872,2627.9375813007355,4770.0,9771008.0,,0.14098990722984725,,,,,,,,,,,,,,,,,,,,,,,,,,,,,,0.8154863715171814,19.545948028564453,9.772974014282227,,,,,0.5,xent beta=0.5 adamw
,train,,,,,,,xent_beta-0p5_adamw_seed17,xent,adamw,0.5,0.19797185375176587,19.46780014038086,0.0001044690509578592,2633.16379570961,4780.0,9791488.0,,0.14528088732978084,,,,,,,,,,,,,,,,,,,,,,,,,,,,,,0.8483783006668091,19.46780014038086,9.73390007019043,,,,,0.5,xent beta=0.5 adamw
,train,,,,,,,xent_beta-0p5_adamw_seed17,xent,adamw,0.5,0.20068119353857083,19.39239501953125,0.00010407260720442939,2638.375756263733,4790.0,9811968.0,,0.11813498851946351,,,,,,,,,,,,,,,,,,,,,,,,,,,,,,0.8295751214027405,19.39239501953125,9.696197509765625,,,,,0.5,xent beta=0.5 adamw
,train,,,,,,,xent_beta-0p5_adamw_seed17,xent,adamw,0.5,0.24975953054308725,19.401477813720703,0.00010369449377953928,2644.4754416942596,4800.0,9832448.0,,0.11715684671701068,,,,,,,,,,,,,,,,,,,,,,,,,,,,,,0.8608951568603516,19.401477813720703,9.700738906860352,,,,,0.5,xent beta=0.5 adamw
,eval,,,,,,,xent_beta-0p5_adamw_seed17,xent,adamw,0.5,,,,2644.4783442020416,4800.0,,,,0.01755174808204174,10524.3759765625,19.393348693847656,2.4985928535461426,4.425097465515137,6.239391326904297,5.268956184387207,0.9827153662094024,0.5259351730341495,2.638633966445923,10657.861328125,2434286.5,17112.12109375,9.721416473388672,5.269708633422852,0.24988949298858643,0.9017022848129272,0.203125,0.00884035974740982,0.1259765625,8143.873046875,8.891863822937012,4.11316442489624,0.24917352199554443,1.2421875,0.01924363151192665,0.14453125,6.751798629760742,,,,,9.696674346923828,0.8048108816146851,,,0.5,xent beta=0.5 adamw
,train,,,,,,,xent_beta-0p5_adamw_seed17,xent,adamw,0.5,0.24771220810857608,19.390872955322266,0.00010333472622595075,2651.338357448578,4810.0,9852928.0,,0.12284827264357402,,,,,,,,,,,,,,,,,,,,,,,,,,,,,,0.8363574743270874,19.390872955322266,9.695436477661133,,,,,0.5,xent beta=0.5 adamw
,train,,,,,,,xent_beta-0p5_adamw_seed17,xent,adamw,0.5,0.2079932991884679,19.457935333251953,0.00010299331933229888,2656.7562482357025,4820.0,9873408.0,,0.1298652435676142,,,,,,,,,,,,,,,,,,,,,,,,,,,,,,0.8771908283233643,19.457935333251953,9.728967666625977,,,,,0.5,xent beta=0.5 adamw
,train,,,,,,,xent_beta-0p5_adamw_seed17,xent,adamw,0.5,0.21113000897357126,19.297473907470703,0.00010267028713248386,2662.9133665561676,4830.0,9893888.0,,0.15083645769352602,,,,,,,,,,,,,,,,,,,,,,,,,,,,,,0.8210629224777222,19.297473907470703,9.648736953735352,,,,,0.5,xent beta=0.5 adamw
,train,,,,,,,xent_beta-0p5_adamw_seed17,xent,adamw,0.5,0.2353047438249099,19.38303565979004,0.00010236564290509418,2668.4436540603638,4840.0,9914368.0,,0.15436867460315995,,,,,,,,,,,,,,,,,,,,,,,,,,,,,,0.8821321725845337,19.38303565979004,9.69151782989502,,,,,0.5,xent beta=0.5 adamw
,train,,,,,,,xent_beta-0p5_adamw_seed17,xent,adamw,0.5,0.22738909246206734,19.174301147460938,0.0001020793991728608,2674.753943681717,4850.0,9934848.0,,0.12983753246079688,,,,,,,,,,,,,,,,,,,,,,,,,,,,,,0.8832061290740967,19.174301147460938,9.587150573730469,,,,,0.5,xent beta=0.5 adamw
,train,,,,,,,xent_beta-0p5_adamw_seed17,xent,adamw,0.5,0.16783294278710262,19.051218032836914,0.00010181156770214242,2680.6529383659363,4860.0,9955328.0,,0.12539315896955672,,,,,,,,,,,,,,,,,,,,,,,,,,,,,,0.7886129021644592,19.051218032836914,9.525609016418457,,,,,0.5,xent beta=0.5 adamw
,train,,,,,,,xent_beta-0p5_adamw_seed17,xent,adamw,0.5,0.1971315757801282,19.377166748046875,0.0001015621595024418,2685.8884875774384,4870.0,9975808.0,,0.1119486444327256,,,,,,,,,,,,,,,,,,,,,,,,,,,,,,0.8669257760047913,19.377166748046875,9.688583374023438,,,,,0.5,xent beta=0.5 adamw
,train,,,,,,,xent_beta-0p5_adamw_seed17,xent,adamw,0.5,0.18588724936606837,19.305980682373047,0.00010133118482595318,2691.4714920520782,4880.0,9996288.0,,0.11398726446808559,,,,,,,,,,,,,,,,,,,,,,,,,,,,,,0.8271646499633789,19.305980682373047,9.652990341186523,,,,,0.5,xent beta=0.5 adamw
,train,,,,,,,xent_beta-0p5_adamw_seed17,xent,adamw,0.5,0.576566519161162,19.198253631591797,0.00010111865316714077,2697.7290399074554,4890.0,10016768.0,,0.16962902993025297,,,,,,,,,,,,,,,,,,,,,,,,,,,,,,1.0523648262023926,19.198253631591797,9.599126815795898,,,,,0.5,xent beta=0.5 adamw
,train,,,,,,,xent_beta-0p5_adamw_seed17,xent,adamw,0.5,0.29460467083468833,19.101896286010742,0.00010092457326234867,2703.816213130951,4900.0,10037248.0,,0.17135522146881177,,,,,,,,,,,,,,,,,,,,,,,,,,,,,,0.8924589157104492,19.101896286010742,9.550948143005371,,,,,0.5,xent beta=0.5 adamw
,eval,,,,,,,xent_beta-0p5_adamw_seed17,xent,adamw,0.5,,,,2703.818749666214,4900.0,,,,0.017592936754226685,10529.6005859375,19.417591094970703,2.5333406925201416,4.494312286376953,6.268398761749268,,,,2.6783337593078613,10663.87890625,2434167.0,17120.5078125,9.723052978515625,5.35134220123291,0.24989759922027588,0.9071569442749023,0.18359375,0.008505766279995441,0.123046875,8143.873046875,8.891863822937012,4.11316442489624,0.24917352199554443,1.2421875,0.01924363151192665,0.14453125,6.791498184204102,,,,,9.708795547485352,0.816932201385498,,,0.5,xent beta=0.5 adamw
,train,,,,,,,xent_beta-0p5_adamw_seed17,xent,adamw,0.5,0.2570188304428853,19.606863021850586,0.00010074895308944163,2709.0268354415894,4910.0,10057728.0,,0.1411719226308551,,,,,,,,,,,,,,,,,,,,,,,,,,,,,,0.8453816175460815,19.606863021850586,9.803431510925293,,,,,0.5,xent beta=0.5 adamw
,train,,,,,,,xent_beta-0p5_adamw_seed17,xent,adamw,0.5,0.21669035216787436,19.37680435180664,0.00010059179986747703,2714.7201161384583,4920.0,10078208.0,,0.12398722649609407,,,,,,,,,,,,,,,,,,,,,,,,,,,,,,0.9273740649223328,19.37680435180664,9.68840217590332,,,,,0.5,xent beta=0.5 adamw
,train,,,,,,,xent_beta-0p5_adamw_seed17,xent,adamw,0.5,0.1640384489867675,19.30168914794922,0.00010045312005640844,2720.9181826114655,4930.0,10098688.0,,0.11596932517365738,,,,,,,,,,,,,,,,,,,,,,,,,,,,,,0.7620648145675659,19.30168914794922,9.65084457397461,,,,,0.5,xent beta=0.5 adamw
,train,,,,,,,xent_beta-0p5_adamw_seed17,xent,adamw,0.5,0.329023501491323,19.47860336303711,0.00010033291935681956,2726.735501766205,4940.0,10119168.0,,0.135016554038153,,,,,,,,,,,,,,,,,,,,,,,,,,,,,,0.8775802850723267,19.47860336303711,9.739301681518555,,,,,0.5,xent beta=0.5 adamw
,train,,,,,,,xent_beta-0p5_adamw_seed17,xent,adamw,0.5,0.21775709856756734,19.330324172973633,0.00010023120270969045,2732.654816389084,4950.0,10139648.0,,0.11719256873148476,,,,,,,,,,,,,,,,,,,,,,,,,,,,,,0.852027177810669,19.330324172973633,9.665162086486816,,,,,0.5,xent beta=0.5 adamw
,train,,,,,,,xent_beta-0p5_adamw_seed17,xent,adamw,0.5,0.256657535373575,19.28740882873535,0.0001001479742961941,2737.80504155159,4960.0,10160128.0,,0.12338472302242834,,,,,,,,,,,,,,,,,,,,,,,,,,,,,,0.8335012197494507,19.28740882873535,9.643704414367676,,,,,0.5,xent beta=0.5 adamw
,train,,,,,,,xent_beta-0p5_adamw_seed17,xent,adamw,0.5,0.21478649040300168,19.368385314941406,0.0001000832375375245,2743.4990372657776,4970.0,10180608.0,,0.11933980251494525,,,,,,,,,,,,,,,,,,,,,,,,,,,,,,0.8496750593185425,19.368385314941406,9.684192657470703,,,,,0.5,xent beta=0.5 adamw
,train,,,,,,,xent_beta-0p5_adamw_seed17,xent,adamw,0.5,0.29634852366428965,19.510435104370117,0.00010003699509475634,2749.618274450302,4980.0,10201088.0,,0.12653966416310297,,,,,,,,,,,,,,,,,,,,,,,,,,,,,,0.8744041919708252,19.510435104370117,9.755217552185059,,,,,0.5,xent beta=0.5 adamw
,train,,,,,,,xent_beta-0p5_adamw_seed17,xent,adamw,0.5,0.16104190977434765,19.240711212158203,0.00010000924886873528,2755.041628599167,4990.0,10221568.0,,0.12091173553869651,,,,,,,,,,,,,,,,,,,,,,,,,,,,,,0.8190853595733643,19.240711212158203,9.620355606079102,,,,,0.5,xent beta=0.5 adamw
,eval,,,,,,,xent_beta-0p5_adamw_seed17,xent,adamw,0.5,,,,2760.377941608429,4999.0,,,,0.017636004835367203,10523.7548828125,19.395248413085938,2.5172297954559326,4.388607978820801,6.288529396057129,5.459678649902344,0.9783623801676015,0.5334255377391324,2.6920876502990723,10653.875,2434752.75,16646.599609375,9.689434051513672,5.10875129699707,0.24987873435020447,0.8953731060028076,0.19140625,0.00949588418006897,0.1298828125,8143.873046875,8.891863822937012,4.11316442489624,0.24917352199554443,1.2421875,0.01924363151192665,0.14453125,6.8052520751953125,,,,,9.697624206542969,0.8057606816291809,,,0.5,xent beta=0.5 adamw
,weights_saved,,,,,,,xent_beta-0p5_adamw_seed17,xent,adamw,0.5,,,,,5000.0,,,,,,,,,,,,,,,,,,,,,,,,,,,,,,,,/n/netscratch/pehlevan_lab/Lab/sab/xent_beta-0p5_adamw_seed17_student_final.pt,,,,,,,,0.5,xent beta=0.5 adamw
,done,,,,,,,xent_beta-0p5_adamw_seed17,xent,adamw,0.5,,,,2767.483274936676,5000.0,,,,,,,,,,,,,,,,,,,,,,,,,,,,,,,,,,,,,,,,0.5,xent beta=0.5 adamw
cuda,start,76751360.0,xent_beta-100_adamw_seed17,/n/netscratch/pehlevan_lab/Lab/sab/teacher_logit_cache/eleutherai-pythia-70m-deduped_allenai-c4_seed17_bs16_seq128_bf16_f440db3ba4861202,4.0,readwrite,8.0,xent_beta-100_adamw_seed17,xent,adamw,100,,,,,,,,,,,,,,,,,,,,,,,,,,,,,,,,,,,,,,,,,,,,,100,xent beta=100 adamw
,train,,,,,,,xent_beta-100_adamw_seed17,xent,adamw,100.0,6.542227031888131,1.3687725067138672,1e-05,1.081874132156372,0.0,2048.0,,0.0451083874992373,,,,,,,,,,,,,,,,,,,,,,,,,,,,,,133.6331787109375,1.3687725067138672,136.87725830078125,,,,,100.0,xent beta=100.0 adamw
,eval,,,,,,,xent_beta-100_adamw_seed17,xent,adamw,100.0,,,,1.748147964477539,0.0,,,,102.33767700195312,10769.927734375,0.6856092810630798,1.1266703605651855,10.662759780883789,10.837406158447266,4.782581329345703,0.9998965263233315,0.33222638560657575,6.715270042419434,11037.521484375,2417632.0,1.4132345914840698,0.27023637294769287,10.774786949157715,1482.4515380859375,0.9999779462814331,0.0,0.8938133716583252,0.0,163.21095275878906,3.1589956283569336,4.11316442489624,7671.1826171875,1.2421875,0.23288176953792572,0.14453125,10.828433990478516,,,,,68.56092834472656,65.40193176269531,,,100.0,xent beta=100.0 adamw
,train,,,,,,,xent_beta-100_adamw_seed17,xent,adamw,100.0,8.383789820921447,0.7752389311790466,0.00011,4.5473785400390625,10.0,22528.0,,0.17659492876012287,,,,,,,,,,,,,,,,,,,,,,,,,,,,,,74.19499969482422,0.7752389311790466,77.52389526367188,,,,,100.0,xent beta=100.0 adamw
,train,,,,,,,xent_beta-100_adamw_seed17,xent,adamw,100.0,8.885125085899327,0.5207898020744324,0.00021,4.913430452346802,20.0,43008.0,,0.26790034179401717,,,,,,,,,,,,,,,,,,,,,,,,,,,,,,48.73295593261719,0.5207898020744324,52.078983306884766,,,,,100.0,xent beta=100.0 adamw
,train,,,,,,,xent_beta-100_adamw_seed17,xent,adamw,100.0,5.276259616150413,0.40649154782295227,0.00031,5.317110776901245,30.0,63488.0,,0.34142691475759374,,,,,,,,,,,,,,,,,,,,,,,,,,,,,,37.454444885253906,0.40649154782295227,40.64915466308594,,,,,100.0,xent beta=100.0 adamw
,train,,,,,,,xent_beta-100_adamw_seed17,xent,adamw,100.0,8.122731450700936,0.46486571431159973,0.00041,5.697246074676514,40.0,83968.0,,0.38876738584326453,,,,,,,,,,,,,,,,,,,,,,,,,,,,,,43.22958755493164,0.46486571431159973,46.486572265625,,,,,100.0,xent beta=100.0 adamw
,train,,,,,,,xent_beta-100_adamw_seed17,xent,adamw,100.0,18.14296076615692,0.4360108971595764,0.00051,6.073951005935669,50.0,104448.0,,0.4106898693001137,,,,,,,,,,,,,,,,,,,,,,,,,,,,,,41.044864654541016,0.4360108971595764,43.60108947753906,,,,,100.0,xent beta=100.0 adamw
,train,,,,,,,xent_beta-100_adamw_seed17,xent,adamw,100.0,16.744564145866928,0.5745975971221924,0.00061,6.47308087348938,60.0,124928.0,,0.42188778603505933,,,,,,,,,,,,,,,,,,,,,,,,,,,,,,54.94731140136719,0.5745975971221924,57.45976257324219,,,,,100.0,xent beta=100.0 adamw
,train,,,,,,,xent_beta-100_adamw_seed17,xent,adamw,100.0,11.70180135026309,0.794793426990509,0.00071,6.8630359172821045,70.0,145408.0,,0.6281109001859341,,,,,,,,,,,,,,,,,,,,,,,,,,,,,,76.24495697021484,0.794793426990509,79.4793472290039,,,,,100.0,xent beta=100.0 adamw
,train,,,,,,,xent_beta-100_adamw_seed17,xent,adamw,100.0,20.962610499701302,0.7282357811927795,0.0008100000000000001,7.241211891174316,80.0,165888.0,,0.7665751045169751,,,,,,,,,,,,,,,,,,,,,,,,,,,,,,69.55416870117188,0.7282357811927795,72.82357788085938,,,,,100.0,xent beta=100.0 adamw
,train,,,,,,,xent_beta-100_adamw_seed17,xent,adamw,100.0,8.206650163187467,0.6994056701660156,0.00091,7.633739948272705,90.0,186368.0,,0.8929722231683103,,,,,,,,,,,,,,,,,,,,,,,,,,,,,,66.73147583007812,0.6994056701660156,69.94056701660156,,,,,100.0,xent beta=100.0 adamw
,train,,,,,,,xent_beta-100_adamw_seed17,xent,adamw,100.0,16.717962310585378,0.7976565361022949,0.001,8.025437355041504,100.0,206848.0,,0.8983248716721558,,,,,,,,,,,,,,,,,,,,,,,,,,,,,,76.59635162353516,0.7976565361022949,79.76565551757812,,,,,100.0,xent beta=100.0 adamw
,eval,,,,,,,xent_beta-100_adamw_seed17,xent,adamw,100.0,,,,8.027655363082886,100.0,,,,57.7005500793457,10760.0546875,0.527289628982544,0.5997321605682373,10.426305770874023,10.624168395996094,,,,6.520205974578857,11025.51171875,2415973.75,14.714017868041992,2.6562867164611816,10.714146614074707,8340.8984375,0.9999754428863525,0.00390625,0.3177216649055481,0.00390625,163.21095275878906,3.1589956283569336,4.11316442489624,7671.1826171875,1.2421875,0.23288176953792572,0.14453125,10.633370399475098,,,,,52.728965759277344,49.56997299194336,,,100.0,xent beta=100.0 adamw
,train,,,,,,,xent_beta-100_adamw_seed17,xent,adamw,100.0,6.63538894497424,0.8993083238601685,0.000999938487246611,8.416639566421509,110.0,227328.0,,1.0548109675396649,,,,,,,,,,,,,,,,,,,,,,,,,,,,,,86.70683288574219,0.8993083238601685,89.93083190917969,,,,,100.0,xent beta=100.0 adamw
,train,,,,,,,xent_beta-100_adamw_seed17,xent,adamw,100.0,7.552253728419832,0.8693732023239136,0.0009997539658034168,8.805585145950317,120.0,247808.0,,1.111341500836614,,,,,,,,,,,,,,,,,,,,,,,,,,,,,,83.6925048828125,0.8693732023239136,86.93732452392578,,,,,100.0,xent beta=100.0 adamw
,train,,,,,,,xent_beta-100_adamw_seed17,xent,adamw,100.0,4.1090890585869655,0.7135069370269775,0.0009994464861167371,9.194742441177368,130.0,268288.0,,1.0791041500435048,,,,,,,,,,,,,,,,,,,,,,,,,,,,,,68.12919616699219,0.7135069370269775,71.35069274902344,,,,,100.0,xent beta=100.0 adamw
,train,,,,,,,xent_beta-100_adamw_seed17,xent,adamw,100.0,19.566994518449416,0.8360477089881897,0.0009990161322484487,9.574248313903809,140.0,288768.0,,0.892368431745704,,,,,,,,,,,,,,,,,,,,,,,,,,,,,,80.51014709472656,0.8360477089881897,83.60477447509766,,,,,100.0,xent beta=100.0 adamw
,train,,,,,,,xent_beta-100_adamw_seed17,xent,adamw,100.0,12.427026152293811,0.9412531852722168,0.0009984630218530014,9.962495565414429,150.0,309248.0,,0.9599202722198636,,,,,,,,,,,,,,,,,,,,,,,,,,,,,,90.87484741210938,0.9412531852722168,94.12532043457031,,,,,100.0,xent beta=100.0 adamw
,train,,,,,,,xent_beta-100_adamw_seed17,xent,adamw,100.0,13.427281805227958,0.9448325634002686,0.0009977873061452552,10.3569974899292,160.0,329728.0,,1.090868648326367,,,,,,,,,,,,,,,,,,,,,,,,,,,,,,91.33477020263672,0.9448325634002686,94.48326110839844,,,,,100.0,xent beta=100.0 adamw
,train,,,,,,,xent_beta-100_adamw_seed17,xent,adamw,100.0,16.573678999937858,0.9566056132316589,0.0009969891698591372,10.732837677001953,170.0,350208.0,,0.8820566505466078,,,,,,,,,,,,,,,,,,,,,,,,,,,,,,92.4277572631836,0.9566056132316589,95.66056060791016,,,,,100.0,xent beta=100.0 adamw
,train,,,,,,,xent_beta-100_adamw_seed17,xent,adamw,100.0,14.40738518029765,0.9684217572212219,0.0009960688311971388,11.118854522705078,180.0,370688.0,,0.9181048416232979,,,,,,,,,,,,,,,,,,,,,,,,,,,,,,93.57424926757812,0.9684217572212219,96.84217834472656,,,,,100.0,xent beta=100.0 adamw
,train,,,,,,,xent_beta-100_adamw_seed17,xent,adamw,100.0,12.38581097016548,0.9900345206260681,0.0009950265417706609,11.510054349899292,190.0,391168.0,,0.9905177098147729,,,,,,,,,,,,,,,,,,,,,,,,,,,,,,95.82482147216797,0.9900345206260681,99.00345611572266,,,,,100.0,xent beta=100.0 adamw
,train,,,,,,,xent_beta-100_adamw_seed17,xent,adamw,100.0,19.764954251725634,0.9999933242797852,0.0009938625865312252,11.896574258804321,200.0,411648.0,,0.9649326166306789,,,,,,,,,,,,,,,,,,,,,,,,,,,,,,96.8711929321289,0.9999933242797852,99.99933624267578,,,,,100.0,xent beta=100.0 adamw
,eval,,,,,,,xent_beta-100_adamw_seed17,xent,adamw,100.0,,,,11.898576498031616,200.0,,,,86.88679504394531,10765.7216796875,0.5844743251800537,0.6126386523246765,10.274862289428711,10.623687744140625,3.202085018157959,0.9662466625112565,0.2861094772812843,6.5499491691589355,11031.3193359375,2416789.5,2.4910635948181152,0.8804435729980469,10.715726852416992,4327.8330078125,0.9999754428863525,0.001953125,0.6857332587242126,0.0,163.21095275878906,3.1589956283569336,4.11316442489624,7671.1826171875,1.2421875,0.23288176953792572,0.14453125,10.663113594055176,,,,,58.44743347167969,55.28843688964844,,,100.0,xent beta=100.0 adamw
,train,,,,,,,xent_beta-100_adamw_seed17,xent,adamw,100.0,11.641914074028685,0.9555854797363281,0.000992577283692572,13.930297374725342,210.0,432128.0,,0.9515080250317769,,,,,,,,,,,,,,,,,,,,,,,,,,,,,,92.3451919555664,0.9555854797363281,95.55854797363281,,,,,100.0,xent beta=100.0 adamw
,train,,,,,,,xent_beta-100_adamw_seed17,xent,adamw,100.0,15.222145128007634,1.0909373760223389,0.0009911709846436641,14.316339492797852,220.0,452608.0,,0.9792016268731283,,,,,,,,,,,,,,,,,,,,,,,,,,,,,,105.83372497558594,1.0909373760223389,109.09373474121094,,,,,100.0,xent beta=100.0 adamw
,train,,,,,,,xent_beta-100_adamw_seed17,xent,adamw,100.0,8.357217092420862,0.9846407175064087,0.0009896440738526198,14.704287052154541,230.0,473088.0,,0.9965955550459805,,,,,,,,,,,,,,,,,,,,,,,,,,,,,,95.10472869873047,0.9846407175064087,98.46407318115234,,,,,100.0,xent beta=100.0 adamw
,train,,,,,,,xent_beta-100_adamw_seed17,xent,adamw,100.0,11.853517756605136,0.9312660098075867,0.0009879969687616025,15.093209028244019,240.0,493568.0,,1.0128201216266668,,,,,,,,,,,,,,,,,,,,,,,,,,,,,,89.89752960205078,0.9312660098075867,93.12660217285156,,,,,100.0,xent beta=100.0 adamw
,train,,,,,,,xent_beta-100_adamw_seed17,xent,adamw,100.0,9.209487819056006,0.9831686019897461,0.0009862301196726987,15.542153596878052,250.0,514048.0,,1.0131674332545777,,,,,,,,,,,,,,,,,,,,,,,,,,,,,,95.19452667236328,0.9831686019897461,98.31686401367188,,,,,100.0,xent beta=100.0 adamw
,train,,,,,,,xent_beta-100_adamw_seed17,xent,adamw,100.0,17.169891196260618,0.9324315190315247,0.0009843440096248069,15.939475536346436,260.0,534528.0,,0.9674049784751688,,,,,,,,,,,,,,,,,,,,,,,,,,,,,,90.14893341064453,0.9324315190315247,93.24315643310547,,,,,100.0,xent beta=100.0 adamw
,train,,,,,,,xent_beta-100_adamw_seed17,xent,adamw,100.0,11.758463186654652,0.8254638314247131,0.0009823391542615816,16.3270902633667,270.0,555008.0,,1.003950126744831,,,,,,,,,,,,,,,,,,,,,,,,,,,,,,79.25729370117188,0.8254638314247131,82.54638671875,,,,,100.0,xent beta=100.0 adamw
,train,,,,,,,xent_beta-100_adamw_seed17,xent,adamw,100.0,9.794824369134854,0.8745302557945251,0.0009802161016904609,16.71789002418518,280.0,575488.0,,1.1266025639845232,,,,,,,,,,,,,,,,,,,,,,,,,,,,,,84.23260498046875,0.8745302557945251,87.4530258178711,,,,,100.0,xent beta=100.0 adamw
,train,,,,,,,xent_beta-100_adamw_seed17,xent,adamw,100.0,12.190454108873485,0.9750515818595886,0.0009779754323328191,17.333949089050293,290.0,595968.0,,0.9906319577148772,,,,,,,,,,,,,,,,,,,,,,,,,,,,,,94.33064270019531,0.9750515818595886,97.50515747070312,,,,,100.0,xent beta=100.0 adamw
,train,,,,,,,xent_beta-100_adamw_seed17,xent,adamw,100.0,17.11492252149841,0.9873777627944946,0.0009756177587652855,17.708712100982666,300.0,616448.0,,0.9486134139434989,,,,,,,,,,,,,,,,,,,,,,,,,,,,,,95.53870391845703,0.9873777627944946,98.73777770996094,,,,,100.0,xent beta=100.0 adamw
,eval,,,,,,,xent_beta-100_adamw_seed17,xent,adamw,100.0,,,,17.712316751480103,300.0,,,,77.82489013671875,10761.29296875,0.5492276549339294,0.817867636680603,10.456409454345703,10.651081085205078,,,,6.519344329833984,11025.8662109375,2416264.25,3.8884048461914062,1.2162309885025024,10.68847942352295,5172.736328125,0.999974250793457,0.03515625,0.6188765168190002,0.015625,163.21095275878906,3.1589956283569336,4.11316442489624,7671.1826171875,1.2421875,0.23288176953792572,0.14453125,10.632509231567383,,,,,54.922767639160156,51.763771057128906,,,100.0,xent beta=100.0 adamw
,train,,,,,,,xent_beta-100_adamw_seed17,xent,adamw,100.0,10.87248324271876,1.0210120677947998,0.0009731437255522725,18.113677740097046,310.0,636928.0,,1.0465799268945069,,,,,,,,,,,,,,,,,,,,,,,,,,,,,,99.18524932861328,1.0210120677947998,102.10120391845703,,,,,100.0,xent beta=100.0 adamw
,train,,,,,,,xent_beta-100_adamw_seed17,xent,adamw,100.0,20.984436242859605,1.089792013168335,0.0009705540090697574,18.505799293518066,320.0,657408.0,,0.9828971117157088,,,,,,,,,,,,,,,,,,,,,,,,,,,,,,106.03511047363281,1.089792013168335,108.97920227050781,,,,,100.0,xent beta=100.0 adamw
,train,,,,,,,xent_beta-100_adamw_seed17,xent,adamw,100.0,6.700182831621214,0.9699100255966187,0.0009678493173203682,18.938801527023315,330.0,677888.0,,1.1466800932075667,,,,,,,,,,,,,,,,,,,,,,,,,,,,,,93.78387451171875,0.9699100255966187,96.99100494384766,,,,,100.0,xent beta=100.0 adamw
,train,,,,,,,xent_beta-100_adamw_seed17,xent,adamw,100.0,13.070359912197727,0.9338815212249756,0.0009650303897398232,19.3288733959198,340.0,698368.0,,1.1258733534914633,,,,,,,,,,,,,,,,,,,,,,,,,,,,,,90.10267639160156,0.9338815212249756,93.38815307617188,,,,,100.0,xent beta=100.0 adamw
,train,,,,,,,xent_beta-100_adamw_seed17,xent,adamw,100.0,12.054884474152322,0.8517412543296814,0.0009620979969947759,19.726099967956543,350.0,718848.0,,1.0134078325682778,,,,,,,,,,,,,,,,,,,,,,,,,,,,,,82.00544738769531,0.8517412543296814,85.17412567138672,,,,,100.0,xent beta=100.0 adamw
,train,,,,,,,xent_beta-100_adamw_seed17,xent,adamw,100.0,8.682422542506709,0.9286869764328003,0.0009590529407721231,20.1131112575531,360.0,739328.0,,1.0095946045020752,,,,,,,,,,,,,,,,,,,,,,,,,,,,,,89.79090881347656,0.9286869764328003,92.86869812011719,,,,,100.0,xent beta=100.0 adamw
,train,,,,,,,xent_beta-100_adamw_seed17,xent,adamw,100.0,9.543885764690925,0.9688632488250732,0.0009558960535598316,20.56877088546753,370.0,759808.0,,1.035594391953307,,,,,,,,,,,,,,,,,,,,,,,,,,,,,,93.72093200683594,0.9688632488250732,96.8863296508789,,,,,100.0,xent beta=100.0 adamw
,train,,,,,,,xent_beta-100_adamw_seed17,xent,adamw,100.0,8.187406572102509,0.960027813911438,0.0009526281984193435,20.968425035476685,380.0,780288.0,,0.931351238221076,,,,,,,,,,,,,,,,,,,,,,,,,,,,,,92.85966491699219,0.960027813911438,96.0027847290039,,,,,100.0,xent beta=100.0 adamw
,train,,,,,,,xent_beta-100_adamw_seed17,xent,adamw,100.0,18.578424385149216,0.9931973218917847,0.0009492502687496253,21.375357627868652,390.0,800768.0,,0.9385946387446552,,,,,,,,,,,,,,,,,,,,,,,,,,,,,,95.85480499267578,0.9931973218917847,99.31973266601562,,,,,100.0,xent beta=100.0 adamw
,train,,,,,,,xent_beta-100_adamw_seed17,xent,adamw,100.0,20.865917898343767,1.0827974081039429,0.0009457631880429201,21.809589862823486,400.0,821248.0,,0.8824898545708622,,,,,,,,,,,,,,,,,,,,,,,,,,,,,,104.9422607421875,1.0827974081039429,108.27974700927734,,,,,100.0,xent beta=100.0 adamw
,eval,,,,,,,xent_beta-100_adamw_seed17,xent,adamw,100.0,,,,21.811626434326172,400.0,,,,70.76820373535156,10763.5244140625,0.5824127197265625,0.9173123836517334,10.551599502563477,10.71628475189209,3.2015082836151123,0.9662488082785963,0.28607505559892654,6.592155456542969,11028.8662109375,2416541.75,3.673365831375122,1.2536218166351318,10.709755897521973,5998.0556640625,0.9999752044677734,0.05859375,0.526497483253479,0.046875,163.21095275878906,3.1589956283569336,4.11316442489624,7671.1826171875,1.2421875,0.23288176953792572,0.14453125,10.70531940460205,,,,,58.24127197265625,55.082279205322266,,,100.0,xent beta=100.0 adamw
,train,,,,,,,xent_beta-100_adamw_seed17,xent,adamw,100.0,13.016392552350103,0.9914537668228149,0.0009421679096322747,24.007038593292236,410.0,841728.0,,0.9513750858708503,,,,,,,,,,,,,,,,,,,,,,,,,,,,,,95.91815185546875,0.9914537668228149,99.14537811279297,,,,,100.0,xent beta=100.0 adamw
,train,,,,,,,xent_beta-100_adamw_seed17,xent,adamw,100.0,9.80095771001276,0.9237537384033203,0.0009384654164309083,24.400938749313354,420.0,862208.0,,0.9750084520497666,,,,,,,,,,,,,,,,,,,,,,,,,,,,,,89.1585693359375,0.9237537384033203,92.37537384033203,,,,,100.0,xent beta=100.0 adamw
,train,,,,,,,xent_beta-100_adamw_seed17,xent,adamw,100.0,9.644619654890423,1.0067754983901978,0.0009346567206634926,24.79433822631836,430.0,882688.0,,1.0005872067044999,,,,,,,,,,,,,,,,,,,,,,,,,,,,,,97.51652526855469,1.0067754983901978,100.67755126953125,,,,,100.0,xent beta=100.0 adamw
,train,,,,,,,xent_beta-100_adamw_seed17,xent,adamw,100.0,12.39505688434634,0.9598606824874878,0.0009307428635894209,25.19819664955139,440.0,903168.0,,0.9188832654252431,,,,,,,,,,,,,,,,,,,,,,,,,,,,,,92.85076904296875,0.9598606824874878,95.98606872558594,,,,,100.0,xent beta=100.0 adamw
,train,,,,,,,xent_beta-100_adamw_seed17,xent,adamw,100.0,8.272801997400078,0.9653552770614624,0.0009267249152181378,25.59053349494934,450.0,923648.0,,1.011992351479005,,,,,,,,,,,,,,,,,,,,,,,,,,,,,,93.25537872314453,0.9653552770614624,96.53553009033203,,,,,100.0,xent beta=100.0 adamw
,train,,,,,,,xent_beta-100_adamw_seed17,xent,adamw,100.0,9.757958904282434,0.9463971257209778,0.000922603974016609,25.987162113189697,460.0,944128.0,,0.9516570559318298,,,,,,,,,,,,,,,,,,,,,,,,,,,,,,91.38999938964844,0.9463971257209778,94.63971710205078,,,,,100.0,xent beta=100.0 adamw
,train,,,,,,,xent_beta-100_adamw_seed17,xent,adamw,100.0,14.083956418630947,1.012420892715454,0.0009183811666090118,26.385562658309937,470.0,964608.0,,0.9401138999329098,,,,,,,,,,,,,,,,,,,,,,,,,,,,,,98.00691223144531,1.012420892715454,101.24209594726562,,,,,100.0,xent beta=100.0 adamw
,train,,,,,,,xent_beta-100_adamw_seed17,xent,adamw,100.0,13.484620099954833,0.9589337706565857,0.0009140576474687263,26.78206443786621,480.0,985088.0,,0.9616628690775759,,,,,,,,,,,,,,,,,,,,,,,,,,,,,,92.54969024658203,0.9589337706565857,95.89337921142578,,,,,100.0,xent beta=100.0 adamw
,train,,,,,,,xent_beta-100_adamw_seed17,xent,adamw,100.0,9.973188037679021,0.9447734355926514,0.0009096345986027161,27.199317932128906,490.0,1005568.0,,0.9936112161199784,,,,,,,,,,,,,,,,,,,,,,,,,,,,,,91.27912139892578,0.9447734355926514,94.47734832763672,,,,,100.0,xent beta=100.0 adamw
,train,,,,,,,xent_beta-100_adamw_seed17,xent,adamw,100.0,9.118141837312892,0.952195405960083,0.0009051132292283771,27.59252119064331,500.0,1026048.0,,1.09643110732725,,,,,,,,,,,,,,,,,,,,,,,,,,,,,,92.12406921386719,0.952195405960083,95.21954345703125,,,,,100.0,xent beta=100.0 adamw
,eval,,,,,,,xent_beta-100_adamw_seed17,xent,adamw,100.0,,,,27.594531536102295,500.0,,,,96.44035339355469,10761.771484375,0.5568838119506836,0.6502481698989868,10.39339828491211,10.697731018066406,,,,6.597371578216553,11027.267578125,2416070.0,1.9579793214797974,0.4334125518798828,10.716388702392578,1905.065673828125,0.9999755620956421,0.0341796875,0.8645846843719482,0.0263671875,163.21095275878906,3.1589956283569336,4.11316442489624,7671.1826171875,1.2421875,0.23288176953792572,0.14453125,10.710536003112793,,,,,55.688385009765625,52.529388427734375,,,100.0,xent beta=100.0 adamw
,train,,,,,,,xent_beta-100_adamw_seed17,xent,adamw,100.0,18.026955265526656,0.8976678252220154,0.0009004947754429507,28.000571727752686,510.0,1046528.0,,0.9227456993424088,,,,,,,,,,,,,,,,,,,,,,,,,,,,,,86.54618835449219,0.8976678252220154,89.76678466796875,,,,,100.0,xent beta=100.0 adamw
,train,,,,,,,xent_beta-100_adamw_seed17,xent,adamw,100.0,14.219473677635712,0.9800196886062622,0.0008957804998855866,28.478121995925903,520.0,1067008.0,,0.893915180842978,,,,,,,,,,,,,,,,,,,,,,,,,,,,,,94.5835189819336,0.9800196886062622,98.00196838378906,,,,,100.0,xent beta=100.0 adamw
,train,,,,,,,xent_beta-100_adamw_seed17,xent,adamw,100.0,16.045051011019293,1.5221319198608398,0.0008909716913921507,29.521920442581177,530.0,1087488.0,,0.8928333299729575,,,,,,,,,,,,,,,,,,,,,,,,,,,,,,149.45498657226562,1.5221319198608398,152.21319580078125,,,,,100.0,xent beta=100.0 adamw
,train,,,,,,,xent_beta-100_adamw_seed17,xent,adamw,100.0,19.52404549572577,1.6694899797439575,0.0008860696646428693,30.575307369232178,540.0,1107968.0,,0.8454680457687394,,,,,,,,,,,,,,,,,,,,,,,,,,,,,,163.55789184570312,1.6694899797439575,166.94900512695312,,,,,100.0,xent beta=100.0 adamw
,train,,,,,,,xent_beta-100_adamw_seed17,xent,adamw,100.0,9.592171053067895,0.9981659650802612,0.0008810757598029093,31.647492170333862,550.0,1128448.0,,0.9436533582538958,,,,,,,,,,,,,,,,,,,,,,,,,,,,,,96.79310607910156,0.9981659650802612,99.81659698486328,,,,,100.0,xent beta=100.0 adamw
,train,,,,,,,xent_beta-100_adamw_seed17,xent,adamw,100.0,5.663601345248856,0.879582405090332,0.0008759913421559901,33.49124193191528,560.0,1148928.0,,0.9931392877980507,,,,,,,,,,,,,,,,,,,,,,,,,,,,,,84.73532104492188,0.879582405090332,87.95824432373047,,,,,100.0,xent beta=100.0 adamw
,train,,,,,,,xent_beta-100_adamw_seed17,xent,adamw,100.0,8.465331323984955,0.9399293065071106,0.0008708178017311287,35.447707653045654,570.0,1169408.0,,0.9018137889432778,,,,,,,,,,,,,,,,,,,,,,,,,,,,,,90.88872528076172,0.9399293065071106,93.99293518066406,,,,,100.0,xent beta=100.0 adamw
,train,,,,,,,xent_beta-100_adamw_seed17,xent,adamw,100.0,6.014856867411083,1.0705729722976685,0.0008655565529226198,36.88600945472717,580.0,1189888.0,,0.9731307599207563,,,,,,,,,,,,,,,,,,,,,,,,,,,,,,103.85625457763672,1.0705729722976685,107.05729675292969,,,,,100.0,xent beta=100.0 adamw
,train,,,,,,,xent_beta-100_adamw_seed17,xent,adamw,100.0,6.645776332089797,0.9516276121139526,0.0008602090341033546,38.459808349609375,590.0,1210368.0,,0.910229260602488,,,,,,,,,,,,,,,,,,,,,,,,,,,,,,91.97744750976562,0.9516276121139526,95.16276550292969,,,,,100.0,xent beta=100.0 adamw
,train,,,,,,,xent_beta-100_adamw_seed17,xent,adamw,100.0,6.11770210725433,0.9054768681526184,0.0008547767072315835,40.66571068763733,600.0,1230848.0,,0.906736677720744,,,,,,,,,,,,,,,,,,,,,,,,,,,,,,87.25447082519531,0.9054768681526184,90.54769134521484,,,,,100.0,xent beta=100.0 adamw
,eval,,,,,,,xent_beta-100_adamw_seed17,xent,adamw,100.0,,,,40.66790246963501,600.0,,,,69.82833862304688,10755.8564453125,0.5039281249046326,0.6752966046333313,10.418952941894531,10.533952713012695,3.203439712524414,0.9663185417019903,0.2862187369127674,6.47496223449707,11019.654296875,2415352.25,5.8589582443237305,1.6667721271514893,10.669313430786133,6581.970703125,0.9999736547470093,0.0302734375,0.4885672330856323,0.01171875,163.21095275878906,3.1589956283569336,4.11316442489624,7671.1826171875,1.2421875,0.23288176953792572,0.14453125,10.588127136230469,,,,,50.39281463623047,47.23381805419922,,,100.0,xent beta=100.0 adamw
,train,,,,,,,xent_beta-100_adamw_seed17,xent,adamw,100.0,10.221793951431195,0.8343595862388611,0.0008492610574512317,43.909027338027954,610.0,1251328.0,,0.8036883960540359,,,,,,,,,,,,,,,,,,,,,,,,,,,,,,80.193359375,0.8343595862388611,83.43595886230469,,,,,100.0,xent beta=100.0 adamw
,train,,,,,,,xent_beta-100_adamw_seed17,xent,adamw,100.0,10.485779216076303,0.8784139752388,0.0008436635926858759,46.635979890823364,620.0,1271808.0,,0.8534073881743351,,,,,,,,,,,,,,,,,,,,,,,,,,,,,,84.70092010498047,0.8784139752388,87.84140014648438,,,,,100.0,xent beta=100.0 adamw
,train,,,,,,,xent_beta-100_adamw_seed17,xent,adamw,100.0,12.587928262699876,0.8683338761329651,0.0008379858432264925,49.202638387680054,630.0,1292288.0,,0.8054747120469816,,,,,,,,,,,,,,,,,,,,,,,,,,,,,,83.57095336914062,0.8683338761329651,86.83338928222656,,,,,100.0,xent beta=100.0 adamw
,train,,,,,,,xent_beta-100_adamw_seed17,xent,adamw,100.0,9.182008793054127,0.7774593830108643,0.0008322293613130917,51.36928582191467,640.0,1312768.0,,0.8746201319336897,,,,,,,,,,,,,,,,,,,,,,,,,,,,,,74.54927062988281,0.7774593830108643,77.74594116210938,,,,,100.0,xent beta=100.0 adamw
,train,,,,,,,xent_beta-100_adamw_seed17,xent,adamw,100.0,6.90005204704151,0.679458737373352,0.0008263957207103506,53.57099008560181,650.0,1333248.0,,0.8567452274800427,,,,,,,,,,,,,,,,,,,,,,,,,,,,,,64.69944763183594,0.679458737373352,67.94587707519531,,,,,100.0,xent beta=100.0 adamw
,train,,,,,,,xent_beta-100_adamw_seed17,xent,adamw,100.0,8.200651679584311,0.7441649436950684,0.0008204865162773613,55.002901554107666,660.0,1353728.0,,0.8844225363557957,,,,,,,,,,,,,,,,,,,,,,,,,,,,,,71.12300109863281,0.7441649436950684,74.41649627685547,,,,,100.0,xent beta=100.0 adamw
,train,,,,,,,xent_beta-100_adamw_seed17,xent,adamw,100.0,6.452546777523252,0.7045468091964722,0.000814503363531613,57.467151165008545,670.0,1374208.0,,0.8513167414063443,,,,,,,,,,,,,,,,,,,,,,,,,,,,,,67.15286254882812,0.7045468091964722,70.45468139648438,,,,,100.0,xent beta=100.0 adamw
,train,,,,,,,xent_beta-100_adamw_seed17,xent,adamw,100.0,5.551381011908117,0.6167722940444946,0.0008084478982073247,59.323264360427856,680.0,1394688.0,,0.782468052847307,,,,,,,,,,,,,,,,,,,,,,,,,,,,,,58.39375686645508,0.6167722940444946,61.67723083496094,,,,,100.0,xent beta=100.0 adamw
,train,,,,,,,xent_beta-100_adamw_seed17,xent,adamw,100.0,7.898340380798283,0.682877779006958,0.0008023217758082529,61.111005783081055,690.0,1415168.0,,0.7179539059537867,,,,,,,,,,,,,,,,,,,,,,,,,,,,,,65.29887390136719,0.682877779006958,68.28778076171875,,,,,100.0,xent beta=100.0 adamw
,train,,,,,,,xent_beta-100_adamw_seed17,xent,adamw,100.0,8.405609636453356,0.680989682674408,0.0007961266711550922,62.767359256744385,700.0,1435648.0,,0.7000401705836118,,,,,,,,,,,,,,,,,,,,,,,,,,,,,,64.90953826904297,0.680989682674408,68.09896850585938,,,,,100.0,xent beta=100.0 adamw
,eval,,,,,,,xent_beta-100_adamw_seed17,xent,adamw,100.0,,,,62.769686698913574,700.0,,,,67.03438568115234,10759.515625,0.4572591185569763,0.524946928024292,10.570206642150879,10.702760696411133,,,,6.628082752227783,11025.2998046875,2415718.0,18.922792434692383,2.4194068908691406,10.728684425354004,6832.349609375,0.9999762773513794,0.0205078125,0.4485241174697876,0.0107421875,163.21095275878906,3.1589956283569336,4.11316442489624,7671.1826171875,1.2421875,0.23288176953792572,0.14453125,10.741247177124023,,,,,45.725914001464844,42.566917419433594,,,100.0,xent beta=100.0 adamw
,train,,,,,,,xent_beta-100_adamw_seed17,xent,adamw,100.0,7.395024542731418,0.7403232455253601,0.0007898642779275972,63.73670840263367,710.0,1456128.0,,0.6986271561586958,,,,,,,,,,,,,,,,,,,,,,,,,,,,,,70.86476135253906,0.7403232455253601,74.0323257446289,,,,,100.0,xent beta=100.0 adamw
,train,,,,,,,xent_beta-100_adamw_seed17,xent,adamw,100.0,8.662708626807769,0.7029909491539001,0.0007835363082015469,65.77871417999268,720.0,1476608.0,,0.6929225180264713,,,,,,,,,,,,,,,,,,,,,,,,,,,,,,67.20857238769531,0.7029909491539001,70.2990951538086,,,,,100.0,xent beta=100.0 adamw
,train,,,,,,,xent_beta-100_adamw_seed17,xent,adamw,100.0,10.43141685564449,0.6682410836219788,0.0007771444919806797,66.90028357505798,730.0,1497088.0,,0.6728171679423571,,,,,,,,,,,,,,,,,,,,,,,,,,,,,,63.47826385498047,0.6682410836219788,66.82411193847656,,,,,100.0,xent beta=100.0 adamw
,train,,,,,,,xent_beta-100_adamw_seed17,xent,adamw,100.0,5.705590252680597,0.704730212688446,0.0007706905767237288,68.58247637748718,740.0,1517568.0,,0.7182373441407002,,,,,,,,,,,,,,,,,,,,,,,,,,,,,,67.43306732177734,0.704730212688446,70.4730224609375,,,,,100.0,xent beta=100.0 adamw
,train,,,,,,,xent_beta-100_adamw_seed17,xent,adamw,100.0,5.58815345874402,0.5800269246101379,0.0007641763268666831,70.65534687042236,750.0,1538048.0,,0.6806907069939738,,,,,,,,,,,,,,,,,,,,,,,,,,,,,,54.790008544921875,0.5800269246101379,58.00269317626953,,,,,100.0,xent beta=100.0 adamw
,train,,,,,,,xent_beta-100_adamw_seed17,xent,adamw,100.0,8.209698918531114,0.5769693851470947,0.0007576035233404096,72.20327544212341,760.0,1558528.0,,0.6535917210984412,,,,,,,,,,,,,,,,,,,,,,,,,,,,,,54.449462890625,0.5769693851470947,57.69694137573242,,,,,100.0,xent beta=100.0 adamw
,train,,,,,,,xent_beta-100_adamw_seed17,xent,adamw,100.0,4.960427592800573,0.5368207693099976,0.000750973963083763,73.31004786491394,770.0,1579008.0,,0.6860201682606701,,,,,,,,,,,,,,,,,,,,,,,,,,,,,,50.43834686279297,0.5368207693099976,53.68207931518555,,,,,100.0,xent beta=100.0 adamw
,train,,,,,,,xent_beta-100_adamw_seed17,xent,adamw,100.0,6.318209490719675,0.5231984853744507,0.0007442894585523217,75.2915768623352,780.0,1599488.0,,0.6196818551994041,,,,,,,,,,,,,,,,,,,,,,,,,,,,,,49.080467224121094,0.5231984853744507,52.319847106933594,,,,,100.0,xent beta=100.0 adamw
,train,,,,,,,xent_beta-100_adamw_seed17,xent,adamw,100.0,3.7244885023069068,0.4825775921344757,0.0007375518372228807,76.96084189414978,790.0,1619968.0,,0.6251204239524386,,,,,,,,,,,,,,,,,,,,,,,,,,,,,,45.152462005615234,0.4825775921344757,48.25775909423828,,,,,100.0,xent beta=100.0 adamw
,train,,,,,,,xent_beta-100_adamw_seed17,xent,adamw,100.0,4.375782435139342,0.44778648018836975,0.0007307629410938364,77.98781108856201,800.0,1640448.0,,0.635111300070941,,,,,,,,,,,,,,,,,,,,,,,,,,,,,,41.54446029663086,0.44778648018836975,44.778648376464844,,,,,100.0,xent beta=100.0 adamw
,eval,,,,,,,xent_beta-100_adamw_seed17,xent,adamw,100.0,,,,77.99008202552795,800.0,,,,51.3215217590332,10756.390625,0.35620763897895813,0.2759418487548828,10.594406127929688,10.687725067138672,3.199636697769165,0.9661868770335607,0.28601153409521196,6.61879825592041,11023.681640625,2415325.75,29.56085777282715,3.2686853408813477,10.772254943847656,8602.9404296875,0.9999781847000122,0.0390625,0.28159603476524353,0.015625,163.21095275878906,3.1589956283569336,4.11316442489624,7671.1826171875,1.2421875,0.23288176953792572,0.14453125,10.731962203979492,,,,,35.620765686035156,32.461769104003906,,,100.0,xent beta=100.0 adamw
,train,,,,,,,xent_beta-100_adamw_seed17,xent,adamw,100.0,3.6072354559604975,0.37557822465896606,0.0007239246261816035,81.84161520004272,810.0,1660928.0,,0.5719734879173717,,,,,,,,,,,,,,,,,,,,,,,,,,,,,,34.329383850097656,0.37557822465896606,37.557823181152344,,,,,100.0,xent beta=100.0 adamw
,train,,,,,,,xent_beta-100_adamw_seed17,xent,adamw,100.0,5.156151350566561,0.3421781361103058,0.0007170387620131993,82.60729837417603,820.0,1681408.0,,0.5554400010474928,,,,,,,,,,,,,,,,,,,,,,,,,,,,,,30.970882415771484,0.3421781361103058,34.21781539916992,,,,,100.0,xent beta=100.0 adamw
,train,,,,,,,xent_beta-100_adamw_seed17,xent,adamw,100.0,4.106922171067056,0.29152151942253113,0.0007101072311151324,83.95208191871643,830.0,1701888.0,,0.5730124348691551,,,,,,,,,,,,,,,,,,,,,,,,,,,,,,26.000438690185547,0.29152151942253113,29.15215301513672,,,,,100.0,xent beta=100.0 adamw
,train,,,,,,,xent_beta-100_adamw_seed17,xent,adamw,100.0,2.9359358279288457,0.2388259619474411,0.0007031319284987394,84.67978072166443,840.0,1722368.0,,0.5007687755828208,,,,,,,,,,,,,,,,,,,,,,,,,,,,,,20.69614601135254,0.2388259619474411,23.882596969604492,,,,,100.0,xent beta=100.0 adamw
,train,,,,,,,xent_beta-100_adamw_seed17,xent,adamw,100.0,3.218424050869237,0.20911897718906403,0.0006961147611421076,85.89296650886536,850.0,1742848.0,,0.4522116427821165,,,,,,,,,,,,,,,,,,,,,,,,,,,,,,17.697154998779297,0.20911897718906403,20.911897659301758,,,,,100.0,xent beta=100.0 adamw
,train,,,,,,,xent_beta-100_adamw_seed17,xent,adamw,100.0,1.4015858704150386,0.17401954531669617,0.0006890576474687264,86.97357487678528,860.0,1763328.0,,0.5284848967882912,,,,,,,,,,,,,,,,,,,,,,,,,,,,,,13.641111373901367,0.17401954531669617,17.401954650878906,,,,,100.0,xent beta=100.0 adamw
,train,,,,,,,xent_beta-100_adamw_seed17,xent,adamw,100.0,1.8567613675675017,0.16043704748153687,0.0006819625168230092,88.6447606086731,870.0,1783808.0,,0.43679767485039905,,,,,,,,,,,,,,,,,,,,,,,,,,,,,,12.78515338897705,0.16043704748153687,16.043704986572266,,,,,100.0,xent beta=100.0 adamw
,train,,,,,,,xent_beta-100_adamw_seed17,xent,adamw,100.0,1.6941571006814622,0.12893851101398468,0.0006748313089428301,90.25441527366638,880.0,1804288.0,,0.4755719427396579,,,,,,,,,,,,,,,,,,,,,,,,,,,,,,9.842830657958984,0.12893851101398468,12.893851280212402,,,,,100.0,xent beta=100.0 adamw
,train,,,,,,,xent_beta-100_adamw_seed17,xent,adamw,100.0,2.0159557263124093,0.12252841889858246,0.0006676659734292189,91.255704164505,890.0,1824768.0,,0.43603697309763567,,,,,,,,,,,,,,,,,,,,,,,,,,,,,,9.01789665222168,0.12252841889858246,12.25284194946289,,,,,100.0,xent beta=100.0 adamw
,train,,,,,,,xent_beta-100_adamw_seed17,xent,adamw,100.0,1.2188572388798802,0.10831639170646667,0.0006604684692133597,93.35018754005432,900.0,1845248.0,,0.4466122354921543,,,,,,,,,,,,,,,,,,,,,,,,,,,,,,7.623342514038086,0.10831639170646667,10.831639289855957,,,,,100.0,xent beta=100.0 adamw
,eval,,,,,,,xent_beta-100_adamw_seed17,xent,adamw,100.0,,,,93.35250091552734,900.0,,,,37.15900421142578,10753.2568359375,0.10126256942749023,0.04019927978515625,10.633819580078125,10.67880630493164,,,,6.567142009735107,11021.5078125,2414645.75,447.07080078125,5.686173439025879,10.801484107971191,9442.4599609375,0.9999793171882629,0.0888671875,0.15283042192459106,0.0791015625,163.21095275878906,3.1589956283569336,4.11316442489624,7671.1826171875,1.2421875,0.23288176953792572,0.14453125,10.680306434631348,,,,,10.126256942749023,6.96726131439209,,,100.0,xent beta=100.0 adamw
,train,,,,,,,xent_beta-100_adamw_seed17,xent,adamw,100.0,1.5727379563609651,0.10618334263563156,0.0006532407640210383,94.31582474708557,910.0,1865728.0,,0.4420815422773568,,,,,,,,,,,,,,,,,,,,,,,,,,,,,,7.514477252960205,0.10618334263563156,10.618334770202637,,,,,100.0,xent beta=100.0 adamw
,train,,,,,,,xent_beta-100_adamw_seed17,xent,adamw,100.0,1.4380403255518173,0.0964517742395401,0.0006459848338346861,96.01647090911865,920.0,1886208.0,,0.4286201925443492,,,,,,,,,,,,,,,,,,,,,,,,,,,,,,6.200699806213379,0.0964517742395401,9.645177841186523,,,,,100.0,xent beta=100.0 adamw
,train,,,,,,,xent_beta-100_adamw_seed17,xent,adamw,100.0,1.2150493915937517,0.08855724334716797,0.0006387026623531661,96.8938000202179,930.0,1906688.0,,0.41161690493658426,,,,,,,,,,,,,,,,,,,,,,,,,,,,,,5.668905258178711,0.08855724334716797,8.855724334716797,,,,,100.0,xent beta=100.0 adamw
,train,,,,,,,xent_beta-100_adamw_seed17,xent,adamw,100.0,1.222110724325053,0.08759856969118118,0.0006313962404494495,97.95408201217651,940.0,1927168.0,,0.39894049672825643,,,,,,,,,,,,,,,,,,,,,,,,,,,,,,5.775064945220947,0.08759856969118118,8.759857177734375,,,,,100.0,xent beta=100.0 adamw
,train,,,,,,,xent_beta-100_adamw_seed17,xent,adamw,100.0,1.6797874281995706,0.08616907149553299,0.0006240675656263302,98.96178388595581,950.0,1947648.0,,0.3945187404726225,,,,,,,,,,,,,,,,,,,,,,,,,,,,,,5.55989933013916,0.08616907149553299,8.616907119750977,,,,,100.0,xent beta=100.0 adamw
,train,,,,,,,xent_beta-100_adamw_seed17,xent,adamw,100.0,1.7570272561260107,0.09695813059806824,0.0006167186414703288,100.11376786231995,960.0,1968128.0,,0.42136138455277883,,,,,,,,,,,,,,,,,,,,,,,,,,,,,,6.647544860839844,0.09695813059806824,9.695813179016113,,,,,100.0,xent beta=100.0 adamw
,train,,,,,,,xent_beta-100_adamw_seed17,xent,adamw,100.0,1.157719273086031,0.08261500298976898,0.0006093514771039312,101.95299100875854,970.0,1988608.0,,0.41886340930589233,,,,,,,,,,,,,,,,,,,,,,,,,,,,,,5.1010637283325195,0.08261500298976898,8.261500358581543,,,,,100.0,xent beta=100.0 adamw
,train,,,,,,,xent_beta-100_adamw_seed17,xent,adamw,100.0,1.7716262646989902,0.08150003850460052,0.0006019680866363138,103.41665410995483,980.0,2009088.0,,0.3877374062601984,,,,,,,,,,,,,,,,,,,,,,,,,,,,,,4.997008323669434,0.08150003850460052,8.150004386901855,,,,,100.0,xent beta=100.0 adamw
,train,,,,,,,xent_beta-100_adamw_seed17,xent,adamw,100.0,1.1355097408862704,0.0821901485323906,0.0005945704886127083,104.76191210746765,990.0,2029568.0,,0.40272715267778114,,,,,,,,,,,,,,,,,,,,,,,,,,,,,,4.997223854064941,0.0821901485323906,8.219015121459961,,,,,100.0,xent beta=100.0 adamw
,train,,,,,,,xent_beta-100_adamw_seed17,xent,adamw,100.0,1.5841430930253741,0.08165135234594345,0.0005871607054625496,105.86533617973328,1000.0,2050048.0,,0.3861246051870882,,,,,,,,,,,,,,,,,,,,,,,,,,,,,,4.924881935119629,0.08165135234594345,8.165135383605957,,,,,100.0,xent beta=100.0 adamw
,eval,,,,,,,xent_beta-100_adamw_seed17,xent,adamw,100.0,,,,105.86742830276489,1000.0,,,,36.63538360595703,10753.78125,0.08083389699459076,0.026947021484375,10.665332794189453,10.69559097290039,3.197805643081665,0.9661558250272045,0.28582745790452985,6.586713790893555,11022.3681640625,2414668.0,581.0677490234375,6.0176777839660645,10.809917449951172,9736.2294921875,0.9999796152114868,0.1240234375,0.09802542626857758,0.0634765625,163.21095275878906,3.1589956283569336,4.11316442489624,7671.1826171875,1.2421875,0.23288176953792572,0.14453125,10.699878692626953,,,,,8.083390235900879,4.924394607543945,,,100.0,xent beta=100.0 adamw
,train,,,,,,,xent_beta-100_adamw_seed17,xent,adamw,100.0,0.8430983382983342,0.07544491440057755,0.0005797407629465648,109.51399087905884,1010.0,2070528.0,,0.37444044103611446,,,,,,,,,,,,,,,,,,,,,,,,,,,,,,4.389617919921875,0.07544491440057755,7.544491767883301,,,,,100.0,xent beta=100.0 adamw
,train,,,,,,,xent_beta-100_adamw_seed17,xent,adamw,100.0,0.9855180834142397,0.08849498629570007,0.00057231268960295,110.42397475242615,1020.0,2091008.0,,0.47631193094067975,,,,,,,,,,,,,,,,,,,,,,,,,,,,,,5.7393927574157715,0.08849498629570007,8.849498748779297,,,,,100.0,xent beta=100.0 adamw
,train,,,,,,,xent_beta-100_adamw_seed17,xent,adamw,100.0,1.7264383977458093,0.09282232075929642,0.0005648785161927887,111.84607005119324,1030.0,2111488.0,,0.4196616987528151,,,,,,,,,,,,,,,,,,,,,,,,,,,,,,6.339638710021973,0.09282232075929642,9.282232284545898,,,,,100.0,xent beta=100.0 adamw
,train,,,,,,,xent_beta-100_adamw_seed17,xent,adamw,100.0,1.0205174120145666,0.0913369432091713,0.0005574402751448614,113.15060758590698,1040.0,2131968.0,,0.42913994311780884,,,,,,,,,,,,,,,,,,,,,,,,,,,,,,5.840500831604004,0.0913369432091713,9.133694648742676,,,,,100.0,xent beta=100.0 adamw
,train,,,,,,,xent_beta-100_adamw_seed17,xent,adamw,100.0,0.8462696837878819,0.0757671371102333,0.00055,114.56762504577637,1050.0,2152448.0,,0.375196274156045,,,,,,,,,,,,,,,,,,,,,,,,,,,,,,4.396496295928955,0.0757671371102333,7.576713562011719,,,,,100.0,xent beta=100.0 adamw
,train,,,,,,,xent_beta-100_adamw_seed17,xent,adamw,100.0,1.0988151511003519,0.07808826863765717,0.0005425597248551387,116.16701340675354,1060.0,2172928.0,,0.35603323298295014,,,,,,,,,,,,,,,,,,,,,,,,,,,,,,4.635115623474121,0.07808826863765717,7.808826923370361,,,,,100.0,xent beta=100.0 adamw
,train,,,,,,,xent_beta-100_adamw_seed17,xent,adamw,100.0,0.8098276916018093,0.07428696006536484,0.0005351214838072113,118.10663866996765,1070.0,2193408.0,,0.3469060914207515,,,,,,,,,,,,,,,,,,,,,,,,,,,,,,4.241827487945557,0.07428696006536484,7.428696155548096,,,,,100.0,xent beta=100.0 adamw
,train,,,,,,,xent_beta-100_adamw_seed17,xent,adamw,100.0,0.9846007668653182,0.08233997225761414,0.00052768731039705,119.7067289352417,1080.0,2213888.0,,0.358618258275408,,,,,,,,,,,,,,,,,,,,,,,,,,,,,,5.362355709075928,0.08233997225761414,8.233997344970703,,,,,100.0,xent beta=100.0 adamw
,train,,,,,,,xent_beta-100_adamw_seed17,xent,adamw,100.0,0.6862970901883958,0.07669387012720108,0.0005202592370534354,121.57045888900757,1090.0,2234368.0,,0.33671869605369603,,,,,,,,,,,,,,,,,,,,,,,,,,,,,,4.207391738891602,0.07669387012720108,7.669387340545654,,,,,100.0,xent beta=100.0 adamw
,train,,,,,,,xent_beta-100_adamw_seed17,xent,adamw,100.0,0.6700540318406832,0.07255847752094269,0.0005128392945374505,124.47021007537842,1100.0,2254848.0,,0.32019915713485014,,,,,,,,,,,,,,,,,,,,,,,,,,,,,,4.166385650634766,0.07255847752094269,7.255847930908203,,,,,100.0,xent beta=100.0 adamw
,eval,,,,,,,xent_beta-100_adamw_seed17,xent,adamw,100.0,,,,124.47242784500122,1100.0,,,,35.33693313598633,10754.4912109375,0.0738682821393013,0.023838043212890625,10.670389175415039,10.69913101196289,,,,6.589493751525879,11023.234375,2414701.0,637.6207885742188,5.922278881072998,10.813653945922852,9486.2548828125,0.9999797344207764,0.2890625,0.13370540738105774,0.115234375,163.21095275878906,3.1589956283569336,4.11316442489624,7671.1826171875,1.2421875,0.23288176953792572,0.14453125,10.702658653259277,,,,,7.386828422546387,4.227832794189453,,,100.0,xent beta=100.0 adamw
,train,,,,,,,xent_beta-100_adamw_seed17,xent,adamw,100.0,0.9700285500827295,0.06893138587474823,0.0005054295113872917,125.45470905303955,1110.0,2275328.0,,0.3686391022073621,,,,,,,,,,,,,,,,,,,,,,,,,,,,,,3.6884140968322754,0.06893138587474823,6.893138408660889,,,,,100.0,xent beta=100.0 adamw
,train,,,,,,,xent_beta-100_adamw_seed17,xent,adamw,100.0,0.8143076533537317,0.0749211385846138,0.0004980319133636862,127.1903350353241,1120.0,2295808.0,,0.3218117190403448,,,,,,,,,,,,,,,,,,,,,,,,,,,,,,4.138851165771484,0.0749211385846138,7.492114067077637,,,,,100.0,xent beta=100.0 adamw
,train,,,,,,,xent_beta-100_adamw_seed17,xent,adamw,100.0,0.8088131834578232,0.07274899631738663,0.000490648522896069,129.07932829856873,1130.0,2316288.0,,0.32091757530463355,,,,,,,,,,,,,,,,,,,,,,,,,,,,,,4.028302192687988,0.07274899631738663,7.274899959564209,,,,,100.0,xent beta=100.0 adamw
,train,,,,,,,xent_beta-100_adamw_seed17,xent,adamw,100.0,0.8705972320791445,0.07908523082733154,0.000483281358529671,130.69694256782532,1140.0,2336768.0,,0.34078648852742505,,,,,,,,,,,,,,,,,,,,,,,,,,,,,,4.6669111251831055,0.07908523082733154,7.9085235595703125,,,,,100.0,xent beta=100.0 adamw
,train,,,,,,,xent_beta-100_adamw_seed17,xent,adamw,100.0,0.6804739226140811,0.07697323709726334,0.0004759324343736697,132.3675799369812,1150.0,2357248.0,,0.31563515411841503,,,,,,,,,,,,,,,,,,,,,,,,,,,,,,4.302548408508301,0.07697323709726334,7.697323799133301,,,,,100.0,xent beta=100.0 adamw
,train,,,,,,,xent_beta-100_adamw_seed17,xent,adamw,100.0,0.7483062232240971,0.07148106396198273,0.00046860375955055066,134.65801310539246,1160.0,2377728.0,,0.30676700288340764,,,,,,,,,,,,,,,,,,,,,,,,,,,,,,3.8613104820251465,0.07148106396198273,7.148106575012207,,,,,100.0,xent beta=100.0 adamw
,train,,,,,,,xent_beta-100_adamw_seed17,xent,adamw,100.0,0.6200368575083653,0.07736462354660034,0.0004612973376468339,136.74631476402283,1170.0,2398208.0,,0.3593423620207187,,,,,,,,,,,,,,,,,,,,,,,,,,,,,,4.365116596221924,0.07736462354660034,7.736462593078613,,,,,100.0,xent beta=100.0 adamw
,train,,,,,,,xent_beta-100_adamw_seed17,xent,adamw,100.0,0.7441959344623984,0.07317047566175461,0.00045401516616531403,138.74724411964417,1180.0,2418688.0,,0.30774176242873086,,,,,,,,,,,,,,,,,,,,,,,,,,,,,,4.06710147857666,0.07317047566175461,7.317047595977783,,,,,100.0,xent beta=100.0 adamw
,train,,,,,,,xent_beta-100_adamw_seed17,xent,adamw,100.0,0.6996302290222475,0.07105427235364914,0.0004467592359789618,140.58820343017578,1190.0,2439168.0,,0.28513821202818956,,,,,,,,,,,,,,,,,,,,,,,,,,,,,,3.8555569648742676,0.07105427235364914,7.105427265167236,,,,,100.0,xent beta=100.0 adamw
,train,,,,,,,xent_beta-100_adamw_seed17,xent,adamw,100.0,0.43993515679816503,0.07239632308483124,0.00043953153078664045,142.24758386611938,1200.0,2459648.0,,0.30012388889526703,,,,,,,,,,,,,,,,,,,,,,,,,,,,,,4.118399620056152,0.07239632308483124,7.2396321296691895,,,,,100.0,xent beta=100.0 adamw
,eval,,,,,,,xent_beta-100_adamw_seed17,xent,adamw,100.0,,,,142.2499177455902,1200.0,,,,35.0528564453125,10754.8115234375,0.07110762596130371,0.024906158447265625,10.677242279052734,10.702066421508789,3.1979167461395264,0.9661635736314872,0.28588134050340674,6.5927886962890625,11023.59765625,2414752.5,748.309326171875,5.999815940856934,10.814651489257812,9378.6630859375,0.9999797344207764,0.291015625,0.1485321819782257,0.1123046875,163.21095275878906,3.1589956283569336,4.11316442489624,7671.1826171875,1.2421875,0.23288176953792572,0.14453125,10.705953598022461,,,,,7.110762596130371,3.9517669677734375,,,100.0,xent beta=100.0 adamw
,train,,,,,,,xent_beta-100_adamw_seed17,xent,adamw,100.0,0.5815937105571916,0.07905068248510361,0.00043233402657078115,145.9463050365448,1210.0,2480128.0,,0.3031946627727751,,,,,,,,,,,,,,,,,,,,,,,,,,,,,,4.7373199462890625,0.07905068248510361,7.905068397521973,,,,,100.0,xent beta=100.0 adamw
,train,,,,,,,xent_beta-100_adamw_seed17,xent,adamw,100.0,0.8311957677219305,0.07272223383188248,0.00042516869105717006,146.32749342918396,1220.0,2500608.0,,0.3416300648699086,,,,,,,,,,,,,,,,,,,,,,,,,,,,,,4.1995134353637695,0.07272223383188248,7.272223472595215,,,,,100.0,xent beta=100.0 adamw
,train,,,,,,,xent_beta-100_adamw_seed17,xent,adamw,100.0,0.6360761634713997,0.07171875238418579,0.000418037483176991,147.81334829330444,1230.0,2521088.0,,0.29526793804065965,,,,,,,,,,,,,,,,,,,,,,,,,,,,,,3.9876184463500977,0.07171875238418579,7.171875476837158,,,,,100.0,xent beta=100.0 adamw
,train,,,,,,,xent_beta-100_adamw_seed17,xent,adamw,100.0,0.7433768121414294,0.07161678373813629,0.0004109423525312738,148.9218852519989,1240.0,2541568.0,,0.28248577538074915,,,,,,,,,,,,,,,,,,,,,,,,,,,,,,4.012773513793945,0.07161678373813629,7.161678314208984,,,,,100.0,xent beta=100.0 adamw
,train,,,,,,,xent_beta-100_adamw_seed17,xent,adamw,100.0,0.5685636901786777,0.06857769936323166,0.00040388523885789254,150.1850311756134,1250.0,2562048.0,,0.27026213439689645,,,,,,,,,,,,,,,,,,,,,,,,,,,,,,3.765817165374756,0.06857769936323166,6.857769966125488,,,,,100.0,xent beta=100.0 adamw
,train,,,,,,,xent_beta-100_adamw_seed17,xent,adamw,100.0,0.5215909437966176,0.06669949740171432,0.00039686807150126057,150.99470472335815,1260.0,2582528.0,,0.2559184556480614,,,,,,,,,,,,,,,,,,,,,,,,,,,,,,3.3969340324401855,0.06669949740171432,6.669950008392334,,,,,100.0,xent beta=100.0 adamw
,train,,,,,,,xent_beta-100_adamw_seed17,xent,adamw,100.0,0.5676459657325619,0.0691889300942421,0.0003898927688848676,153.00250029563904,1270.0,2603008.0,,0.28462375381953864,,,,,,,,,,,,,,,,,,,,,,,,,,,,,,3.721644163131714,0.0691889300942421,6.918892860412598,,,,,100.0,xent beta=100.0 adamw
,train,,,,,,,xent_beta-100_adamw_seed17,xent,adamw,100.0,0.5936962377709671,0.07082892954349518,0.0003829612379868006,154.66371059417725,1280.0,2623488.0,,0.2713075610235097,,,,,,,,,,,,,,,,,,,,,,,,,,,,,,3.9749202728271484,0.07082892954349518,7.082892894744873,,,,,100.0,xent beta=100.0 adamw
,train,,,,,,,xent_beta-100_adamw_seed17,xent,adamw,100.0,0.8972108000291615,0.06834917515516281,0.0003760753738183966,155.6331067085266,1290.0,2643968.0,,0.2816796377169413,,,,,,,,,,,,,,,,,,,,,,,,,,,,,,3.7951149940490723,0.06834917515516281,6.834918022155762,,,,,100.0,xent beta=100.0 adamw
,train,,,,,,,xent_beta-100_adamw_seed17,xent,adamw,100.0,0.6603992337002123,0.07375871390104294,0.00036923705890616387,156.71261835098267,1300.0,2664448.0,,0.26752978603492406,,,,,,,,,,,,,,,,,,,,,,,,,,,,,,4.165591239929199,0.07375871390104294,7.375871658325195,,,,,100.0,xent beta=100.0 adamw
,eval,,,,,,,xent_beta-100_adamw_seed17,xent,adamw,100.0,,,,156.71463251113892,1300.0,,,,34.48207473754883,10756.0322265625,0.06977271288633347,0.02274322509765625,10.686759948730469,10.709634780883789,,,,6.599813461303711,11024.9033203125,2414937.5,819.464599609375,6.297550201416016,10.816601753234863,9733.03515625,0.9999798536300659,0.2724609375,0.09522207081317902,0.12109375,163.21095275878906,3.1589956283569336,4.11316442489624,7671.1826171875,1.2421875,0.23288176953792572,0.14453125,10.712977409362793,,,,,6.97727108001709,3.8182754516601562,,,100.0,xent beta=100.0 adamw
,train,,,,,,,xent_beta-100_adamw_seed17,xent,adamw,100.0,0.730015572453888,0.0713309720158577,0.00036244816277711944,158.46970319747925,1310.0,2684928.0,,0.26540087459588896,,,,,,,,,,,,,,,,,,,,,,,,,,,,,,3.8466720581054688,0.0713309720158577,7.133097171783447,,,,,100.0,xent beta=100.0 adamw
,train,,,,,,,xent_beta-100_adamw_seed17,xent,adamw,100.0,0.7039763508938723,0.0742478221654892,0.0003557105414476782,160.2962703704834,1320.0,2705408.0,,0.25643332736543895,,,,,,,,,,,,,,,,,,,,,,,,,,,,,,4.303406715393066,0.0742478221654892,7.4247822761535645,,,,,100.0,xent beta=100.0 adamw
,train,,,,,,,xent_beta-100_adamw_seed17,xent,adamw,100.0,0.5463541558497785,0.06946410238742828,0.00034902603691623716,162.3743679523468,1330.0,2725888.0,,0.23163874895204523,,,,,,,,,,,,,,,,,,,,,,,,,,,,,,3.6806259155273438,0.06946410238742828,6.946410179138184,,,,,100.0,xent beta=100.0 adamw
,train,,,,,,,xent_beta-100_adamw_seed17,xent,adamw,100.0,1.0423014352202031,0.06983346492052078,0.00034239647665959056,164.03555488586426,1340.0,2746368.0,,0.24529138324495156,,,,,,,,,,,,,,,,,,,,,,,,,,,,,,3.641781806945801,0.06983346492052078,6.983346939086914,,,,,100.0,xent beta=100.0 adamw
,train,,,,,,,xent_beta-100_adamw_seed17,xent,adamw,100.0,0.5227247115276803,0.06411290168762207,0.0003358236731333169,165.49523901939392,1350.0,2766848.0,,0.24249006695353503,,,,,,,,,,,,,,,,,,,,,,,,,,,,,,3.28566837310791,0.06411290168762207,6.411290645599365,,,,,100.0,xent beta=100.0 adamw
,train,,,,,,,xent_beta-100_adamw_seed17,xent,adamw,100.0,0.6617529408329724,0.07302034646272659,0.0003293094232762715,167.0908546447754,1360.0,2787328.0,,0.28409857881267325,,,,,,,,,,,,,,,,,,,,,,,,,,,,,,3.926321268081665,0.07302034646272659,7.302034854888916,,,,,100.0,xent beta=100.0 adamw
,train,,,,,,,xent_beta-100_adamw_seed17,xent,adamw,100.0,0.8532213072720336,0.06762003898620605,0.00032285550801932044,168.39406371116638,1370.0,2807808.0,,0.2566652414589572,,,,,,,,,,,,,,,,,,,,,,,,,,,,,,3.525615930557251,0.06762003898620605,6.762004375457764,,,,,100.0,xent beta=100.0 adamw
,train,,,,,,,xent_beta-100_adamw_seed17,xent,adamw,100.0,0.6170687855782171,0.07317619025707245,0.00031646369179845333,170.52985763549805,1380.0,2828288.0,,0.24913087393536684,,,,,,,,,,,,,,,,,,,,,,,,,,,,,,4.017236709594727,0.07317619025707245,7.317619323730469,,,,,100.0,xent beta=100.0 adamw
,train,,,,,,,xent_beta-100_adamw_seed17,xent,adamw,100.0,0.6080076084213945,0.07038844376802444,0.0003101357220724029,171.74225616455078,1390.0,2848768.0,,0.22810149722807296,,,,,,,,,,,,,,,,,,,,,,,,,,,,,,3.7923576831817627,0.07038844376802444,7.038844585418701,,,,,100.0,xent beta=100.0 adamw
,train,,,,,,,xent_beta-100_adamw_seed17,xent,adamw,100.0,0.6579137378582124,0.0638912171125412,0.00030387332884490803,173.12292218208313,1400.0,2869248.0,,0.21641056068618786,,,,,,,,,,,,,,,,,,,,,,,,,,,,,,3.3329553604125977,0.0638912171125412,6.389122009277344,,,,,100.0,xent beta=100.0 adamw
,eval,,,,,,,xent_beta-100_adamw_seed17,xent,adamw,100.0,,,,173.125182390213,1400.0,,,,35.09169006347656,10756.5927734375,0.06889914721250534,0.02655029296875,10.686074256896973,10.707430839538574,3.198396921157837,0.9661805013516124,0.28595688939065944,6.597291469573975,11025.5029296875,2415019.25,735.9537353515625,6.149801254272461,10.817447662353516,9585.103515625,0.9999798536300659,0.1376953125,0.12994053959846497,0.12109375,163.21095275878906,3.1589956283569336,4.11316442489624,7671.1826171875,1.2421875,0.23288176953792572,0.14453125,10.710456848144531,,,,,6.8899149894714355,3.730919361114502,,,100.0,xent beta=100.0 adamw
,train,,,,,,,xent_beta-100_adamw_seed17,xent,adamw,100.0,0.8110803526138625,0.07103709876537323,0.0002976782241917473,176.34062099456787,1410.0,2889728.0,,0.2378374293080682,,,,,,,,,,,,,,,,,,,,,,,,,,,,,,3.9373619556427,0.07103709876537323,7.103710174560547,,,,,100.0,xent beta=100.0 adamw
,train,,,,,,,xent_beta-100_adamw_seed17,xent,adamw,100.0,0.5236895542933354,0.06805916875600815,0.00029155210179267546,176.67004489898682,1420.0,2910208.0,,0.19243057564798496,,,,,,,,,,,,,,,,,,,,,,,,,,,,,,3.6605794429779053,0.06805916875600815,6.805916786193848,,,,,100.0,xent beta=100.0 adamw
,train,,,,,,,xent_beta-100_adamw_seed17,xent,adamw,100.0,0.5416901099373818,0.06845936924219131,0.0002854966364683872,177.8406422138214,1430.0,2930688.0,,0.19660792681253905,,,,,,,,,,,,,,,,,,,,,,,,,,,,,,3.656433582305908,0.06845936924219131,6.8459367752075195,,,,,100.0,xent beta=100.0 adamw
,train,,,,,,,xent_beta-100_adamw_seed17,xent,adamw,100.0,0.5281791316967152,0.0676688626408577,0.0002795134837226387,179.18864941596985,1440.0,2951168.0,,0.19310089613127265,,,,,,,,,,,,,,,,,,,,,,,,,,,,,,3.5730509757995605,0.0676688626408577,6.7668867111206055,,,,,100.0,xent beta=100.0 adamw
,train,,,,,,,xent_beta-100_adamw_seed17,xent,adamw,100.0,0.5157371485715099,0.06889373809099197,0.0002736042792896495,180.5376012325287,1450.0,2971648.0,,0.20518508777194783,,,,,,,,,,,,,,,,,,,,,,,,,,,,,,3.61452054977417,0.06889373809099197,6.889373779296875,,,,,100.0,xent beta=100.0 adamw
,train,,,,,,,xent_beta-100_adamw_seed17,xent,adamw,100.0,0.7358420031402102,0.0716177374124527,0.00026777063868690834,181.81705689430237,1460.0,2992128.0,,0.20925510793034485,,,,,,,,,,,,,,,,,,,,,,,,,,,,,,4.297869682312012,0.0716177374124527,7.161773681640625,,,,,100.0,xent beta=100.0 adamw
,train,,,,,,,xent_beta-100_adamw_seed17,xent,adamw,100.0,0.7510787867811292,0.06620011478662491,0.00026201415677350756,183.68619751930237,1470.0,3012608.0,,0.19116247247772372,,,,,,,,,,,,,,,,,,,,,,,,,,,,,,3.441478967666626,0.06620011478662491,6.620011329650879,,,,,100.0,xent beta=100.0 adamw
,train,,,,,,,xent_beta-100_adamw_seed17,xent,adamw,100.0,0.5041247902540436,0.07132112979888916,0.0002563364073141241,185.16795206069946,1480.0,3033088.0,,0.18355898443352328,,,,,,,,,,,,,,,,,,,,,,,,,,,,,,3.8750948905944824,0.07132112979888916,7.132113456726074,,,,,100.0,xent beta=100.0 adamw
,train,,,,,,,xent_beta-100_adamw_seed17,xent,adamw,100.0,0.7008262929879464,0.06720709055662155,0.0002507389425487683,186.7960569858551,1490.0,3053568.0,,0.1939004338902224,,,,,,,,,,,,,,,,,,,,,,,,,,,,,,3.6570730209350586,0.06720709055662155,6.720709323883057,,,,,100.0,xent beta=100.0 adamw
,train,,,,,,,xent_beta-100_adamw_seed17,xent,adamw,100.0,0.4779037425959395,0.0689781978726387,0.00024522329276841664,188.55955958366394,1500.0,3074048.0,,0.17828590219291637,,,,,,,,,,,,,,,,,,,,,,,,,,,,,,3.5827927589416504,0.0689781978726387,6.897819995880127,,,,,100.0,xent beta=100.0 adamw
,eval,,,,,,,xent_beta-100_adamw_seed17,xent,adamw,100.0,,,,188.56174278259277,1500.0,,,,34.111961364746094,10757.294921875,0.06635898351669312,0.021663665771484375,10.690385818481445,10.711238861083984,,,,6.601404190063477,11026.251953125,2415137.5,888.1600341796875,6.342159748077393,10.818469047546387,9667.79296875,0.9999798536300659,0.2373046875,0.10757129639387131,0.12890625,163.21095275878906,3.1589956283569336,4.11316442489624,7671.1826171875,1.2421875,0.23288176953792572,0.14453125,10.714568138122559,,,,,6.635898590087891,3.476902961730957,,,100.0,xent beta=100.0 adamw
,train,,,,,,,xent_beta-100_adamw_seed17,xent,adamw,100.0,0.509008644635994,0.06692439317703247,0.0002397909658966454,190.36279439926147,1510.0,3094528.0,,0.17404278039071824,,,,,,,,,,,,,,,,,,,,,,,,,,,,,,3.6103227138519287,0.06692439317703247,6.692439556121826,,,,,100.0,xent beta=100.0 adamw
,train,,,,,,,xent_beta-100_adamw_seed17,xent,adamw,100.0,0.5939429135589934,0.06496279686689377,0.00023444344707738017,191.2483549118042,1520.0,3115008.0,,0.1675036892061886,,,,,,,,,,,,,,,,,,,,,,,,,,,,,,3.2892813682556152,0.06496279686689377,6.496279716491699,,,,,100.0,xent beta=100.0 adamw
,train,,,,,,,xent_beta-100_adamw_seed17,xent,adamw,100.0,0.6219734031390981,0.06714815646409988,0.00022918219826887135,192.6313931941986,1530.0,3135488.0,,0.1930491209762023,,,,,,,,,,,,,,,,,,,,,,,,,,,,,,3.5309982299804688,0.06714815646409988,6.714816093444824,,,,,100.0,xent beta=100.0 adamw
,train,,,,,,,xent_beta-100_adamw_seed17,xent,adamw,100.0,0.6451159852886884,0.06835946440696716,0.00022400865784400997,194.50805735588074,1540.0,3155968.0,,0.17041960925922947,,,,,,,,,,,,,,,,,,,,,,,,,,,,,,3.709043025970459,0.06835946440696716,6.835946559906006,,,,,100.0,xent beta=100.0 adamw
,train,,,,,,,xent_beta-100_adamw_seed17,xent,adamw,100.0,0.6281667546665974,0.06986181437969208,0.0002189242401970908,196.09657287597656,1550.0,3176448.0,,0.1781956227281068,,,,,,,,,,,,,,,,,,,,,,,,,,,,,,3.837458610534668,0.06986181437969208,6.986181259155273,,,,,100.0,xent beta=100.0 adamw
,train,,,,,,,xent_beta-100_adamw_seed17,xent,adamw,100.0,0.6345018707393838,0.06781166046857834,0.0002139303353571309,197.65722465515137,1560.0,3196928.0,,0.17478645619783167,,,,,,,,,,,,,,,,,,,,,,,,,,,,,,3.7362852096557617,0.06781166046857834,6.781166076660156,,,,,100.0,xent beta=100.0 adamw
,train,,,,,,,xent_beta-100_adamw_seed17,xent,adamw,100.0,0.46062019422395906,0.06603699177503586,0.0002090283086078495,199.0470006465912,1570.0,3217408.0,,0.15914647504209395,,,,,,,,,,,,,,,,,,,,,,,,,,,,,,3.441412925720215,0.06603699177503586,6.603699684143066,,,,,100.0,xent beta=100.0 adamw
,train,,,,,,,xent_beta-100_adamw_seed17,xent,adamw,100.0,0.41439611862684544,0.06687930226325989,0.00020421950011441354,200.36573243141174,1580.0,3237888.0,,0.1521863623778763,,,,,,,,,,,,,,,,,,,,,,,,,,,,,,3.5275161266326904,0.06687930226325989,6.687930583953857,,,,,100.0,xent beta=100.0 adamw
,train,,,,,,,xent_beta-100_adamw_seed17,xent,adamw,100.0,0.4483794697482676,0.06694614142179489,0.00019950522455704944,202.1699137687683,1590.0,3258368.0,,0.14301633367439612,,,,,,,,,,,,,,,,,,,,,,,,,,,,,,3.310997247695923,0.06694614142179489,6.694614410400391,,,,,100.0,xent beta=100.0 adamw
,train,,,,,,,xent_beta-100_adamw_seed17,xent,adamw,100.0,0.41770090902545143,0.06779231131076813,0.00019488677077162295,203.02337503433228,1600.0,3278848.0,,0.15271905677601588,,,,,,,,,,,,,,,,,,,,,,,,,,,,,,3.543637752532959,0.06779231131076813,6.779231071472168,,,,,100.0,xent beta=100.0 adamw
,eval,,,,,,,xent_beta-100_adamw_seed17,xent,adamw,100.0,,,,203.02568292617798,1600.0,,,,33.412540435791016,10757.9189453125,0.06493381410837173,0.019134521484375,10.690433502197266,10.712274551391602,3.198951244354248,0.966203208708176,0.2859336308198472,6.602472305297852,11026.9033203125,2415241.25,905.1961669921875,6.317925930023193,10.819147109985352,9588.048828125,0.9999798536300659,0.2568359375,0.11230713129043579,0.1318359375,163.21095275878906,3.1589956283569336,4.11316442489624,7671.1826171875,1.2421875,0.23288176953792572,0.14453125,10.71563720703125,,,,,6.493381500244141,3.334385871887207,,,100.0,xent beta=100.0 adamw
,train,,,,,,,xent_beta-100_adamw_seed17,xent,adamw,100.0,0.40993152801375027,0.06704851239919662,0.00019036540139728388,206.6375982761383,1610.0,3299328.0,,0.14850894469015227,,,,,,,,,,,,,,,,,,,,,,,,,,,,,,3.5603108406066895,0.06704851239919662,6.704851150512695,,,,,100.0,xent beta=100.0 adamw
,train,,,,,,,xent_beta-100_adamw_seed17,xent,adamw,100.0,0.5519859096992918,0.0652652308344841,0.00018594235253127373,207.24980354309082,1620.0,3319808.0,,0.14150163636160915,,,,,,,,,,,,,,,,,,,,,,,,,,,,,,3.3678574562072754,0.0652652308344841,6.526523113250732,,,,,100.0,xent beta=100.0 adamw
,train,,,,,,,xent_beta-100_adamw_seed17,xent,adamw,100.0,0.4668559702341584,0.06591791659593582,0.00018161883339098844,208.78818655014038,1630.0,3340288.0,,0.138153910092605,,,,,,,,,,,,,,,,,,,,,,,,,,,,,,3.344630479812622,0.06591791659593582,6.591792106628418,,,,,100.0,xent beta=100.0 adamw
,train,,,,,,,xent_beta-100_adamw_seed17,xent,adamw,100.0,0.5611779056522835,0.06973447650671005,0.000177396025983391,210.93539667129517,1640.0,3360768.0,,0.12879414798061672,,,,,,,,,,,,,,,,,,,,,,,,,,,,,,3.584503412246704,0.06973447650671005,6.973447799682617,,,,,100.0,xent beta=100.0 adamw
,train,,,,,,,xent_beta-100_adamw_seed17,xent,adamw,100.0,0.4221848755630346,0.059979818761348724,0.00017327508478186216,212.89157819747925,1650.0,3381248.0,,0.13155692955582216,,,,,,,,,,,,,,,,,,,,,,,,,,,,,,2.899648666381836,0.059979818761348724,5.997982025146484,,,,,100.0,xent beta=100.0 adamw
,train,,,,,,,xent_beta-100_adamw_seed17,xent,adamw,100.0,0.39149937227407705,0.06908108294010162,0.000169257136410579,214.32124662399292,1660.0,3401728.0,,0.1282192321049531,,,,,,,,,,,,,,,,,,,,,,,,,,,,,,3.390958786010742,0.06908108294010162,6.908108711242676,,,,,100.0,xent beta=100.0 adamw
,train,,,,,,,xent_beta-100_adamw_seed17,xent,adamw,100.0,0.5859585800480724,0.06803759187459946,0.00016534327933650738,215.91282606124878,1670.0,3422208.0,,0.14337030308211182,,,,,,,,,,,,,,,,,,,,,,,,,,,,,,3.6823887825012207,0.06803759187459946,6.803759574890137,,,,,100.0,xent beta=100.0 adamw
,train,,,,,,,xent_beta-100_adamw_seed17,xent,adamw,100.0,0.5264196139683786,0.057592496275901794,0.00016153458356909175,217.49936294555664,1680.0,3442688.0,,0.1239277018615045,,,,,,,,,,,,,,,,,,,,,,,,,,,,,,2.687624454498291,0.057592496275901794,5.759249687194824,,,,,100.0,xent beta=100.0 adamw
,train,,,,,,,xent_beta-100_adamw_seed17,xent,adamw,100.0,0.5258105599818096,0.06613235175609589,0.0001578320903677252,219.01767301559448,1690.0,3463168.0,,0.1181677478110933,,,,,,,,,,,,,,,,,,,,,,,,,,,,,,3.3686137199401855,0.06613235175609589,6.6132354736328125,,,,,100.0,xent beta=100.0 adamw
,train,,,,,,,xent_beta-100_adamw_seed17,xent,adamw,100.0,0.4212346836399731,0.06973817199468613,0.00015423681195707997,220.521311044693,1700.0,3483648.0,,0.1291972416253223,,,,,,,,,,,,,,,,,,,,,,,,,,,,,,3.6935224533081055,0.06973817199468613,6.973817348480225,,,,,100.0,xent beta=100.0 adamw
,eval,,,,,,,xent_beta-100_adamw_seed17,xent,adamw,100.0,,,,220.52337956428528,1700.0,,,,33.555213928222656,10758.21875,0.06614180654287338,0.021327972412109375,10.693861961364746,10.714591026306152,,,,6.605312347412109,11027.2216796875,2415303.5,976.7442016601562,6.430865287780762,10.819540977478027,9599.794921875,0.9999798536300659,0.193359375,0.11611257493495941,0.12890625,163.21095275878906,3.1589956283569336,4.11316442489624,7671.1826171875,1.2421875,0.23288176953792572,0.14453125,10.718477249145508,,,,,6.614180564880371,3.4551846981048584,,,100.0,xent beta=100.0 adamw
,train,,,,,,,xent_beta-100_adamw_seed17,xent,adamw,100.0,0.5441657645444842,0.06725585460662842,0.0001507497312503747,221.52504348754883,1710.0,3504128.0,,0.11752350802693863,,,,,,,,,,,,,,,,,,,,,,,,,,,,,,3.5606296062469482,0.06725585460662842,6.725585460662842,,,,,100.0,xent beta=100.0 adamw
,train,,,,,,,xent_beta-100_adamw_seed17,xent,adamw,100.0,0.47893911049153104,0.0689380094408989,0.00014737180158065643,222.98950600624084,1720.0,3524608.0,,0.11816743918727234,,,,,,,,,,,,,,,,,,,,,,,,,,,,,,3.777782440185547,0.0689380094408989,6.893801212310791,,,,,100.0,xent beta=100.0 adamw
,train,,,,,,,xent_beta-100_adamw_seed17,xent,adamw,100.0,0.3742926752850868,0.06531384587287903,0.0001441039464401685,223.96115612983704,1730.0,3545088.0,,0.11376800651845957,,,,,,,,,,,,,,,,,,,,,,,,,,,,,,3.225956678390503,0.06531384587287903,6.531384468078613,,,,,100.0,xent beta=100.0 adamw
,train,,,,,,,xent_beta-100_adamw_seed17,xent,adamw,100.0,0.4013628957049888,0.06455214321613312,0.00014094705922787688,224.9960401058197,1740.0,3565568.0,,0.11272245535399857,,,,,,,,,,,,,,,,,,,,,,,,,,,,,,3.3245291709899902,0.06455214321613312,6.455214500427246,,,,,100.0,xent beta=100.0 adamw
,train,,,,,,,xent_beta-100_adamw_seed17,xent,adamw,100.0,0.39154607268644975,0.06363853067159653,0.00013790200300522413,226.56449174880981,1750.0,3586048.0,,0.1051741474151459,,,,,,,,,,,,,,,,,,,,,,,,,,,,,,3.2162024974823,0.06363853067159653,6.363853454589844,,,,,100.0,xent beta=100.0 adamw
,train,,,,,,,xent_beta-100_adamw_seed17,xent,adamw,100.0,0.463770223638337,0.062427520751953125,0.00013496961026017687,227.74450182914734,1760.0,3606528.0,,0.09987486285574373,,,,,,,,,,,,,,,,,,,,,,,,,,,,,,3.21329402923584,0.062427520751953125,6.2427520751953125,,,,,100.0,xent beta=100.0 adamw
,train,,,,,,,xent_beta-100_adamw_seed17,xent,adamw,100.0,0.5307222561290909,0.0727982446551323,0.00013215068267963186,229.68976616859436,1770.0,3627008.0,,0.12556546988556433,,,,,,,,,,,,,,,,,,,,,,,,,,,,,,3.9842100143432617,0.0727982446551323,7.279824256896973,,,,,100.0,xent beta=100.0 adamw
,train,,,,,,,xent_beta-100_adamw_seed17,xent,adamw,100.0,0.456952863188274,0.06384097784757614,0.00012944599093024268,231.08965587615967,1780.0,3647488.0,,0.10083236205186055,,,,,,,,,,,,,,,,,,,,,,,,,,,,,,3.0971975326538086,0.06384097784757614,6.384097576141357,,,,,100.0,xent beta=100.0 adamw
,train,,,,,,,xent_beta-100_adamw_seed17,xent,adamw,100.0,0.6119399218888839,0.06898562610149384,0.0001268562744477275,232.6975495815277,1790.0,3667968.0,,0.10016506130011558,,,,,,,,,,,,,,,,,,,,,,,,,,,,,,3.4266390800476074,0.06898562610149384,6.898562908172607,,,,,100.0,xent beta=100.0 adamw
,train,,,,,,,xent_beta-100_adamw_seed17,xent,adamw,100.0,0.5171886868694131,0.07012930512428284,0.00012438224123471442,234.42525601387024,1800.0,3688448.0,,0.10409708091911501,,,,,,,,,,,,,,,,,,,,,,,,,,,,,,3.959488868713379,0.07012930512428284,7.012930870056152,,,,,100.0,xent beta=100.0 adamw
,eval,,,,,,,xent_beta-100_adamw_seed17,xent,adamw,100.0,,,,234.4274218082428,1800.0,,,,33.771392822265625,10758.7763671875,0.0649893581867218,0.021297454833984375,10.692069053649902,10.7119779586792,3.199408769607544,0.9662170369874123,0.28589664613555965,6.602567195892334,11027.798828125,2415408.25,880.8646240234375,6.24694299697876,10.819989204406738,9618.623046875,0.9999799728393555,0.2216796875,0.11387762427330017,0.1357421875,163.21095275878906,3.1589956283569336,4.11316442489624,7671.1826171875,1.2421875,0.23288176953792572,0.14453125,10.715731620788574,,,,,6.498935699462891,3.339939594268799,,,100.0,xent beta=100.0 adamw
,train,,,,,,,xent_beta-100_adamw_seed17,xent,adamw,100.0,1.4803685050456732,0.06675808131694794,0.00012202456766718093,238.1107530593872,1810.0,3708928.0,,0.10411962399700872,,,,,,,,,,,,,,,,,,,,,,,,,,,,,,3.521770477294922,0.06675808131694794,6.675807952880859,,,,,100.0,xent beta=100.0 adamw
,train,,,,,,,xent_beta-100_adamw_seed17,xent,adamw,100.0,0.5463117539414629,0.06337835639715195,0.00011978389830953906,238.48753833770752,1820.0,3729408.0,,0.09894511731907518,,,,,,,,,,,,,,,,,,,,,,,,,,,,,,3.1951212882995605,0.06337835639715195,6.337835788726807,,,,,100.0,xent beta=100.0 adamw
,train,,,,,,,xent_beta-100_adamw_seed17,xent,adamw,100.0,0.5433299037917778,0.06664521247148514,0.00011766084573841834,239.93687748908997,1830.0,3749888.0,,0.09799625470003022,,,,,,,,,,,,,,,,,,,,,,,,,,,,,,3.6512064933776855,0.06664521247148514,6.664521217346191,,,,,100.0,xent beta=100.0 adamw
,train,,,,,,,xent_beta-100_adamw_seed17,xent,adamw,100.0,0.4340291429416651,0.06612516194581985,0.00011565599037519315,241.2608244419098,1840.0,3770368.0,,0.09874248612620604,,,,,,,,,,,,,,,,,,,,,,,,,,,,,,3.496356964111328,0.06612516194581985,6.612516403198242,,,,,100.0,xent beta=100.0 adamw
,train,,,,,,,xent_beta-100_adamw_seed17,xent,adamw,100.0,0.40222421661659885,0.0642932653427124,0.00011376988032730135,243.21787977218628,1850.0,3790848.0,,0.09293888875200802,,,,,,,,,,,,,,,,,,,,,,,,,,,,,,3.3879997730255127,0.0642932653427124,6.429327011108398,,,,,100.0,xent beta=100.0 adamw
,train,,,,,,,xent_beta-100_adamw_seed17,xent,adamw,100.0,0.43973748920838407,0.06582261621952057,0.00011200303123839741,244.86192631721497,1860.0,3811328.0,,0.08696360287298815,,,,,,,,,,,,,,,,,,,,,,,,,,,,,,3.1332154273986816,0.06582261621952057,6.582261562347412,,,,,100.0,xent beta=100.0 adamw
,train,,,,,,,xent_beta-100_adamw_seed17,xent,adamw,100.0,0.5094769753242083,0.06513960659503937,0.00011035592614738034,245.97515392303467,1870.0,3831808.0,,0.08646178645152784,,,,,,,,,,,,,,,,,,,,,,,,,,,,,,3.3761448860168457,0.06513960659503937,6.513960838317871,,,,,100.0,xent beta=100.0 adamw
,train,,,,,,,xent_beta-100_adamw_seed17,xent,adamw,100.0,0.3668787220894964,0.06324200332164764,0.0001088290153563358,247.2345588207245,1880.0,3852288.0,,0.08660631018041937,,,,,,,,,,,,,,,,,,,,,,,,,,,,,,3.1671671867370605,0.06324200332164764,6.32420015335083,,,,,100.0,xent beta=100.0 adamw
,train,,,,,,,xent_beta-100_adamw_seed17,xent,adamw,100.0,0.38868518477167946,0.06360768526792526,0.00010742271630742795,248.53312826156616,1890.0,3872768.0,,0.08236097778415795,,,,,,,,,,,,,,,,,,,,,,,,,,,,,,3.2128968238830566,0.06360768526792526,6.3607683181762695,,,,,100.0,xent beta=100.0 adamw
,train,,,,,,,xent_beta-100_adamw_seed17,xent,adamw,100.0,0.5027806482418836,0.06695283949375153,0.00010613741346877497,249.93046689033508,1900.0,3893248.0,,0.08608617043839883,,,,,,,,,,,,,,,,,,,,,,,,,,,,,,3.557363510131836,0.06695283949375153,6.695283889770508,,,,,100.0,xent beta=100.0 adamw
,eval,,,,,,,xent_beta-100_adamw_seed17,xent,adamw,100.0,,,,249.93252873420715,1900.0,,,,33.61688232421875,10759.0966796875,0.06390620768070221,0.020355224609375,10.691793441772461,10.71223258972168,,,,6.602975845336914,11028.134765625,2415482.5,886.9608154296875,6.260987281799316,10.820323944091797,9579.962890625,0.9999799728393555,0.2197265625,0.12407856434583664,0.134765625,163.21095275878906,3.1589956283569336,4.11316442489624,7671.1826171875,1.2421875,0.23288176953792572,0.14453125,10.716140747070312,,,,,6.390621185302734,3.231625556945801,,,100.0,xent beta=100.0 adamw
,train,,,,,,,xent_beta-100_adamw_seed17,xent,adamw,100.0,0.48192823283549335,0.06300242990255356,0.00010497345822933918,251.42938685417175,1910.0,3913728.0,,0.11254186154475114,,,,,,,,,,,,,,,,,,,,,,,,,,,,,,3.189091920852661,0.06300242990255356,6.300243377685547,,,,,100.0,xent beta=100.0 adamw
,train,,,,,,,xent_beta-100_adamw_seed17,xent,adamw,100.0,0.6226306218719855,0.06595214456319809,0.00010393116880286118,253.05468082427979,1920.0,3934208.0,,0.09344376235107921,,,,,,,,,,,,,,,,,,,,,,,,,,,,,,3.5896663665771484,0.06595214456319809,6.59521484375,,,,,100.0,xent beta=100.0 adamw
,train,,,,,,,xent_beta-100_adamw_seed17,xent,adamw,100.0,0.3518876143308493,0.06476633250713348,0.00010301083014086285,254.23901414871216,1930.0,3954688.0,,0.08111956905824376,,,,,,,,,,,,,,,,,,,,,,,,,,,,,,3.2790629863739014,0.06476633250713348,6.476633071899414,,,,,100.0,xent beta=100.0 adamw
,train,,,,,,,xent_beta-100_adamw_seed17,xent,adamw,100.0,0.42683976754777025,0.06516080349683762,0.00010221269385474486,256.2465515136719,1940.0,3975168.0,,0.08357923867631188,,,,,,,,,,,,,,,,,,,,,,,,,,,,,,3.390726089477539,0.06516080349683762,6.516080856323242,,,,,100.0,xent beta=100.0 adamw
,train,,,,,,,xent_beta-100_adamw_seed17,xent,adamw,100.0,0.3778264085129325,0.06628109514713287,0.00010153697814699858,257.12632179260254,1950.0,3995648.0,,0.0855774477261367,,,,,,,,,,,,,,,,,,,,,,,,,,,,,,3.2262539863586426,0.06628109514713287,6.628109455108643,,,,,100.0,xent beta=100.0 adamw
,train,,,,,,,xent_beta-100_adamw_seed17,xent,adamw,100.0,0.35880361562734103,0.06688030809164047,0.00010098386775155147,258.44870114326477,1960.0,4016128.0,,0.08429828088227988,,,,,,,,,,,,,,,,,,,,,,,,,,,,,,3.424947738647461,0.06688030809164047,6.688031196594238,,,,,100.0,xent beta=100.0 adamw
,train,,,,,,,xent_beta-100_adamw_seed17,xent,adamw,100.0,0.6224564809298154,0.06637942790985107,0.00010055351388326289,259.8323965072632,1970.0,4036608.0,,0.09299333580384322,,,,,,,,,,,,,,,,,,,,,,,,,,,,,,3.3867530822753906,0.06637942790985107,6.637942790985107,,,,,100.0,xent beta=100.0 adamw
,train,,,,,,,xent_beta-100_adamw_seed17,xent,adamw,100.0,0.4054554227624517,0.06615069508552551,0.0001002460341965833,260.71328806877136,1980.0,4057088.0,,0.07993664843214562,,,,,,,,,,,,,,,,,,,,,,,,,,,,,,3.5047526359558105,0.06615069508552551,6.615069389343262,,,,,100.0,xent beta=100.0 adamw
,train,,,,,,,xent_beta-100_adamw_seed17,xent,adamw,100.0,0.35353050203057973,0.06335970014333725,0.00010006151275338896,262.2436091899872,1990.0,4077568.0,,0.07898817536743957,,,,,,,,,,,,,,,,,,,,,,,,,,,,,,3.097623825073242,0.06335970014333725,6.335970401763916,,,,,100.0,xent beta=100.0 adamw
,eval,,,,,,,xent_beta-100_adamw_seed17,xent,adamw,100.0,,,,263.01821517944336,1999.0,,,,36.37691116333008,10759.48828125,0.06487827003002167,0.028964996337890625,10.694940567016602,10.710498809814453,3.200021505355835,0.9662399867906437,0.2859036624428751,6.60153865814209,11028.5390625,2415576.5,861.9522705078125,6.124731063842773,10.820547103881836,9328.9970703125,0.9999799728393555,0.150390625,0.17768323421478271,0.1328125,163.21095275878906,3.1589956283569336,4.11316442489624,7671.1826171875,1.2421875,0.23288176953792572,0.14453125,10.714702606201172,,,,,6.487827301025391,3.328831434249878,,,100.0,xent beta=100.0 adamw
,weights_saved,,,,,,,xent_beta-100_adamw_seed17,xent,adamw,100,,,,,2000.0,,,,,,,,,,,,,,,,,,,,,,,,,,,,,,,,/n/netscratch/pehlevan_lab/Lab/sab/xent_beta-100_adamw_seed17_student_final.pt,,,,,,,,100,xent beta=100 adamw
,done,,,,,,,xent_beta-100_adamw_seed17,xent,adamw,100,,,,269.80237078666687,2000.0,,,,,,,,,,,,,,,,,,,,,,,,,,,,,,,,,,,,,,,,100,xent beta=100 adamw
cuda,start,76751360.0,xent_beta-1_adamw_seed17,/n/netscratch/pehlevan_lab/Lab/sab/teacher_logit_cache/eleutherai-pythia-70m-deduped_allenai-c4_seed17_bs16_seq128_bf16_f440db3ba4861202,,readwrite,2.0,xent_beta-1_adamw_seed17,xent,adamw,1,,,,,,,,,,,,,,,,,,,,,,,,,,,,,,,,,,,,,,,,,,,,,1,xent beta=1 adamw
,train,,,,,,,xent_beta-1_adamw_seed17,xent,adamw,1.0,4.713314657239951,10.885019302368164,1e-05,1.2555875778198242,0.0,2048.0,,0.048666765390171805,,,,,,,,,,,,,,,,,,,,,,,,,,,,,,6.711053371429443,10.885019302368164,10.885019302368164,,,,,1.0,xent beta=1.0 adamw
,eval,,,,,,,xent_beta-1_adamw_seed17,xent,adamw,1.0,,,,1.9041383266448975,0.0,,,,0.29423606395721436,10769.82421875,10.805243492126465,1.1247004270553589,10.643522262573242,10.800203323364258,4.600013732910156,0.9998097419728771,0.32645781793906337,6.692079544067383,11037.419921875,2417637.5,47802.8828125,10.77484130859375,10.77484130859375,0.9999779462814331,0.9999779462814331,0.0,7.382090552709997e-05,0.0,215.62985229492188,4.11316442489624,4.11316442489624,0.8355464935302734,1.2421875,0.19242222607135773,0.14453125,10.805243492126465,,,,,10.805243492126465,6.692079544067383,,,1.0,xent beta=1.0 adamw
,train,,,,,,,xent_beta-1_adamw_seed17,xent,adamw,1.0,1.8362107800410616,10.339818954467773,0.00011,7.996129512786865,10.0,22528.0,,0.2830543436001675,,,,,,,,,,,,,,,,,,,,,,,,,,,,,,5.941375732421875,10.339818954467773,10.339818954467773,,,,,1.0,xent beta=1.0 adamw
,train,,,,,,,xent_beta-1_adamw_seed17,xent,adamw,1.0,1.5994537950928256,9.793156623840332,0.00021,15.216127634048462,20.0,43008.0,,0.5109451231858824,,,,,,,,,,,,,,,,,,,,,,,,,,,,,,5.467604637145996,9.793156623840332,9.793156623840332,,,,,1.0,xent beta=1.0 adamw
,train,,,,,,,xent_beta-1_adamw_seed17,xent,adamw,1.0,1.456576025103799,9.124833106994629,0.00031,19.485254764556885,30.0,63488.0,,0.7272993435986846,,,,,,,,,,,,,,,,,,,,,,,,,,,,,,5.021607398986816,9.124833106994629,9.124833106994629,,,,,1.0,xent beta=1.0 adamw
,train,,,,,,,xent_beta-1_adamw_seed17,xent,adamw,1.0,1.1840522000593645,8.490108489990234,0.00041,24.122864723205566,40.0,83968.0,,0.8915038380976651,,,,,,,,,,,,,,,,,,,,,,,,,,,,,,4.230892658233643,8.490108489990234,8.490108489990234,,,,,1.0,xent beta=1.0 adamw
,train,,,,,,,xent_beta-1_adamw_seed17,xent,adamw,1.0,1.9367817661453546,8.183391571044922,0.00051,30.189476013183594,50.0,104448.0,,1.000010989591356,,,,,,,,,,,,,,,,,,,,,,,,,,,,,,4.753437042236328,8.183391571044922,8.183391571044922,,,,,1.0,xent beta=1.0 adamw
,train,,,,,,,xent_beta-1_adamw_seed17,xent,adamw,1.0,1.126854396732687,6.877969264984131,0.00061,36.73969388008118,60.0,124928.0,,1.1508917932103455,,,,,,,,,,,,,,,,,,,,,,,,,,,,,,3.534799098968506,6.877969264984131,6.877969264984131,,,,,1.0,xent beta=1.0 adamw
,train,,,,,,,xent_beta-1_adamw_seed17,xent,adamw,1.0,1.2243836395054397,8.047089576721191,0.00071,41.64626455307007,70.0,145408.0,,1.0361112094791791,,,,,,,,,,,,,,,,,,,,,,,,,,,,,,3.8629090785980225,8.047089576721191,8.047089576721191,,,,,1.0,xent beta=1.0 adamw
,train,,,,,,,xent_beta-1_adamw_seed17,xent,adamw,1.0,0.6441715127571862,7.964439392089844,0.0008100000000000001,47.143412590026855,80.0,165888.0,,1.0556378219723006,,,,,,,,,,,,,,,,,,,,,,,,,,,,,,3.5879976749420166,7.964439392089844,7.964439392089844,,,,,1.0,xent beta=1.0 adamw
,train,,,,,,,xent_beta-1_adamw_seed17,xent,adamw,1.0,0.5664487725498982,7.8544416427612305,0.00091,51.335599422454834,90.0,186368.0,,1.0169937740383996,,,,,,,,,,,,,,,,,,,,,,,,,,,,,,3.693301200866699,7.8544416427612305,7.8544416427612305,,,,,1.0,xent beta=1.0 adamw
,train,,,,,,,xent_beta-1_adamw_seed17,xent,adamw,1.0,0.6233413652316708,7.553669452667236,0.001,57.81625199317932,100.0,206848.0,,1.017325843015496,,,,,,,,,,,,,,,,,,,,,,,,,,,,,,3.4049289226531982,7.553669452667236,7.553669452667236,,,,,1.0,xent beta=1.0 adamw
,eval,,,,,,,xent_beta-1_adamw_seed17,xent,adamw,1.0,,,,57.81867480278015,100.0,,,,0.28894487023353577,10737.234375,7.579431056976318,1.8607218265533447,4.9842529296875,7.168147087097168,,,,3.466266632080078,10942.12890625,2427861.75,3241.61669921875,7.634522438049316,7.634522438049316,0.9864653944969177,0.9864653944969177,0.130859375,0.06144377961754799,0.0849609375,215.62985229492188,4.11316442489624,4.11316442489624,0.8355464935302734,1.2421875,0.19242222607135773,0.14453125,7.579431056976318,,,,,7.579431056976318,3.466266632080078,,,1.0,xent beta=1.0 adamw
,train,,,,,,,xent_beta-1_adamw_seed17,xent,adamw,1.0,0.7553351117136525,7.465217590332031,0.0009999907511312647,64.05999946594238,110.0,227328.0,,0.9703037771498508,,,,,,,,,,,,,,,,,,,,,,,,,,,,,,3.2647531032562256,7.465217590332031,7.465217590332031,,,,,1.0,xent beta=1.0 adamw
,train,,,,,,,xent_beta-1_adamw_seed17,xent,adamw,1.0,0.7687606187029372,7.5483551025390625,0.0009999630049052437,69.53080296516418,120.0,247808.0,,1.05019615362595,,,,,,,,,,,,,,,,,,,,,,,,,,,,,,3.2655227184295654,7.5483551025390625,7.5483551025390625,,,,,1.0,xent beta=1.0 adamw
,train,,,,,,,xent_beta-1_adamw_seed17,xent,adamw,1.0,0.7498716382935288,7.706806659698486,0.0009999167624624755,76.73446798324585,130.0,268288.0,,0.9885413175990633,,,,,,,,,,,,,,,,,,,,,,,,,,,,,,3.3908445835113525,7.706806659698486,7.706806659698486,,,,,1.0,xent beta=1.0 adamw
,train,,,,,,,xent_beta-1_adamw_seed17,xent,adamw,1.0,0.7739577129238185,7.295976638793945,0.000999852025703806,80.8548903465271,140.0,288768.0,,1.0304074624009674,,,,,,,,,,,,,,,,,,,,,,,,,,,,,,3.27237606048584,7.295976638793945,7.295976638793945,,,,,1.0,xent beta=1.0 adamw
,train,,,,,,,xent_beta-1_adamw_seed17,xent,adamw,1.0,0.6693709294347849,7.412617206573486,0.0009997687972903096,86.38326334953308,150.0,309248.0,,0.9446176626964484,,,,,,,,,,,,,,,,,,,,,,,,,,,,,,3.2172863483428955,7.412617206573486,7.412617206573486,,,,,1.0,xent beta=1.0 adamw
,train,,,,,,,xent_beta-1_adamw_seed17,xent,adamw,1.0,0.6720635061433058,7.7147626876831055,0.0009996670806431804,93.69069147109985,160.0,329728.0,,1.0572308869976503,,,,,,,,,,,,,,,,,,,,,,,,,,,,,,3.5183470249176025,7.7147626876831055,7.7147626876831055,,,,,1.0,xent beta=1.0 adamw
,train,,,,,,,xent_beta-1_adamw_seed17,xent,adamw,1.0,0.7436039536485959,7.27647066116333,0.0009995468799435915,99.56594657897949,170.0,350208.0,,1.1157630087563788,,,,,,,,,,,,,,,,,,,,,,,,,,,,,,3.0533018112182617,7.27647066116333,7.27647066116333,,,,,1.0,xent beta=1.0 adamw
,train,,,,,,,xent_beta-1_adamw_seed17,xent,adamw,1.0,0.5274792175786206,7.046375274658203,0.000999408200132523,104.54942107200623,180.0,370688.0,,1.1093660273667407,,,,,,,,,,,,,,,,,,,,,,,,,,,,,,2.956076145172119,7.046375274658203,7.046375274658203,,,,,1.0,xent beta=1.0 adamw
,train,,,,,,,xent_beta-1_adamw_seed17,xent,adamw,1.0,0.8886326604585997,7.692078590393066,0.0009992510469105584,109.6121506690979,190.0,391168.0,,1.1632040761511286,,,,,,,,,,,,,,,,,,,,,,,,,,,,,,3.3826661109924316,7.692078590393066,7.692078590393066,,,,,1.0,xent beta=1.0 adamw
,train,,,,,,,xent_beta-1_adamw_seed17,xent,adamw,1.0,0.6183483376596619,7.084086894989014,0.0009990754267376514,114.65192532539368,200.0,411648.0,,1.141463481644398,,,,,,,,,,,,,,,,,,,,,,,,,,,,,,3.089777708053589,7.084086894989014,7.084086894989014,,,,,1.0,xent beta=1.0 adamw
,eval,,,,,,,xent_beta-1_adamw_seed17,xent,adamw,1.0,,,,114.65435695648193,200.0,,,,0.28503406047821045,10718.265625,7.265735626220703,1.9866576194763184,5.122295379638672,6.853134632110596,4.733997821807861,0.9919908046712491,0.3368157647138902,3.152571201324463,10907.9521484375,2429893.5,2628.23291015625,7.469552993774414,7.469552993774414,0.9852930307388306,0.9852930307388306,0.1455078125,0.06500493735074997,0.103515625,215.62985229492188,4.11316442489624,4.11316442489624,0.8355464935302734,1.2421875,0.19242222607135773,0.14453125,7.265735626220703,,,,,7.265735626220703,3.152571201324463,,,1.0,xent beta=1.0 adamw
,train,,,,,,,xent_beta-1_adamw_seed17,xent,adamw,1.0,0.5623288437198811,7.3009233474731445,0.0009988813468328594,121.38986110687256,210.0,432128.0,,1.064830905882789,,,,,,,,,,,,,,,,,,,,,,,,,,,,,,3.1384711265563965,7.3009233474731445,7.3009233474731445,,,,,1.0,xent beta=1.0 adamw
,train,,,,,,,xent_beta-1_adamw_seed17,xent,adamw,1.0,0.5802551849649451,7.183614253997803,0.0009986688151740468,127.29452967643738,220.0,452608.0,,1.0624299966198916,,,,,,,,,,,,,,,,,,,,,,,,,,,,,,3.0224266052246094,7.183614253997803,7.183614253997803,,,,,1.0,xent beta=1.0 adamw
,train,,,,,,,xent_beta-1_adamw_seed17,xent,adamw,1.0,0.9789882367423883,8.025724411010742,0.0009984378404975583,131.7556824684143,230.0,473088.0,,1.1632305487944024,,,,,,,,,,,,,,,,,,,,,,,,,,,,,,3.5767147541046143,8.025724411010742,8.025724411010742,,,,,1.0,xent beta=1.0 adamw
,train,,,,,,,xent_beta-1_adamw_seed17,xent,adamw,1.0,0.5365750548602485,7.027439594268799,0.0009981884322978576,137.59198355674744,240.0,493568.0,,1.096582210968884,,,,,,,,,,,,,,,,,,,,,,,,,,,,,,2.8683323860168457,7.027439594268799,7.027439594268799,,,,,1.0,xent beta=1.0 adamw
,train,,,,,,,xent_beta-1_adamw_seed17,xent,adamw,1.0,0.5644939913195404,6.975192546844482,0.0009979206008271391,143.61027884483337,250.0,514048.0,,1.0893910785368703,,,,,,,,,,,,,,,,,,,,,,,,,,,,,,2.876340389251709,6.975192546844482,6.975192546844482,,,,,1.0,xent beta=1.0 adamw
,train,,,,,,,xent_beta-1_adamw_seed17,xent,adamw,1.0,0.5449554840565144,7.008409023284912,0.0009976343570949058,147.15213108062744,260.0,534528.0,,1.0496353865492418,,,,,,,,,,,,,,,,,,,,,,,,,,,,,,2.975668430328369,7.008409023284912,7.008409023284912,,,,,1.0,xent beta=1.0 adamw
,train,,,,,,,xent_beta-1_adamw_seed17,xent,adamw,1.0,0.4877069202559039,7.4096784591674805,0.0009973297128675162,151.19674587249756,270.0,555008.0,,1.0768507960925486,,,,,,,,,,,,,,,,,,,,,,,,,,,,,,3.114337682723999,7.4096784591674805,7.4096784591674805,,,,,1.0,xent beta=1.0 adamw
,train,,,,,,,xent_beta-1_adamw_seed17,xent,adamw,1.0,0.5148099005299143,6.995485305786133,0.0009970066806677012,158.7527039051056,280.0,575488.0,,1.107391673850269,,,,,,,,,,,,,,,,,,,,,,,,,,,,,,2.8393707275390625,6.995485305786133,6.995485305786133,,,,,1.0,xent beta=1.0 adamw
,train,,,,,,,xent_beta-1_adamw_seed17,xent,adamw,1.0,0.631615018571074,6.712838172912598,0.0009966652737740493,164.4608690738678,290.0,595968.0,,1.0685880714892309,,,,,,,,,,,,,,,,,,,,,,,,,,,,,,2.610264539718628,6.712838172912598,6.712838172912598,,,,,1.0,xent beta=1.0 adamw
,train,,,,,,,xent_beta-1_adamw_seed17,xent,adamw,1.0,0.5679397570223192,6.899447441101074,0.0009963055062204608,170.86587810516357,300.0,616448.0,,1.0523943782062888,,,,,,,,,,,,,,,,,,,,,,,,,,,,,,2.7677719593048096,6.899447441101074,6.899447441101074,,,,,1.0,xent beta=1.0 adamw
,eval,,,,,,,xent_beta-1_adamw_seed17,xent,adamw,1.0,,,,170.86839604377747,300.0,,,,0.28492113947868347,10695.787109375,7.206998825073242,2.0401344299316406,4.974570274353027,6.797359943389893,,,,3.093834638595581,10880.85546875,2430900.75,2679.68115234375,7.39375114440918,7.39375114440918,0.9801445007324219,0.9801445007324219,0.1513671875,0.08154242485761642,0.109375,215.62985229492188,4.11316442489624,4.11316442489624,0.8355464935302734,1.2421875,0.19242222607135773,0.14453125,7.206998825073242,,,,,7.206998825073242,3.093834638595581,,,1.0,xent beta=1.0 adamw
,train,,,,,,,xent_beta-1_adamw_seed17,xent,adamw,1.0,5.818332027733621,8.939079284667969,0.0009959273927955706,178.3812017440796,310.0,636928.0,,1.1007372933833777,,,,,,,,,,,,,,,,,,,,,,,,,,,,,,4.624584674835205,8.939079284667969,8.939079284667969,,,,,1.0,xent beta=1.0 adamw
,train,,,,,,,xent_beta-1_adamw_seed17,xent,adamw,1.0,0.886083731037952,7.905061721801758,0.000995530949042141,182.39171695709229,320.0,657408.0,,1.2655381302123228,,,,,,,,,,,,,,,,,,,,,,,,,,,,,,4.014171123504639,7.905061721801758,7.905061721801758,,,,,1.0,xent beta=1.0 adamw
,train,,,,,,,xent_beta-1_adamw_seed17,xent,adamw,1.0,0.7041614193624631,7.04337739944458,0.0009951161912564212,186.67571640014648,330.0,677888.0,,1.1947217603187152,,,,,,,,,,,,,,,,,,,,,,,,,,,,,,2.907062530517578,7.04337739944458,7.04337739944458,,,,,1.0,xent beta=1.0 adamw
,train,,,,,,,xent_beta-1_adamw_seed17,xent,adamw,1.0,0.47027078126920024,7.142980575561523,0.00099468313648748,192.96843695640564,340.0,698368.0,,1.0790634832185542,,,,,,,,,,,,,,,,,,,,,,,,,,,,,,2.9352710247039795,7.142980575561523,7.142980575561523,,,,,1.0,xent beta=1.0 adamw
,train,,,,,,,xent_beta-1_adamw_seed17,xent,adamw,1.0,0.9940974694077931,7.26555061340332,0.0009942318025365027,199.1922905445099,350.0,718848.0,,1.149182899976289,,,,,,,,,,,,,,,,,,,,,,,,,,,,,,3.0477325916290283,7.26555061340332,7.26555061340332,,,,,1.0,xent beta=1.0 adamw
,train,,,,,,,xent_beta-1_adamw_seed17,xent,adamw,1.0,0.5318848297122448,7.261997699737549,0.0009937622079560597,203.56662583351135,360.0,739328.0,,1.1018696426283576,,,,,,,,,,,,,,,,,,,,,,,,,,,,,,3.2360053062438965,7.261997699737549,7.261997699737549,,,,,1.0,xent beta=1.0 adamw
,train,,,,,,,xent_beta-1_adamw_seed17,xent,adamw,1.0,0.49827488463621067,7.325242042541504,0.0009932743720493455,210.69148564338684,370.0,759808.0,,1.0626675326116133,,,,,,,,,,,,,,,,,,,,,,,,,,,,,,3.2137937545776367,7.325242042541504,7.325242042541504,,,,,1.0,xent beta=1.0 adamw
,train,,,,,,,xent_beta-1_adamw_seed17,xent,adamw,1.0,0.6389798045175488,6.724740982055664,0.0009927683148693834,217.70420217514038,380.0,780288.0,,1.2442970708969865,,,,,,,,,,,,,,,,,,,,,,,,,,,,,,2.710076332092285,6.724740982055664,6.724740982055664,,,,,1.0,xent beta=1.0 adamw
,train,,,,,,,xent_beta-1_adamw_seed17,xent,adamw,1.0,1.3567851226773537,7.711737632751465,0.0009922440572182017,224.09062218666077,390.0,800768.0,,1.1637172119445074,,,,,,,,,,,,,,,,,,,,,,,,,,,,,,3.1621170043945312,7.711737632751465,7.711737632751465,,,,,1.0,xent beta=1.0 adamw
,train,,,,,,,xent_beta-1_adamw_seed17,xent,adamw,1.0,0.5767571816972163,7.290326118469238,0.0009917016206459795,230.037926197052,400.0,821248.0,,1.1801897116064892,,,,,,,,,,,,,,,,,,,,,,,,,,,,,,2.892338752746582,7.290326118469238,7.290326118469238,,,,,1.0,xent beta=1.0 adamw
,eval,,,,,,,xent_beta-1_adamw_seed17,xent,adamw,1.0,,,,230.0401074886322,400.0,,,,0.2876283526420593,10680.6875,7.171154975891113,2.047377109527588,4.87681770324707,6.788228511810303,5.62382173538208,0.9718623161306198,0.3702185374624924,3.0579910278320312,10862.8349609375,2432048.0,2210.1435546875,7.210644721984863,7.210644721984863,0.9793300628662109,0.9793300628662109,0.1796875,0.08667829632759094,0.1142578125,215.62985229492188,4.11316442489624,4.11316442489624,0.8355464935302734,1.2421875,0.19242222607135773,0.14453125,7.171154975891113,,,,,7.171154975891113,3.0579910278320312,,,1.0,xent beta=1.0 adamw
,train,,,,,,,xent_beta-1_adamw_seed17,xent,adamw,1.0,0.5154302174830269,6.702423572540283,0.0009911410274501594,235.92068099975586,410.0,841728.0,,1.1143238187576645,,,,,,,,,,,,,,,,,,,,,,,,,,,,,,2.5229310989379883,6.702423572540283,6.702423572540283,,,,,1.0,xent beta=1.0 adamw
,train,,,,,,,xent_beta-1_adamw_seed17,xent,adamw,1.0,0.5882142537472956,6.493876934051514,0.0009905623006745319,242.5451762676239,420.0,862208.0,,1.110446768421648,,,,,,,,,,,,,,,,,,,,,,,,,,,,,,2.444270133972168,6.493876934051514,6.493876934051514,,,,,1.0,xent beta=1.0 adamw
,train,,,,,,,xent_beta-1_adamw_seed17,xent,adamw,1.0,0.6303736060263181,7.106122016906738,0.0009899654641082882,250.02526378631592,430.0,882688.0,,1.0804562606416843,,,,,,,,,,,,,,,,,,,,,,,,,,,,,,2.977703094482422,7.106122016906738,7.106122016906738,,,,,1.0,xent beta=1.0 adamw
,train,,,,,,,xent_beta-1_adamw_seed17,xent,adamw,1.0,0.5376401871355477,7.047469615936279,0.000989350542285042,256.7194139957428,440.0,903168.0,,1.1047775001725837,,,,,,,,,,,,,,,,,,,,,,,,,,,,,,2.9077072143554688,7.047469615936279,7.047469615936279,,,,,1.0,xent beta=1.0 adamw
,train,,,,,,,xent_beta-1_adamw_seed17,xent,adamw,1.0,0.5317476724635466,7.076478004455566,0.0009887175604818205,264.7350273132324,450.0,923648.0,,1.1718010016885234,,,,,,,,,,,,,,,,,,,,,,,,,,,,,,2.819282054901123,7.076478004455566,7.076478004455566,,,,,1.0,xent beta=1.0 adamw
,train,,,,,,,xent_beta-1_adamw_seed17,xent,adamw,1.0,0.41925707170013243,6.937221527099609,0.000988066544718027,270.2006905078888,460.0,944128.0,,1.081198356165364,,,,,,,,,,,,,,,,,,,,,,,,,,,,,,2.6818981170654297,6.937221527099609,6.937221527099609,,,,,1.0,xent beta=1.0 adamw
,train,,,,,,,xent_beta-1_adamw_seed17,xent,adamw,1.0,0.5628077409357253,7.031720161437988,0.0009873975217543696,276.7392477989197,470.0,964608.0,,1.2433116127144492,,,,,,,,,,,,,,,,,,,,,,,,,,,,,,2.8143067359924316,7.031720161437988,7.031720161437988,,,,,1.0,xent beta=1.0 adamw
,train,,,,,,,xent_beta-1_adamw_seed17,xent,adamw,1.0,0.5488355749302458,7.021187782287598,0.0009867105190917618,280.98291993141174,480.0,985088.0,,1.185901906347672,,,,,,,,,,,,,,,,,,,,,,,,,,,,,,2.7450311183929443,7.021187782287598,7.021187782287598,,,,,1.0,xent beta=1.0 adamw
,train,,,,,,,xent_beta-1_adamw_seed17,xent,adamw,1.0,0.5898014768959872,7.006285190582275,0.0009860055649701918,288.21199774742126,490.0,1005568.0,,1.159676132110282,,,,,,,,,,,,,,,,,,,,,,,,,,,,,,2.8921475410461426,7.006285190582275,7.006285190582275,,,,,1.0,xent beta=1.0 adamw
,train,,,,,,,xent_beta-1_adamw_seed17,xent,adamw,1.0,0.5562039000227327,6.9177327156066895,0.0009852826883675633,296.3136417865753,500.0,1026048.0,,1.161267413628358,,,,,,,,,,,,,,,,,,,,,,,,,,,,,,2.891601085662842,6.9177327156066895,6.9177327156066895,,,,,1.0,xent beta=1.0 adamw
,eval,,,,,,,xent_beta-1_adamw_seed17,xent,adamw,1.0,,,,296.3160910606384,500.0,,,,0.2867293655872345,10678.37890625,6.93107271194458,2.1538009643554688,4.899930953979492,6.496395587921143,,,,2.8179080486297607,10857.3408203125,2432574.5,1997.222412109375,7.082314491271973,7.082314491271973,0.9744086265563965,0.9744086265563965,0.173828125,0.09843369573354721,0.1240234375,215.62985229492188,4.11316442489624,4.11316442489624,0.8355464935302734,1.2421875,0.19242222607135773,0.14453125,6.93107271194458,,,,,6.93107271194458,2.8179080486297607,,,1.0,xent beta=1.0 adamw
,train,,,,,,,xent_beta-1_adamw_seed17,xent,adamw,1.0,0.8981387828145295,7.352231979370117,0.0009845419189985014,303.39478492736816,510.0,1046528.0,,1.1110531289771401,,,,,,,,,,,,,,,,,,,,,,,,,,,,,,2.981098175048828,7.352231979370117,7.352231979370117,,,,,1.0,xent beta=1.0 adamw
,train,,,,,,,xent_beta-1_adamw_seed17,xent,adamw,1.0,3.630215308463022,8.08674430847168,0.000983783287313134,308.72832775115967,520.0,1067008.0,,1.6009818696876699,,,,,,,,,,,,,,,,,,,,,,,,,,,,,,3.8756797313690186,8.08674430847168,8.08674430847168,,,,,1.0,xent beta=1.0 adamw
,train,,,,,,,xent_beta-1_adamw_seed17,xent,adamw,1.0,2.3998780533844313,10.252159118652344,0.000983006824495838,315.1506495475769,530.0,1087488.0,,2.1385503899834952,,,,,,,,,,,,,,,,,,,,,,,,,,,,,,7.192378044128418,10.252159118652344,10.252159118652344,,,,,1.0,xent beta=1.0 adamw
,train,,,,,,,xent_beta-1_adamw_seed17,xent,adamw,1.0,2.198896892040492,8.298349380493164,0.0009822125624639588,322.001300573349,540.0,1107968.0,,1.861357144918107,,,,,,,,,,,,,,,,,,,,,,,,,,,,,,3.8573479652404785,8.298349380493164,8.298349380493164,,,,,1.0,xent beta=1.0 adamw
,train,,,,,,,xent_beta-1_adamw_seed17,xent,adamw,1.0,0.6933541930172245,7.0169548988342285,0.0009814005338664973,325.75461506843567,550.0,1128448.0,,1.3203461048574678,,,,,,,,,,,,,,,,,,,,,,,,,,,,,,3.1644556522369385,7.0169548988342285,7.0169548988342285,,,,,1.0,xent beta=1.0 adamw
,train,,,,,,,xent_beta-1_adamw_seed17,xent,adamw,1.0,0.634472713375193,7.2786545753479,0.0009805707720827689,331.9076442718506,560.0,1148928.0,,1.0831179140885256,,,,,,,,,,,,,,,,,,,,,,,,,,,,,,3.0721137523651123,7.2786545753479,7.2786545753479,,,,,1.0,xent beta=1.0 adamw
,train,,,,,,,xent_beta-1_adamw_seed17,xent,adamw,1.0,0.5375679870114585,6.898811340332031,0.0009797233112210308,339.8318901062012,570.0,1169408.0,,0.928303032803231,,,,,,,,,,,,,,,,,,,,,,,,,,,,,,2.815342903137207,6.898811340332031,6.898811340332031,,,,,1.0,xent beta=1.0 adamw
,train,,,,,,,xent_beta-1_adamw_seed17,xent,adamw,1.0,0.6366066226022289,7.3265790939331055,0.0009788581861170792,344.23762130737305,580.0,1189888.0,,0.9171947383947712,,,,,,,,,,,,,,,,,,,,,,,,,,,,,,3.040940046310425,7.3265790939331055,7.3265790939331055,,,,,1.0,xent beta=1.0 adamw
,train,,,,,,,xent_beta-1_adamw_seed17,xent,adamw,1.0,0.4847827196367329,6.570757865905762,0.0009779754323328191,348.9753212928772,590.0,1210368.0,,1.05533571803607,,,,,,,,,,,,,,,,,,,,,,,,,,,,,,2.52187442779541,6.570757865905762,6.570757865905762,,,,,1.0,xent beta=1.0 adamw
,train,,,,,,,xent_beta-1_adamw_seed17,xent,adamw,1.0,0.5614551142267048,6.9971137046813965,0.000977075086154801,354.2578775882721,600.0,1230848.0,,1.0017694008952298,,,,,,,,,,,,,,,,,,,,,,,,,,,,,,2.8151419162750244,6.9971137046813965,6.9971137046813965,,,,,1.0,xent beta=1.0 adamw
,eval,,,,,,,xent_beta-1_adamw_seed17,xent,adamw,1.0,,,,354.26021099090576,600.0,,,,0.285891056060791,10683.6845703125,6.975576400756836,2.0972683429718018,4.8090972900390625,6.547643661499023,5.76421594619751,0.9723082780828288,0.3751278445197076,2.862412452697754,10866.353515625,2432564.5,2039.71044921875,7.0976762771606445,7.0976762771606445,0.9713363647460938,0.9713363647460938,0.2021484375,0.10256030410528183,0.1240234375,215.62985229492188,4.11316442489624,4.11316442489624,0.8355464935302734,1.2421875,0.19242222607135773,0.14453125,6.975576400756836,,,,,6.975576400756836,2.862412452697754,,,1.0,xent beta=1.0 adamw
,train,,,,,,,xent_beta-1_adamw_seed17,xent,adamw,1.0,0.5644535131045187,7.048943996429443,0.0009761571845927296,359.966521024704,610.0,1251328.0,,0.9749371906209101,,,,,,,,,,,,,,,,,,,,,,,,,,,,,,2.8843488693237305,7.048943996429443,7.048943996429443,,,,,1.0,xent beta=1.0 adamw
,train,,,,,,,xent_beta-1_adamw_seed17,xent,adamw,1.0,0.5511312901961487,6.802708148956299,0.0009752217653779432,365.6461536884308,620.0,1271808.0,,0.9740420208647662,,,,,,,,,,,,,,,,,,,,,,,,,,,,,,2.743335247039795,6.802708148956299,6.802708148956299,,,,,1.0,xent beta=1.0 adamw
,train,,,,,,,xent_beta-1_adamw_seed17,xent,adamw,1.0,0.6600856430973774,6.900415897369385,0.0009742688669618618,371.1154420375824,630.0,1292288.0,,1.0250766510279241,,,,,,,,,,,,,,,,,,,,,,,,,,,,,,2.7851667404174805,6.900415897369385,6.900415897369385,,,,,1.0,xent beta=1.0 adamw
,train,,,,,,,xent_beta-1_adamw_seed17,xent,adamw,1.0,0.49856957672469543,6.913449287414551,0.0009732985285144072,376.89673614501953,640.0,1312768.0,,1.0937909230126932,,,,,,,,,,,,,,,,,,,,,,,,,,,,,,2.7833030223846436,6.913449287414551,6.913449287414551,,,,,1.0,xent beta=1.0 adamw
,train,,,,,,,xent_beta-1_adamw_seed17,xent,adamw,1.0,0.5816342618820586,7.153010845184326,0.0009723107899223921,382.9700131416321,650.0,1333248.0,,1.0869235357196543,,,,,,,,,,,,,,,,,,,,,,,,,,,,,,2.888589382171631,7.153010845184326,7.153010845184326,,,,,1.0,xent beta=1.0 adamw
,train,,,,,,,xent_beta-1_adamw_seed17,xent,adamw,1.0,0.5328121637954685,6.942996978759766,0.0009713056917878818,389.43117213249207,660.0,1353728.0,,1.0611536629895848,,,,,,,,,,,,,,,,,,,,,,,,,,,,,,2.6310269832611084,6.942996978759766,6.942996978759766,,,,,1.0,xent beta=1.0 adamw
,train,,,,,,,xent_beta-1_adamw_seed17,xent,adamw,1.0,0.5938991729248994,7.035472869873047,0.0009702832754265236,396.21850061416626,670.0,1374208.0,,1.1234511246832741,,,,,,,,,,,,,,,,,,,,,,,,,,,,,,2.750159740447998,7.035472869873047,7.035472869873047,,,,,1.0,xent beta=1.0 adamw
,train,,,,,,,xent_beta-1_adamw_seed17,xent,adamw,1.0,0.4833187123065142,6.9235944747924805,0.0009692435828658494,401.50914478302,680.0,1394688.0,,1.0779179051324554,,,,,,,,,,,,,,,,,,,,,,,,,,,,,,2.71166729927063,6.9235944747924805,6.9235944747924805,,,,,1.0,xent beta=1.0 adamw
,train,,,,,,,xent_beta-1_adamw_seed17,xent,adamw,1.0,0.8581339974640053,6.712960243225098,0.0009681866568435483,407.1419241428375,690.0,1415168.0,,1.099075732255192,,,,,,,,,,,,,,,,,,,,,,,,,,,,,,2.9456422328948975,6.712960243225098,6.712960243225098,,,,,1.0,xent beta=1.0 adamw
,train,,,,,,,xent_beta-1_adamw_seed17,xent,adamw,1.0,0.5980238903692067,6.810216426849365,0.0009671125408057098,413.328622341156,700.0,1435648.0,,1.1222203837404023,,,,,,,,,,,,,,,,,,,,,,,,,,,,,,2.708448886871338,6.810216426849365,6.810216426849365,,,,,1.0,xent beta=1.0 adamw
,eval,,,,,,,xent_beta-1_adamw_seed17,xent,adamw,1.0,,,,413.3307943344116,700.0,,,,0.283268004655838,10693.72265625,6.792662620544434,1.9849510192871094,4.8552751541137695,6.354857444763184,,,,2.6794981956481934,10876.3095703125,2432856.0,2038.1448974609375,7.202235221862793,7.202235221862793,0.9802384972572327,0.9802384972572327,0.2001953125,0.08419829607009888,0.1474609375,215.62985229492188,4.11316442489624,4.11316442489624,0.8355464935302734,1.2421875,0.19242222607135773,0.14453125,6.792662620544434,,,,,6.792662620544434,2.6794981956481934,,,1.0,xent beta=1.0 adamw
,train,,,,,,,xent_beta-1_adamw_seed17,xent,adamw,1.0,0.48266900180234024,6.71630859375,0.0009660212789050366,421.56665897369385,710.0,1456128.0,,1.036018750316142,,,,,,,,,,,,,,,,,,,,,,,,,,,,,,2.633073329925537,6.71630859375,6.71630859375,,,,,1.0,xent beta=1.0 adamw
,train,,,,,,,xent_beta-1_adamw_seed17,xent,adamw,1.0,0.5288719924509514,6.420494556427002,0.0009649129159990318,430.6170711517334,720.0,1476608.0,,1.1183328574990974,,,,,,,,,,,,,,,,,,,,,,,,,,,,,,2.4200992584228516,6.420494556427002,6.420494556427002,,,,,1.0,xent beta=1.0 adamw
,train,,,,,,,xent_beta-1_adamw_seed17,xent,adamw,1.0,0.5458747189703882,7.068048477172852,0.0009637874976481528,435.8909225463867,730.0,1497088.0,,1.1917504054839811,,,,,,,,,,,,,,,,,,,,,,,,,,,,,,2.7458176612854004,7.068048477172852,7.068048477172852,,,,,1.0,xent beta=1.0 adamw
,train,,,,,,,xent_beta-1_adamw_seed17,xent,adamw,1.0,1.5355311914620364,7.704640865325928,0.0009626450701139403,439.5123038291931,740.0,1517568.0,,1.3610197301070466,,,,,,,,,,,,,,,,,,,,,,,,,,,,,,3.5216424465179443,7.704640865325928,7.704640865325928,,,,,1.0,xent beta=1.0 adamw
,train,,,,,,,xent_beta-1_adamw_seed17,xent,adamw,1.0,0.5574406413099415,6.866847038269043,0.0009614856803571156,446.25504183769226,750.0,1538048.0,,1.1576145670699822,,,,,,,,,,,,,,,,,,,,,,,,,,,,,,2.6771085262298584,6.866847038269043,6.866847038269043,,,,,1.0,xent beta=1.0 adamw
,train,,,,,,,xent_beta-1_adamw_seed17,xent,adamw,1.0,0.7929766038709009,6.329355239868164,0.0009603093760356507,453.46377968788147,760.0,1558528.0,,1.0958715036551003,,,,,,,,,,,,,,,,,,,,,,,,,,,,,,2.2723894119262695,6.329355239868164,6.329355239868164,,,,,1.0,xent beta=1.0 adamw
,train,,,,,,,xent_beta-1_adamw_seed17,xent,adamw,1.0,0.589935098382674,7.0510711669921875,0.0009591162055028088,457.3596160411835,770.0,1579008.0,,1.008968900346403,,,,,,,,,,,,,,,,,,,,,,,,,,,,,,2.710996627807617,7.0510711669921875,7.0510711669921875,,,,,1.0,xent beta=1.0 adamw
,train,,,,,,,xent_beta-1_adamw_seed17,xent,adamw,1.0,0.547444936316988,6.8063154220581055,0.0009579062178051572,464.0213837623596,780.0,1599488.0,,1.0476988520991743,,,,,,,,,,,,,,,,,,,,,,,,,,,,,,2.6373143196105957,6.8063154220581055,6.8063154220581055,,,,,1.0,xent beta=1.0 adamw
,train,,,,,,,xent_beta-1_adamw_seed17,xent,adamw,1.0,0.48514456781623333,6.547372341156006,0.0009566794626805511,471.3299148082733,790.0,1619968.0,,0.9790018044937685,,,,,,,,,,,,,,,,,,,,,,,,,,,,,,2.511918783187866,6.547372341156006,6.547372341156006,,,,,1.0,xent beta=1.0 adamw
,train,,,,,,,xent_beta-1_adamw_seed17,xent,adamw,1.0,0.6160064748781481,6.731154441833496,0.0009554359905560886,479.68592381477356,800.0,1640448.0,,1.0450590049513284,,,,,,,,,,,,,,,,,,,,,,,,,,,,,,2.553030490875244,6.731154441833496,6.731154441833496,,,,,1.0,xent beta=1.0 adamw
,eval,,,,,,,xent_beta-1_adamw_seed17,xent,adamw,1.0,,,,479.6882150173187,800.0,,,,0.28189948201179504,10684.56640625,6.692168235778809,1.9405226707458496,4.611866474151611,6.252749919891357,5.475522994995117,0.9869787096967363,0.3664077142716388,2.5790042877197266,10852.7314453125,2434987.0,1337.1937255859375,6.710142135620117,6.710142135620117,0.9675779342651367,0.9675779342651367,0.220703125,0.10475596785545349,0.138671875,215.62985229492188,4.11316442489624,4.11316442489624,0.8355464935302734,1.2421875,0.19242222607135773,0.14453125,6.692168235778809,,,,,6.692168235778809,2.5790042877197266,,,1.0,xent beta=1.0 adamw
,train,,,,,,,xent_beta-1_adamw_seed17,xent,adamw,1.0,0.5679070544231334,6.51229190826416,0.0009541758525460386,485.7540786266327,810.0,1660928.0,,1.0812691131678422,,,,,,,,,,,,,,,,,,,,,,,,,,,,,,2.3050291538238525,6.51229190826416,6.51229190826416,,,,,1.0,xent beta=1.0 adamw
,train,,,,,,,xent_beta-1_adamw_seed17,xent,adamw,1.0,0.5931581214717164,7.063089370727539,0.0009528991004497389,491.73104190826416,820.0,1681408.0,,1.062521473202444,,,,,,,,,,,,,,,,,,,,,,,,,,,,,,2.802534341812134,7.063089370727539,7.063089370727539,,,,,1.0,xent beta=1.0 adamw
,train,,,,,,,xent_beta-1_adamw_seed17,xent,adamw,1.0,0.5581056195616749,6.669552803039551,0.0009516057867494678,496.4692633152008,830.0,1701888.0,,1.0943098490845602,,,,,,,,,,,,,,,,,,,,,,,,,,,,,,2.559760332107544,6.669552803039551,6.669552803039551,,,,,1.0,xent beta=1.0 adamw
,train,,,,,,,xent_beta-1_adamw_seed17,xent,adamw,1.0,0.560912392333089,6.4792160987854,0.0009502959646082854,501.6227352619171,840.0,1722368.0,,1.1387110303475145,,,,,,,,,,,,,,,,,,,,,,,,,,,,,,2.4058728218078613,6.4792160987854,6.4792160987854,,,,,1.0,xent beta=1.0 adamw
,train,,,,,,,xent_beta-1_adamw_seed17,xent,adamw,1.0,0.5630605704334529,6.533025741577148,0.0009489696878678501,509.7432641983032,850.0,1742848.0,,1.2012164380327623,,,,,,,,,,,,,,,,,,,,,,,,,,,,,,2.4644830226898193,6.533025741577148,6.533025741577148,,,,,1.0,xent beta=1.0 adamw
,train,,,,,,,xent_beta-1_adamw_seed17,xent,adamw,1.0,0.8319538381446256,7.731811046600342,0.0009476270110462038,515.768078327179,860.0,1763328.0,,1.206098531839027,,,,,,,,,,,,,,,,,,,,,,,,,,,,,,2.762014389038086,7.731811046600342,7.731811046600342,,,,,1.0,xent beta=1.0 adamw
,train,,,,,,,xent_beta-1_adamw_seed17,xent,adamw,1.0,0.569489082959393,6.884347438812256,0.0009462679893355321,522.687376499176,870.0,1783808.0,,1.216690221006851,,,,,,,,,,,,,,,,,,,,,,,,,,,,,,2.687171459197998,6.884347438812256,6.884347438812256,,,,,1.0,xent beta=1.0 adamw
,train,,,,,,,xent_beta-1_adamw_seed17,xent,adamw,1.0,0.5787186421963278,6.739978790283203,0.0009448926785998944,530.1007349491119,880.0,1804288.0,,1.1838111138497367,,,,,,,,,,,,,,,,,,,,,,,,,,,,,,2.736708641052246,6.739978790283203,6.739978790283203,,,,,1.0,xent beta=1.0 adamw
,train,,,,,,,xent_beta-1_adamw_seed17,xent,adamw,1.0,0.5132137099972462,7.035589694976807,0.0009435011353729281,537.119101524353,890.0,1824768.0,,1.1854476544327932,,,,,,,,,,,,,,,,,,,,,,,,,,,,,,2.7450671195983887,7.035589694976807,7.035589694976807,,,,,1.0,xent beta=1.0 adamw
,train,,,,,,,xent_beta-1_adamw_seed17,xent,adamw,1.0,0.567950424181091,6.812247276306152,0.0009420934168555253,546.3128099441528,900.0,1845248.0,,1.0877763248448349,,,,,,,,,,,,,,,,,,,,,,,,,,,,,,2.640069007873535,6.812247276306152,6.812247276306152,,,,,1.0,xent beta=1.0 adamw
,eval,,,,,,,xent_beta-1_adamw_seed17,xent,adamw,1.0,,,,546.3150777816772,900.0,,,,0.27971094846725464,10690.23828125,6.723459720611572,1.8782912492752075,4.783717155456543,6.2850542068481445,,,,2.610295295715332,10864.15234375,2434274.75,1749.31201171875,7.000004768371582,7.000004768371582,0.9752752780914307,0.9752752780914307,0.2568359375,0.08863664418458939,0.142578125,215.62985229492188,4.11316442489624,4.11316442489624,0.8355464935302734,1.2421875,0.19242222607135773,0.14453125,6.723459720611572,,,,,6.723459720611572,2.610295295715332,,,1.0,xent beta=1.0 adamw
,train,,,,,,,xent_beta-1_adamw_seed17,xent,adamw,1.0,0.5367892176341176,6.843976020812988,0.0009406695809134803,552.2867519855499,910.0,1865728.0,,1.0308246698184687,,,,,,,,,,,,,,,,,,,,,,,,,,,,,,2.73038649559021,6.843976020812988,6.843976020812988,,,,,1.0,xent beta=1.0 adamw
,train,,,,,,,xent_beta-1_adamw_seed17,xent,adamw,1.0,0.7012802472222595,7.2249436378479,0.0009392296860751121,557.6632890701294,920.0,1886208.0,,1.0752439066397295,,,,,,,,,,,,,,,,,,,,,,,,,,,,,,2.7653722763061523,7.2249436378479,7.2249436378479,,,,,1.0,xent beta=1.0 adamw
,train,,,,,,,xent_beta-1_adamw_seed17,xent,adamw,1.0,0.44570714177487236,6.600484371185303,0.0009377737915288578,565.5195641517639,930.0,1906688.0,,1.0279854831935051,,,,,,,,,,,,,,,,,,,,,,,,,,,,,,2.4528446197509766,6.600484371185303,6.600484371185303,,,,,1.0,xent beta=1.0 adamw
,train,,,,,,,xent_beta-1_adamw_seed17,xent,adamw,1.0,0.5997903798803674,6.776346683502197,0.0009363019571208398,572.0376210212708,940.0,1927168.0,,1.0851803657042616,,,,,,,,,,,,,,,,,,,,,,,,,,,,,,2.859499931335449,6.776346683502197,6.776346683502197,,,,,1.0,xent beta=1.0 adamw
,train,,,,,,,xent_beta-1_adamw_seed17,xent,adamw,1.0,0.7328965046370608,6.368967533111572,0.0009348142433524058,578.9631021022797,950.0,1947648.0,,1.1693141645023892,,,,,,,,,,,,,,,,,,,,,,,,,,,,,,2.4674072265625,6.368967533111572,6.368967533111572,,,,,1.0,xent beta=1.0 adamw
,train,,,,,,,xent_beta-1_adamw_seed17,xent,adamw,1.0,0.6881657368644115,7.5975728034973145,0.000933310711377642,585.1889741420746,960.0,1968128.0,,1.3703007312570232,,,,,,,,,,,,,,,,,,,,,,,,,,,,,,3.644792318344116,7.5975728034973145,7.5975728034973145,,,,,1.0,xent beta=1.0 adamw
,train,,,,,,,xent_beta-1_adamw_seed17,xent,adamw,1.0,0.5912253258603025,6.7546491622924805,0.0009317914230008586,594.5627765655518,970.0,1988608.0,,1.1241516459754581,,,,,,,,,,,,,,,,,,,,,,,,,,,,,,2.6709532737731934,6.7546491622924805,6.7546491622924805,,,,,1.0,xent beta=1.0 adamw
,train,,,,,,,xent_beta-1_adamw_seed17,xent,adamw,1.0,0.48162089201741737,6.62025785446167,0.0009302564406740506,600.9892933368683,980.0,2009088.0,,1.0264317129573566,,,,,,,,,,,,,,,,,,,,,,,,,,,,,,2.51829195022583,6.62025785446167,6.62025785446167,,,,,1.0,xent beta=1.0 adamw
,train,,,,,,,xent_beta-1_adamw_seed17,xent,adamw,1.0,0.5733541593214622,6.951573371887207,0.000928705827494329,605.950923204422,990.0,2029568.0,,1.014163612741351,,,,,,,,,,,,,,,,,,,,,,,,,,,,,,2.598909616470337,6.951573371887207,6.951573371887207,,,,,1.0,xent beta=1.0 adamw
,train,,,,,,,xent_beta-1_adamw_seed17,xent,adamw,1.0,0.611917743612679,6.896139621734619,0.0009271396472013282,611.6701948642731,1000.0,2050048.0,,1.0819012815346518,,,,,,,,,,,,,,,,,,,,,,,,,,,,,,2.6635427474975586,6.896139621734619,6.896139621734619,,,,,1.0,xent beta=1.0 adamw
,eval,,,,,,,xent_beta-1_adamw_seed17,xent,adamw,1.0,,,,611.67227602005,1000.0,,,,0.28417885303497314,10686.7587890625,6.638149738311768,1.9552638530731201,4.634214878082275,6.202970027923584,5.7407917976379395,0.9733512401571076,0.3724738581459289,2.5249853134155273,10858.1416015625,2434966.5,1402.035400390625,6.740834712982178,6.740834712982178,0.9712344408035278,0.9712344408035278,0.2177734375,0.10398252308368683,0.1513671875,215.62985229492188,4.11316442489624,4.11316442489624,0.8355464935302734,1.2421875,0.19242222607135773,0.14453125,6.638149738311768,,,,,6.638149738311768,2.5249853134155273,,,1.0,xent beta=1.0 adamw
,train,,,,,,,xent_beta-1_adamw_seed17,xent,adamw,1.0,0.55313359588432,6.535780906677246,0.0009255579641745861,617.7485692501068,1010.0,2070528.0,,1.035628443336821,,,,,,,,,,,,,,,,,,,,,,,,,,,,,,2.481874465942383,6.535780906677246,6.535780906677246,,,,,1.0,xent beta=1.0 adamw
,train,,,,,,,xent_beta-1_adamw_seed17,xent,adamw,1.0,0.7143369651165213,7.344962120056152,0.0009239608434308968,623.9394421577454,1020.0,2091008.0,,1.264946416000637,,,,,,,,,,,,,,,,,,,,,,,,,,,,,,3.1959943771362305,7.344962120056152,7.344962120056152,,,,,1.0,xent beta=1.0 adamw
,train,,,,,,,xent_beta-1_adamw_seed17,xent,adamw,1.0,1.0259031304126334,6.872753620147705,0.0009223483506216384,629.8353748321533,1030.0,2111488.0,,1.3882434460857034,,,,,,,,,,,,,,,,,,,,,,,,,,,,,,2.90030574798584,6.872753620147705,6.872753620147705,,,,,1.0,xent beta=1.0 adamw
,train,,,,,,,xent_beta-1_adamw_seed17,xent,adamw,1.0,0.6670165745057839,7.244137763977051,0.0009207205520300746,636.9563276767731,1040.0,2131968.0,,1.17088772796185,,,,,,,,,,,,,,,,,,,,,,,,,,,,,,2.9630048274993896,7.244137763977051,7.244137763977051,,,,,1.0,xent beta=1.0 adamw
,train,,,,,,,xent_beta-1_adamw_seed17,xent,adamw,1.0,0.5305233127213579,6.627473831176758,0.0009190775145686302,643.0273327827454,1050.0,2152448.0,,0.9949944918970298,,,,,,,,,,,,,,,,,,,,,,,,,,,,,,2.5018081665039062,6.627473831176758,6.627473831176758,,,,,1.0,xent beta=1.0 adamw
,train,,,,,,,xent_beta-1_adamw_seed17,xent,adamw,1.0,0.45535060158553475,6.882574558258057,0.0009174193057761394,648.5542395114899,1060.0,2172928.0,,0.9858314057413157,,,,,,,,,,,,,,,,,,,,,,,,,,,,,,2.6845803260803223,6.882574558258057,6.882574558258057,,,,,1.0,xent beta=1.0 adamw
,train,,,,,,,xent_beta-1_adamw_seed17,xent,adamw,1.0,0.5350633399738086,6.5953474044799805,0.0009157459938150713,654.0103154182434,1070.0,2193408.0,,0.9656940435252165,,,,,,,,,,,,,,,,,,,,,,,,,,,,,,2.4880547523498535,6.5953474044799805,6.5953474044799805,,,,,1.0,xent beta=1.0 adamw
,train,,,,,,,xent_beta-1_adamw_seed17,xent,adamw,1.0,0.8220018951456726,6.917383193969727,0.0009140576474687263,658.3563511371613,1080.0,2213888.0,,1.0451107927065117,,,,,,,,,,,,,,,,,,,,,,,,,,,,,,3.029303789138794,6.917383193969727,6.917383193969727,,,,,1.0,xent beta=1.0 adamw
,train,,,,,,,xent_beta-1_adamw_seed17,xent,adamw,1.0,0.5486827398482632,6.953044414520264,0.0009123543361384103,663.9825260639191,1090.0,2234368.0,,1.0074518431223536,,,,,,,,,,,,,,,,,,,,,,,,,,,,,,2.4721951484680176,6.953044414520264,6.953044414520264,,,,,1.0,xent beta=1.0 adamw
,train,,,,,,,xent_beta-1_adamw_seed17,xent,adamw,1.0,0.5875000850755331,6.635890007019043,0.0009106361298405805,670.4520993232727,1100.0,2254848.0,,0.977421341224645,,,,,,,,,,,,,,,,,,,,,,,,,,,,,,2.5557541847229004,6.635890007019043,6.635890007019043,,,,,1.0,xent beta=1.0 adamw
,eval,,,,,,,xent_beta-1_adamw_seed17,xent,adamw,1.0,,,,670.4544403553009,1100.0,,,,0.2799912095069885,10681.6083984375,6.5819172859191895,1.9778165817260742,4.678767204284668,6.143254280090332,,,,2.4687533378601074,10849.4580078125,2435481.0,1315.736328125,6.776006698608398,6.776006698608398,0.9735190272331238,0.9735190272331238,0.2333984375,0.10093674063682556,0.13671875,215.62985229492188,4.11316442489624,4.11316442489624,0.8355464935302734,1.2421875,0.19242222607135773,0.14453125,6.5819172859191895,,,,,6.5819172859191895,2.4687533378601074,,,1.0,xent beta=1.0 adamw
,train,,,,,,,xent_beta-1_adamw_seed17,xent,adamw,1.0,0.8167168181685183,6.2210259437561035,0.000908903099203968,676.4602475166321,1110.0,2275328.0,,1.0485334348967736,,,,,,,,,,,,,,,,,,,,,,,,,,,,,,2.2698912620544434,6.2210259437561035,6.2210259437561035,,,,,1.0,xent beta=1.0 adamw
,train,,,,,,,xent_beta-1_adamw_seed17,xent,adamw,1.0,0.4675586749426259,6.813199043273926,0.0009071553154666746,681.9312586784363,1120.0,2295808.0,,1.003488074558537,,,,,,,,,,,,,,,,,,,,,,,,,,,,,,2.4738926887512207,6.813199043273926,6.813199043273926,,,,,1.0,xent beta=1.0 adamw
,train,,,,,,,xent_beta-1_adamw_seed17,xent,adamw,1.0,0.8177303147707751,6.775413513183594,0.000905392850473244,690.4539744853973,1130.0,2316288.0,,1.0408426633400418,,,,,,,,,,,,,,,,,,,,,,,,,,,,,,2.4246654510498047,6.775413513183594,6.775413513183594,,,,,1.0,xent beta=1.0 adamw
,train,,,,,,,xent_beta-1_adamw_seed17,xent,adamw,1.0,0.6384582843523412,6.8431901931762695,0.0009036157766717091,696.6680121421814,1140.0,2336768.0,,1.1312156690385988,,,,,,,,,,,,,,,,,,,,,,,,,,,,,,2.638803482055664,6.8431901931762695,6.8431901931762695,,,,,1.0,xent beta=1.0 adamw
,train,,,,,,,xent_beta-1_adamw_seed17,xent,adamw,1.0,0.55710956699241,6.760552406311035,0.0009018241671106134,701.2374410629272,1150.0,2357248.0,,1.08120422767596,,,,,,,,,,,,,,,,,,,,,,,,,,,,,,2.4698169231414795,6.760552406311035,6.760552406311035,,,,,1.0,xent beta=1.0 adamw
,train,,,,,,,xent_beta-1_adamw_seed17,xent,adamw,1.0,0.4649090436055816,6.61818790435791,0.0009000180954360087,705.5329163074493,1160.0,2377728.0,,1.000370373704138,,,,,,,,,,,,,,,,,,,,,,,,,,,,,,2.4345483779907227,6.61818790435791,6.61818790435791,,,,,1.0,xent beta=1.0 adamw
,train,,,,,,,xent_beta-1_adamw_seed17,xent,adamw,1.0,2.8810851414390553,6.8385772705078125,0.0008981976358884281,710.9494113922119,1170.0,2398208.0,,1.015996716648755,,,,,,,,,,,,,,,,,,,,,,,,,,,,,,2.7074427604675293,6.8385772705078125,6.8385772705078125,,,,,1.0,xent beta=1.0 adamw
,train,,,,,,,xent_beta-1_adamw_seed17,xent,adamw,1.0,0.48723302714252215,6.751880645751953,0.0008963628632998327,718.1116945743561,1180.0,2418688.0,,0.9957121257658187,,,,,,,,,,,,,,,,,,,,,,,,,,,,,,2.535823345184326,6.751880645751953,6.751880645751953,,,,,1.0,xent beta=1.0 adamw
,train,,,,,,,xent_beta-1_adamw_seed17,xent,adamw,1.0,0.4926024112582536,6.608040809631348,0.0008945138530905375,726.1487436294556,1190.0,2439168.0,,0.9887990724495327,,,,,,,,,,,,,,,,,,,,,,,,,,,,,,2.425766706466675,6.608040809631348,6.608040809631348,,,,,1.0,xent beta=1.0 adamw
,train,,,,,,,xent_beta-1_adamw_seed17,xent,adamw,1.0,0.6006386976919198,6.796370029449463,0.0008926506812661105,731.8976495265961,1200.0,2459648.0,,1.0141519249876962,,,,,,,,,,,,,,,,,,,,,,,,,,,,,,2.6094062328338623,6.796370029449463,6.796370029449463,,,,,1.0,xent beta=1.0 adamw
,eval,,,,,,,xent_beta-1_adamw_seed17,xent,adamw,1.0,,,,731.8998787403107,1200.0,,,,0.2816321551799774,10683.9794921875,6.546072959899902,2.0201416015625,4.70281457901001,6.093991279602051,6.137384414672852,0.9499785304060019,0.38033109190015263,2.432908535003662,10853.92578125,2435366.0,1434.9404296875,6.747145652770996,6.747145652770996,0.9665600657463074,0.9665600657463074,0.21875,0.1095404326915741,0.146484375,215.62985229492188,4.11316442489624,4.11316442489624,0.8355464935302734,1.2421875,0.19242222607135773,0.14453125,6.546072959899902,,,,,6.546072959899902,2.432908535003662,,,1.0,xent beta=1.0 adamw
,train,,,,,,,xent_beta-1_adamw_seed17,xent,adamw,1.0,0.748085826844799,7.122910022735596,0.0008907734244142474,737.9138453006744,1210.0,2480128.0,,1.055943078336122,,,,,,,,,,,,,,,,,,,,,,,,,,,,,,3.017746925354004,7.122910022735596,7.122910022735596,,,,,1.0,xent beta=1.0 adamw
,train,,,,,,,xent_beta-1_adamw_seed17,xent,adamw,1.0,0.5951839992388818,6.518270969390869,0.000888882159701625,745.4509336948395,1220.0,2500608.0,,1.0846420790589697,,,,,,,,,,,,,,,,,,,,,,,,,,,,,,2.513878583908081,6.518270969390869,6.518270969390869,,,,,1.0,xent beta=1.0 adamw
,train,,,,,,,xent_beta-1_adamw_seed17,xent,adamw,1.0,0.480637769940556,6.701972007751465,0.0008869769648707276,751.2288107872009,1230.0,2521088.0,,1.0079313864985173,,,,,,,,,,,,,,,,,,,,,,,,,,,,,,2.554431438446045,6.701972007751465,6.701972007751465,,,,,1.0,xent beta=1.0 adamw
,train,,,,,,,xent_beta-1_adamw_seed17,xent,adamw,1.0,0.5210575941923787,6.753528594970703,0.0008850579182366531,755.4790434837341,1240.0,2541568.0,,0.994157873905498,,,,,,,,,,,,,,,,,,,,,,,,,,,,,,2.5561647415161133,6.753528594970703,6.753528594970703,,,,,1.0,xent beta=1.0 adamw
,train,,,,,,,xent_beta-1_adamw_seed17,xent,adamw,1.0,0.5349346031515003,6.432529449462891,0.000883125098683892,759.541081905365,1250.0,2562048.0,,0.9916996971213635,,,,,,,,,,,,,,,,,,,,,,,,,,,,,,2.3920583724975586,6.432529449462891,6.432529449462891,,,,,1.0,xent beta=1.0 adamw
,train,,,,,,,xent_beta-1_adamw_seed17,xent,adamw,1.0,0.4925142680652355,6.386526107788086,0.0008811785856630859,765.971474647522,1260.0,2582528.0,,0.9343276774429985,,,,,,,,,,,,,,,,,,,,,,,,,,,,,,2.201915740966797,6.386526107788086,6.386526107788086,,,,,1.0,xent beta=1.0 adamw
,train,,,,,,,xent_beta-1_adamw_seed17,xent,adamw,1.0,0.6564069257318573,6.654908180236816,0.0008792184591877607,772.7450199127197,1270.0,2603008.0,,1.0546758192781012,,,,,,,,,,,,,,,,,,,,,,,,,,,,,,2.4890053272247314,6.654908180236816,6.654908180236816,,,,,1.0,xent beta=1.0 adamw
,train,,,,,,,xent_beta-1_adamw_seed17,xent,adamw,1.0,0.5645259887574494,6.581117153167725,0.0008772447998310388,778.5449855327606,1280.0,2623488.0,,1.0729488334147113,,,,,,,,,,,,,,,,,,,,,,,,,,,,,,2.545109748840332,6.581117153167725,6.581117153167725,,,,,1.0,xent beta=1.0 adamw
,train,,,,,,,xent_beta-1_adamw_seed17,xent,adamw,1.0,0.6312116029883824,6.226672649383545,0.0008752576887223263,784.4920163154602,1290.0,2643968.0,,1.0117553748702521,,,,,,,,,,,,,,,,,,,,,,,,,,,,,,2.375114917755127,6.226672649383545,6.226672649383545,,,,,1.0,xent beta=1.0 adamw
,train,,,,,,,xent_beta-1_adamw_seed17,xent,adamw,1.0,0.5195432506427851,6.828696250915527,0.0008732572075439775,789.8322925567627,1300.0,2664448.0,,1.0034576559381243,,,,,,,,,,,,,,,,,,,,,,,,,,,,,,2.624532699584961,6.828696250915527,6.828696250915527,,,,,1.0,xent beta=1.0 adamw
,eval,,,,,,,xent_beta-1_adamw_seed17,xent,adamw,1.0,,,,789.8344049453735,1300.0,,,,0.28112512826919556,10684.70703125,6.581009387969971,1.9440511465072632,4.65904426574707,6.093526840209961,,,,2.4678447246551514,10854.9755859375,2435159.5,1499.278076171875,6.7675371170043945,6.7675371170043945,0.9689382314682007,0.9689382314682007,0.228515625,0.10638464987277985,0.162109375,215.62985229492188,4.11316442489624,4.11316442489624,0.8355464935302734,1.2421875,0.19242222607135773,0.14453125,6.581009387969971,,,,,6.581009387969971,2.4678447246551514,,,1.0,xent beta=1.0 adamw
,train,,,,,,,xent_beta-1_adamw_seed17,xent,adamw,1.0,0.6096265433325557,6.652255535125732,0.0008712434385279384,794.7091610431671,1310.0,2684928.0,,1.0602193812082352,,,,,,,,,,,,,,,,,,,,,,,,,,,,,,2.4215362071990967,6.652255535125732,6.652255535125732,,,,,1.0,xent beta=1.0 adamw
,train,,,,,,,xent_beta-1_adamw_seed17,xent,adamw,1.0,0.6739742648002616,6.911810874938965,0.000869216464452366,801.1336245536804,1320.0,2705408.0,,0.9649847680387098,,,,,,,,,,,,,,,,,,,,,,,,,,,,,,2.7460272312164307,6.911810874938965,6.911810874938965,,,,,1.0,xent beta=1.0 adamw
,train,,,,,,,xent_beta-1_adamw_seed17,xent,adamw,1.0,0.6328849454743141,6.5326409339904785,0.0008671763686382254,808.5478374958038,1330.0,2725888.0,,0.9913737203810455,,,,,,,,,,,,,,,,,,,,,,,,,,,,,,2.3028783798217773,6.5326409339904785,6.5326409339904785,,,,,1.0,xent beta=1.0 adamw
,train,,,,,,,xent_beta-1_adamw_seed17,xent,adamw,1.0,0.5521540639754524,6.8289642333984375,0.0008651232349458647,814.8814151287079,1340.0,2746368.0,,0.9972303897817891,,,,,,,,,,,,,,,,,,,,,,,,,,,,,,2.5026023387908936,6.8289642333984375,6.8289642333984375,,,,,1.0,xent beta=1.0 adamw
,train,,,,,,,xent_beta-1_adamw_seed17,xent,adamw,1.0,0.5088773344825294,6.399624347686768,0.0008630571477715689,821.4693105220795,1350.0,2766848.0,,1.0409662206492647,,,,,,,,,,,,,,,,,,,,,,,,,,,,,,2.2915239334106445,6.399624347686768,6.399624347686768,,,,,1.0,xent beta=1.0 adamw
,train,,,,,,,xent_beta-1_adamw_seed17,xent,adamw,1.0,0.4611218234288929,6.771965980529785,0.0008609781920440892,825.5806543827057,1360.0,2787328.0,,1.1436910730453245,,,,,,,,,,,,,,,,,,,,,,,,,,,,,,2.408313751220703,6.771965980529785,6.771965980529785,,,,,1.0,xent beta=1.0 adamw
,train,,,,,,,xent_beta-1_adamw_seed17,xent,adamw,1.0,0.591212672554345,6.530337333679199,0.0008588864532211527,831.4758713245392,1370.0,2807808.0,,1.0906697372820393,,,,,,,,,,,,,,,,,,,,,,,,,,,,,,2.3846275806427,6.530337333679199,6.530337333679199,,,,,1.0,xent beta=1.0 adamw
,train,,,,,,,xent_beta-1_adamw_seed17,xent,adamw,1.0,0.5892003586960771,6.762943744659424,0.0008567820172859497,834.9207117557526,1380.0,2828288.0,,1.0694858388297075,,,,,,,,,,,,,,,,,,,,,,,,,,,,,,2.451690435409546,6.762943744659424,6.762943744659424,,,,,1.0,xent beta=1.0 adamw
,train,,,,,,,xent_beta-1_adamw_seed17,xent,adamw,1.0,0.4690257940571899,6.722165107727051,0.0008546649707435993,841.0779683589935,1390.0,2848768.0,,0.9366196809737802,,,,,,,,,,,,,,,,,,,,,,,,,,,,,,2.4208333492279053,6.722165107727051,6.722165107727051,,,,,1.0,xent beta=1.0 adamw
,train,,,,,,,xent_beta-1_adamw_seed17,xent,adamw,1.0,0.6190216588185841,6.106350421905518,0.0008525354006175926,846.2610216140747,1400.0,2869248.0,,0.910448466658491,,,,,,,,,,,,,,,,,,,,,,,,,,,,,,2.2084193229675293,6.106350421905518,6.106350421905518,,,,,1.0,xent beta=1.0 adamw
,eval,,,,,,,xent_beta-1_adamw_seed17,xent,adamw,1.0,,,,846.2633738517761,1400.0,,,,0.28308236598968506,10677.8330078125,6.55010986328125,1.960377812385559,4.594132900238037,6.1160969734191895,6.111917495727539,0.9702890497608645,0.38348312777041194,2.436945915222168,10844.732421875,2435978.0,1328.95703125,6.60209321975708,6.60209321975708,0.9620580673217773,0.9620580673217773,0.220703125,0.11568252742290497,0.1572265625,215.62985229492188,4.11316442489624,4.11316442489624,0.8355464935302734,1.2421875,0.19242222607135773,0.14453125,6.55010986328125,,,,,6.55010986328125,2.436945915222168,,,1.0,xent beta=1.0 adamw
,train,,,,,,,xent_beta-1_adamw_seed17,xent,adamw,1.0,0.5761354649482953,6.604091644287109,0.0008503933944462166,852.3702597618103,1410.0,2889728.0,,0.9631226722024483,,,,,,,,,,,,,,,,,,,,,,,,,,,,,,2.518998146057129,6.604091644287109,6.604091644287109,,,,,1.0,xent beta=1.0 adamw
,train,,,,,,,xent_beta-1_adamw_seed17,xent,adamw,1.0,0.4576191526145257,6.469733238220215,0.0008482390402789554,858.2941536903381,1420.0,2910208.0,,0.9066937716188048,,,,,,,,,,,,,,,,,,,,,,,,,,,,,,2.320615768432617,6.469733238220215,6.469733238220215,,,,,1.0,xent beta=1.0 adamw
,train,,,,,,,xent_beta-1_adamw_seed17,xent,adamw,1.0,0.5058589080363817,6.590452671051025,0.0008460724266728708,863.4861323833466,1430.0,2930688.0,,0.9863786668070978,,,,,,,,,,,,,,,,,,,,,,,,,,,,,,2.4072790145874023,6.590452671051025,6.590452671051025,,,,,1.0,xent beta=1.0 adamw
,train,,,,,,,xent_beta-1_adamw_seed17,xent,adamw,1.0,0.642053368261199,6.64335823059082,0.0008438936426889618,867.7298860549927,1440.0,2951168.0,,0.9770575140546376,,,,,,,,,,,,,,,,,,,,,,,,,,,,,,2.437337636947632,6.64335823059082,6.64335823059082,,,,,1.0,xent beta=1.0 adamw
,train,,,,,,,xent_beta-1_adamw_seed17,xent,adamw,1.0,0.556110166065329,6.501021385192871,0.0008417027778885047,873.9148461818695,1450.0,2971648.0,,0.9725975679624256,,,,,,,,,,,,,,,,,,,,,,,,,,,,,,2.349597454071045,6.501021385192871,6.501021385192871,,,,,1.0,xent beta=1.0 adamw
,train,,,,,,,xent_beta-1_adamw_seed17,xent,adamw,1.0,0.8360706801161496,6.603253364562988,0.0008394999223293704,881.6556499004364,1460.0,2992128.0,,1.0791726747619672,,,,,,,,,,,,,,,,,,,,,,,,,,,,,,2.9026336669921875,6.603253364562988,6.603253364562988,,,,,1.0,xent beta=1.0 adamw
,train,,,,,,,xent_beta-1_adamw_seed17,xent,adamw,1.0,0.5052498812752614,6.354529857635498,0.0008372851665623225,889.2395160198212,1470.0,3012608.0,,0.9367461860225723,,,,,,,,,,,,,,,,,,,,,,,,,,,,,,2.279463291168213,6.354529857635498,6.354529857635498,,,,,1.0,xent beta=1.0 adamw
,train,,,,,,,xent_beta-1_adamw_seed17,xent,adamw,1.0,0.6852832479192676,6.719082355499268,0.0008350586016272966,895.2782518863678,1480.0,3033088.0,,0.9364218903701761,,,,,,,,,,,,,,,,,,,,,,,,,,,,,,2.574141502380371,6.719082355499268,6.719082355499268,,,,,1.0,xent beta=1.0 adamw
,train,,,,,,,xent_beta-1_adamw_seed17,xent,adamw,1.0,0.7961968364086968,6.23447322845459,0.0008328203190496556,901.5588591098785,1490.0,3053568.0,,1.0392760863774597,,,,,,,,,,,,,,,,,,,,,,,,,,,,,,2.4154863357543945,6.23447322845459,6.23447322845459,,,,,1.0,xent beta=1.0 adamw
,train,,,,,,,xent_beta-1_adamw_seed17,xent,adamw,1.0,0.47084731257945767,6.717461109161377,0.0008305704108364302,905.6378555297852,1500.0,3074048.0,,0.9626057555055261,,,,,,,,,,,,,,,,,,,,,,,,,,,,,,2.403719902038574,6.717461109161377,6.717461109161377,,,,,1.0,xent beta=1.0 adamw
,eval,,,,,,,xent_beta-1_adamw_seed17,xent,adamw,1.0,,,,905.6408348083496,1500.0,,,,0.27902114391326904,10677.638671875,6.514556884765625,1.910234808921814,4.506558895111084,6.037444591522217,,,,2.4013924598693848,10842.7685546875,2436618.0,1126.80322265625,6.484935760498047,6.484935760498047,0.9641529321670532,0.9641529321670532,0.21484375,0.11384247243404388,0.1572265625,215.62985229492188,4.11316442489624,4.11316442489624,0.8355464935302734,1.2421875,0.19242222607135773,0.14453125,6.514556884765625,,,,,6.514556884765625,2.4013924598693848,,,1.0,xent beta=1.0 adamw
,train,,,,,,,xent_beta-1_adamw_seed17,xent,adamw,1.0,0.5719606492936574,6.379662990570068,0.0008283089694725342,912.8790221214294,1510.0,3094528.0,,0.973082774053104,,,,,,,,,,,,,,,,,,,,,,,,,,,,,,2.4369819164276123,6.379662990570068,6.379662990570068,,,,,1.0,xent beta=1.0 adamw
,train,,,,,,,xent_beta-1_adamw_seed17,xent,adamw,1.0,0.5225159679428368,6.3179426193237305,0.0008260360879169651,917.1112282276154,1520.0,3115008.0,,0.8986697925637019,,,,,,,,,,,,,,,,,,,,,,,,,,,,,,2.271667718887329,6.3179426193237305,6.3179426193237305,,,,,1.0,xent beta=1.0 adamw
,train,,,,,,,xent_beta-1_adamw_seed17,xent,adamw,1.0,0.6076688363848998,6.464046955108643,0.0008237518595989809,922.5481214523315,1530.0,3135488.0,,1.008416198963048,,,,,,,,,,,,,,,,,,,,,,,,,,,,,,2.393524408340454,6.464046955108643,6.464046955108643,,,,,1.0,xent beta=1.0 adamw
,train,,,,,,,xent_beta-1_adamw_seed17,xent,adamw,1.0,0.6478337877796497,6.688999652862549,0.0008214563784142613,929.9365282058716,1540.0,3155968.0,,1.155398214682403,,,,,,,,,,,,,,,,,,,,,,,,,,,,,,2.5714454650878906,6.688999652862549,6.688999652862549,,,,,1.0,xent beta=1.0 adamw
,train,,,,,,,xent_beta-1_adamw_seed17,xent,adamw,1.0,0.5909080771510389,6.589601516723633,0.0008191497387210473,936.4912526607513,1550.0,3176448.0,,1.0346549294292366,,,,,,,,,,,,,,,,,,,,,,,,,,,,,,2.516467809677124,6.589601516723633,6.589601516723633,,,,,1.0,xent beta=1.0 adamw
,train,,,,,,,xent_beta-1_adamw_seed17,xent,adamw,1.0,0.8815913719813468,6.387547492980957,0.0008168320353362616,942.2730255126953,1560.0,3196928.0,,0.9596238980077789,,,,,,,,,,,,,,,,,,,,,,,,,,,,,,2.3975276947021484,6.387547492980957,6.387547492980957,,,,,1.0,xent beta=1.0 adamw
,train,,,,,,,xent_beta-1_adamw_seed17,xent,adamw,1.0,0.4677369162840861,6.63577938079834,0.000814503363531613,946.4594683647156,1570.0,3217408.0,,0.9493387955899154,,,,,,,,,,,,,,,,,,,,,,,,,,,,,,2.5003345012664795,6.63577938079834,6.63577938079834,,,,,1.0,xent beta=1.0 adamw
,train,,,,,,,xent_beta-1_adamw_seed17,xent,adamw,1.0,0.46699122339342763,6.569580078125,0.0008121638190296782,951.8441433906555,1580.0,3237888.0,,0.936363228963392,,,,,,,,,,,,,,,,,,,,,,,,,,,,,,2.4620161056518555,6.569580078125,6.569580078125,,,,,1.0,xent beta=1.0 adamw
,train,,,,,,,xent_beta-1_adamw_seed17,xent,adamw,1.0,0.4522153031845071,6.631332874298096,0.0008098134979999689,957.2942748069763,1590.0,3258368.0,,0.8897822040243114,,,,,,,,,,,,,,,,,,,,,,,,,,,,,,2.2936766147613525,6.631332874298096,6.631332874298096,,,,,1.0,xent beta=1.0 adamw
,train,,,,,,,xent_beta-1_adamw_seed17,xent,adamw,1.0,0.5692560541793119,6.706669330596924,0.0008074524970549763,965.1362009048462,1600.0,3278848.0,,0.9653988237014708,,,,,,,,,,,,,,,,,,,,,,,,,,,,,,2.4958736896514893,6.706669330596924,6.706669330596924,,,,,1.0,xent beta=1.0 adamw
,eval,,,,,,,xent_beta-1_adamw_seed17,xent,adamw,1.0,,,,965.1385219097137,1600.0,,,,0.27648866176605225,10681.697265625,6.470494270324707,1.9263246059417725,4.6060638427734375,5.997946262359619,6.29878568649292,0.9591788053502981,0.3860357931869815,2.357330083847046,10851.0341796875,2435906.75,1310.0111083984375,6.660149097442627,6.660149097442627,0.9675447940826416,0.9675447940826416,0.2041015625,0.10728708654642105,0.150390625,215.62985229492188,4.11316442489624,4.11316442489624,0.8355464935302734,1.2421875,0.19242222607135773,0.14453125,6.470494270324707,,,,,6.470494270324707,2.357330083847046,,,1.0,xent beta=1.0 adamw
,train,,,,,,,xent_beta-1_adamw_seed17,xent,adamw,1.0,0.5063927237229197,6.583402633666992,0.0008050809132462025,972.8020627498627,1610.0,3299328.0,,0.9121755489510396,,,,,,,,,,,,,,,,,,,,,,,,,,,,,,2.419670820236206,6.583402633666992,6.583402633666992,,,,,1.0,xent beta=1.0 adamw
,train,,,,,,,xent_beta-1_adamw_seed17,xent,adamw,1.0,0.5176400155288223,6.549310684204102,0.0008026988440601687,978.1214380264282,1620.0,3319808.0,,0.8977165422193344,,,,,,,,,,,,,,,,,,,,,,,,,,,,,,2.3619327545166016,6.549310684204102,6.549310684204102,,,,,1.0,xent beta=1.0 adamw
,train,,,,,,,xent_beta-1_adamw_seed17,xent,adamw,1.0,0.488009972735815,6.523402214050293,0.0008003063874144092,984.0276885032654,1630.0,3340288.0,,0.9077950653842406,,,,,,,,,,,,,,,,,,,,,,,,,,,,,,2.294271945953369,6.523402214050293,6.523402214050293,,,,,1.0,xent beta=1.0 adamw
,train,,,,,,,xent_beta-1_adamw_seed17,xent,adamw,1.0,0.5621747768908557,6.892017364501953,0.0007979036416534462,988.0502245426178,1640.0,3360768.0,,0.8904414493143896,,,,,,,,,,,,,,,,,,,,,,,,,,,,,,2.4957680702209473,6.892017364501953,6.892017364501953,,,,,1.0,xent beta=1.0 adamw
,train,,,,,,,xent_beta-1_adamw_seed17,xent,adamw,1.0,0.5216851003642662,5.938616752624512,0.0007954907055447469,993.5242350101471,1650.0,3381248.0,,0.8428954998755546,,,,,,,,,,,,,,,,,,,,,,,,,,,,,,2.064622402191162,5.938616752624512,5.938616752624512,,,,,1.0,xent beta=1.0 adamw
,train,,,,,,,xent_beta-1_adamw_seed17,xent,adamw,1.0,0.6736114571095926,6.910183429718018,0.0007930676782746641,998.756838798523,1660.0,3401728.0,,0.8902898953908103,,,,,,,,,,,,,,,,,,,,,,,,,,,,,,2.4023537635803223,6.910183429718018,6.910183429718018,,,,,1.0,xent beta=1.0 adamw
,train,,,,,,,xent_beta-1_adamw_seed17,xent,adamw,1.0,0.6863467657893795,6.637543678283691,0.0007906346594443583,1004.248863697052,1670.0,3422208.0,,1.0255010083091702,,,,,,,,,,,,,,,,,,,,,,,,,,,,,,2.599727153778076,6.637543678283691,6.637543678283691,,,,,1.0,xent beta=1.0 adamw
,train,,,,,,,xent_beta-1_adamw_seed17,xent,adamw,1.0,0.602249538764558,5.617853164672852,0.0007881917490657044,1010.5170574188232,1680.0,3442688.0,,0.9816693086255013,,,,,,,,,,,,,,,,,,,,,,,,,,,,,,1.8532010316848755,5.617853164672852,5.617853164672852,,,,,1.0,xent beta=1.0 adamw
,train,,,,,,,xent_beta-1_adamw_seed17,xent,adamw,1.0,0.46378375452763754,6.572132110595703,0.0007857390475571794,1017.8512737751007,1690.0,3463168.0,,0.9214944125250946,,,,,,,,,,,,,,,,,,,,,,,,,,,,,,2.2914857864379883,6.572132110595703,6.572132110595703,,,,,1.0,xent beta=1.0 adamw
,train,,,,,,,xent_beta-1_adamw_seed17,xent,adamw,1.0,0.6184162591972321,6.888998985290527,0.0007832766557397363,1023.8746128082275,1700.0,3483648.0,,0.9643214468612359,,,,,,,,,,,,,,,,,,,,,,,,,,,,,,2.6020114421844482,6.888998985290527,6.888998985290527,,,,,1.0,xent beta=1.0 adamw
,eval,,,,,,,xent_beta-1_adamw_seed17,xent,adamw,1.0,,,,1023.8767585754395,1700.0,,,,0.27336031198501587,10679.4873046875,6.457391738891602,1.849487543106079,4.649848461151123,6.004744052886963,,,,2.3442273139953613,10848.376953125,2435931.75,1384.965087890625,6.7313032150268555,6.7313032150268555,0.9692721962928772,0.9692721962928772,0.2333984375,0.1010952815413475,0.16015625,215.62985229492188,4.11316442489624,4.11316442489624,0.8355464935302734,1.2421875,0.19242222607135773,0.14453125,6.457391738891602,,,,,6.457391738891602,2.3442273139953613,,,1.0,xent beta=1.0 adamw
,train,,,,,,,xent_beta-1_adamw_seed17,xent,adamw,1.0,0.5815559087426045,6.633538722991943,0.0007808046748326578,1030.0937087535858,1710.0,3504128.0,,0.9309478865149039,,,,,,,,,,,,,,,,,,,,,,,,,,,,,,2.5622942447662354,6.633538722991943,6.633538722991943,,,,,1.0,xent beta=1.0 adamw
,train,,,,,,,xent_beta-1_adamw_seed17,xent,adamw,1.0,0.5523291855670134,6.725794315338135,0.000778323206449397,1036.9351449012756,1720.0,3524608.0,,0.9051164410474695,,,,,,,,,,,,,,,,,,,,,,,,,,,,,,2.617971658706665,6.725794315338135,6.725794315338135,,,,,1.0,xent beta=1.0 adamw
,train,,,,,,,xent_beta-1_adamw_seed17,xent,adamw,1.0,0.4264473792775696,6.5495710372924805,0.0007758323525933999,1043.4490678310394,1730.0,3545088.0,,0.8695379902990715,,,,,,,,,,,,,,,,,,,,,,,,,,,,,,2.267449378967285,6.5495710372924805,6.5495710372924805,,,,,1.0,xent beta=1.0 adamw
,train,,,,,,,xent_beta-1_adamw_seed17,xent,adamw,1.0,0.502992818417691,6.446437835693359,0.0007733322156539126,1049.1421089172363,1740.0,3565568.0,,0.8901674325581435,,,,,,,,,,,,,,,,,,,,,,,,,,,,,,2.3655292987823486,6.446437835693359,6.446437835693359,,,,,1.0,xent beta=1.0 adamw
,train,,,,,,,xent_beta-1_adamw_seed17,xent,adamw,1.0,0.47229064034532875,6.366054534912109,0.0007708228984017721,1055.4455924034119,1750.0,3586048.0,,0.8790509127112469,,,,,,,,,,,,,,,,,,,,,,,,,,,,,,2.271367311477661,6.366054534912109,6.366054534912109,,,,,1.0,xent beta=1.0 adamw
,train,,,,,,,xent_beta-1_adamw_seed17,xent,adamw,1.0,0.5754986551313841,6.2420735359191895,0.0007683045039851824,1060.989975452423,1760.0,3606528.0,,0.8508128468842692,,,,,,,,,,,,,,,,,,,,,,,,,,,,,,2.2771921157836914,6.2420735359191895,6.2420735359191895,,,,,1.0,xent beta=1.0 adamw
,train,,,,,,,xent_beta-1_adamw_seed17,xent,adamw,1.0,0.699326619486143,7.075486660003662,0.0007657771359254743,1067.1670744419098,1770.0,3627008.0,,0.8871898171792733,,,,,,,,,,,,,,,,,,,,,,,,,,,,,,2.5660789012908936,7.075486660003662,7.075486660003662,,,,,1.0,xent beta=1.0 adamw
,train,,,,,,,xent_beta-1_adamw_seed17,xent,adamw,1.0,0.48089390140588806,6.413976669311523,0.0007632408981128494,1073.2228918075562,1780.0,3647488.0,,0.8850435324852507,,,,,,,,,,,,,,,,,,,,,,,,,,,,,,2.1486480236053467,6.413976669311523,6.413976669311523,,,,,1.0,xent beta=1.0 adamw
,train,,,,,,,xent_beta-1_adamw_seed17,xent,adamw,1.0,0.7248298677118412,6.9584197998046875,0.0007606958948021107,1078.1883540153503,1790.0,3667968.0,,0.9099980859262566,,,,,,,,,,,,,,,,,,,,,,,,,,,,,,2.4263925552368164,6.9584197998046875,6.9584197998046875,,,,,1.0,xent beta=1.0 adamw
,train,,,,,,,xent_beta-1_adamw_seed17,xent,adamw,1.0,0.6756315236126859,6.641969203948975,0.000758142230608376,1083.2252569198608,1800.0,3688448.0,,0.9264608263554437,,,,,,,,,,,,,,,,,,,,,,,,,,,,,,2.668135643005371,6.641969203948975,6.641969203948975,,,,,1.0,xent beta=1.0 adamw
,eval,,,,,,,xent_beta-1_adamw_seed17,xent,adamw,1.0,,,,1083.2273876667023,1800.0,,,,0.27389979362487793,10681.4912109375,6.382617473602295,1.9364173412322998,4.6278228759765625,5.913217544555664,6.374722003936768,0.9552047795291861,0.39310879584072506,2.2694530487060547,10850.205078125,2436098.0,1326.765869140625,6.673155307769775,6.673155307769775,0.9666597247123718,0.9666597247123718,0.2177734375,0.10818015038967133,0.169921875,215.62985229492188,4.11316442489624,4.11316442489624,0.8355464935302734,1.2421875,0.19242222607135773,0.14453125,6.382617473602295,,,,,6.382617473602295,2.2694530487060547,,,1.0,xent beta=1.0 adamw
,train,,,,,,,xent_beta-1_adamw_seed17,xent,adamw,1.0,0.5570596171730702,6.530874252319336,0.0007555800105027783,1087.7458956241608,1810.0,3708928.0,,0.9237187266237756,,,,,,,,,,,,,,,,,,,,,,,,,,,,,,2.4020631313323975,6.530874252319336,6.530874252319336,,,,,1.0,xent beta=1.0 adamw
,train,,,,,,,xent_beta-1_adamw_seed17,xent,adamw,1.0,0.5718621131637761,6.267590522766113,0.0007530093398081506,1092.700455904007,1820.0,3729408.0,,0.8408338274387428,,,,,,,,,,,,,,,,,,,,,,,,,,,,,,2.2403383255004883,6.267590522766113,6.267590522766113,,,,,1.0,xent beta=1.0 adamw
,train,,,,,,,xent_beta-1_adamw_seed17,xent,adamw,1.0,0.7882911301128119,6.51407527923584,0.0007504303241946965,1100.1016826629639,1830.0,3749888.0,,0.9220369086606496,,,,,,,,,,,,,,,,,,,,,,,,,,,,,,2.641179323196411,6.51407527923584,6.51407527923584,,,,,1.0,xent beta=1.0 adamw
,train,,,,,,,xent_beta-1_adamw_seed17,xent,adamw,1.0,0.5800064615381346,6.549454689025879,0.000747843069675647,1105.778709411621,1840.0,3770368.0,,0.9117733906297831,,,,,,,,,,,,,,,,,,,,,,,,,,,,,,2.446746349334717,6.549454689025879,6.549454689025879,,,,,1.0,xent beta=1.0 adamw
,train,,,,,,,xent_beta-1_adamw_seed17,xent,adamw,1.0,0.5848908566226294,6.337610244750977,0.0007452476826029011,1113.2903845310211,1850.0,3790848.0,,0.866832179385303,,,,,,,,,,,,,,,,,,,,,,,,,,,,,,2.407466411590576,6.337610244750977,6.337610244750977,,,,,1.0,xent beta=1.0 adamw
,train,,,,,,,xent_beta-1_adamw_seed17,xent,adamw,1.0,0.5351463812899777,6.575770854949951,0.0007426442696626566,1121.254183769226,1860.0,3811328.0,,0.8413849221095059,,,,,,,,,,,,,,,,,,,,,,,,,,,,,,2.1859655380249023,6.575770854949951,6.575770854949951,,,,,1.0,xent beta=1.0 adamw
,train,,,,,,,xent_beta-1_adamw_seed17,xent,adamw,1.0,0.5469013018003479,6.4751482009887695,0.000740032937871022,1129.4779591560364,1870.0,3831808.0,,0.8425081041249808,,,,,,,,,,,,,,,,,,,,,,,,,,,,,,2.4269027709960938,6.4751482009887695,6.4751482009887695,,,,,1.0,xent beta=1.0 adamw
,train,,,,,,,xent_beta-1_adamw_seed17,xent,adamw,1.0,0.4733958971383711,6.2122931480407715,0.0007374137945696195,1136.4786627292633,1880.0,3852288.0,,0.804180444602428,,,,,,,,,,,,,,,,,,,,,,,,,,,,,,2.2417187690734863,6.2122931480407715,6.2122931480407715,,,,,1.0,xent beta=1.0 adamw
,train,,,,,,,xent_beta-1_adamw_seed17,xent,adamw,1.0,0.5589688811840777,6.319726943969727,0.0007347869474211722,1143.3900544643402,1890.0,3872768.0,,0.8099989727903008,,,,,,,,,,,,,,,,,,,,,,,,,,,,,,2.267430067062378,6.319726943969727,6.319726943969727,,,,,1.0,xent beta=1.0 adamw
,train,,,,,,,xent_beta-1_adamw_seed17,xent,adamw,1.0,0.5630522304775658,6.5591607093811035,0.0007321525044050772,1151.4613649845123,1900.0,3893248.0,,0.8591654891731195,,,,,,,,,,,,,,,,,,,,,,,,,,,,,,2.481701374053955,6.5591607093811035,6.5591607093811035,,,,,1.0,xent beta=1.0 adamw
,eval,,,,,,,xent_beta-1_adamw_seed17,xent,adamw,1.0,,,,1151.4636833667755,1900.0,,,,0.2739524841308594,10675.0966796875,6.358120918273926,1.867802619934082,4.534354209899902,5.884916305541992,,,,2.2449564933776855,10839.4296875,2436990.75,1171.73388671875,6.548855781555176,6.548855781555176,0.9662394523620605,0.9662394523620605,0.2294921875,0.10960904508829117,0.169921875,215.62985229492188,4.11316442489624,4.11316442489624,0.8355464935302734,1.2421875,0.19242222607135773,0.14453125,6.358120918273926,,,,,6.358120918273926,2.2449564933776855,,,1.0,xent beta=1.0 adamw
,train,,,,,,,xent_beta-1_adamw_seed17,xent,adamw,1.0,0.5505635283439961,6.308228015899658,0.0007295105738129688,1155.7275681495667,1910.0,3913728.0,,0.9238948806339775,,,,,,,,,,,,,,,,,,,,,,,,,,,,,,2.2546353340148926,6.308228015899658,6.308228015899658,,,,,1.0,xent beta=1.0 adamw
,train,,,,,,,xent_beta-1_adamw_seed17,xent,adamw,1.0,0.7397917913588312,6.487006664276123,0.0007268612642442657,1163.5729882717133,1920.0,3934208.0,,0.9261506033174023,,,,,,,,,,,,,,,,,,,,,,,,,,,,,,2.517331123352051,6.487006664276123,6.487006664276123,,,,,1.0,xent beta=1.0 adamw
,train,,,,,,,xent_beta-1_adamw_seed17,xent,adamw,1.0,0.5017194469401156,6.444150447845459,0.0007242046846017078,1168.0879900455475,1930.0,3954688.0,,0.8427016062435475,,,,,,,,,,,,,,,,,,,,,,,,,,,,,,2.265500545501709,6.444150447845459,6.444150447845459,,,,,1.0,xent beta=1.0 adamw
,train,,,,,,,xent_beta-1_adamw_seed17,xent,adamw,1.0,0.5240262929149678,6.465032577514648,0.0007215409440868788,1174.753574848175,1940.0,3975168.0,,0.8249722944575534,,,,,,,,,,,,,,,,,,,,,,,,,,,,,,2.3740224838256836,6.465032577514648,6.465032577514648,,,,,1.0,xent beta=1.0 adamw
,train,,,,,,,xent_beta-1_adamw_seed17,xent,adamw,1.0,0.48126586723109577,6.740801811218262,0.0007188701521957184,1182.504324913025,1950.0,3995648.0,,0.8174006714534096,,,,,,,,,,,,,,,,,,,,,,,,,,,,,,2.2409489154815674,6.740801811218262,6.740801811218262,,,,,1.0,xent beta=1.0 adamw
,train,,,,,,,xent_beta-1_adamw_seed17,xent,adamw,1.0,0.663278514945429,6.724849224090576,0.0007161924187140204,1186.1659009456635,1960.0,4016128.0,,0.8360005707827228,,,,,,,,,,,,,,,,,,,,,,,,,,,,,,2.42116641998291,6.724849224090576,6.724849224090576,,,,,1.0,xent beta=1.0 adamw
,train,,,,,,,xent_beta-1_adamw_seed17,xent,adamw,1.0,0.6548889718425404,6.46299409866333,0.0007135078537129202,1193.0856568813324,1970.0,4036608.0,,0.8675948630746244,,,,,,,,,,,,,,,,,,,,,,,,,,,,,,2.172445774078369,6.46299409866333,6.46299409866333,,,,,1.0,xent beta=1.0 adamw
,train,,,,,,,xent_beta-1_adamw_seed17,xent,adamw,1.0,0.5686256513963729,6.572490692138672,0.0007108165675443705,1200.4417159557343,1980.0,4057088.0,,0.8129912537068337,,,,,,,,,,,,,,,,,,,,,,,,,,,,,,2.440836191177368,6.572490692138672,6.572490692138672,,,,,1.0,xent beta=1.0 adamw
,train,,,,,,,xent_beta-1_adamw_seed17,xent,adamw,1.0,0.5235248242887335,6.320724964141846,0.0007081186708366044,1205.5962007045746,1990.0,4077568.0,,0.7767231800813684,,,,,,,,,,,,,,,,,,,,,,,,,,,,,,2.162886619567871,6.320724964141846,6.320724964141846,,,,,1.0,xent beta=1.0 adamw
,train,,,,,,,xent_beta-1_adamw_seed17,xent,adamw,1.0,0.5117824389155599,7.226266860961914,0.0007054142744895884,1212.329213142395,2000.0,4098048.0,,0.8911436261560998,,,,,,,,,,,,,,,,,,,,,,,,,,,,,,2.078238010406494,7.226266860961914,7.226266860961914,,,,,1.0,xent beta=1.0 adamw
,eval,,,,,,,xent_beta-1_adamw_seed17,xent,adamw,1.0,,,,1212.3313851356506,2000.0,,,,0.27663159370422363,10677.458984375,6.351208686828613,1.9952222108840942,4.681737899780273,5.863574028015137,6.252758026123047,0.9537902474393842,0.38737835808824655,2.238044500350952,10846.009765625,2436713.25,1300.1265869140625,6.734779357910156,6.734779357910156,0.968562126159668,0.968562126159668,0.2158203125,0.10997757315635681,0.1708984375,215.62985229492188,4.11316442489624,4.11316442489624,0.8355464935302734,1.2421875,0.19242222607135773,0.14453125,6.351208686828613,,,,,6.351208686828613,2.238044500350952,,,1.0,xent beta=1.0 adamw
,train,,,,,,,xent_beta-1_adamw_seed17,xent,adamw,1.0,0.6060140017483157,6.765775680541992,0.0007027034896704645,1219.6673951148987,2010.0,4118528.0,,0.8299462553233784,,,,,,,,,,,,,,,,,,,,,,,,,,,,,,2.3544769287109375,6.765775680541992,6.765775680541992,,,,,1.0,xent beta=1.0 adamw
,train,,,,,,,xent_beta-1_adamw_seed17,xent,adamw,1.0,0.6150189317770207,6.073705673217773,0.0006999864278089788,1226.7535288333893,2020.0,4139008.0,,0.875609429864535,,,,,,,,,,,,,,,,,,,,,,,,,,,,,,2.040905475616455,6.073705673217773,6.073705673217773,,,,,1.0,xent beta=1.0 adamw
,train,,,,,,,xent_beta-1_adamw_seed17,xent,adamw,1.0,0.5934107707071509,6.638153076171875,0.0006972632005929026,1231.1204779148102,2030.0,4159488.0,,0.8041978922277678,,,,,,,,,,,,,,,,,,,,,,,,,,,,,,2.4681975841522217,6.638153076171875,6.638153076171875,,,,,1.0,xent beta=1.0 adamw
,train,,,,,,,xent_beta-1_adamw_seed17,xent,adamw,1.0,0.517596605027599,6.537290573120117,0.0006945339199634405,1238.149333000183,2040.0,4179968.0,,0.7902725176686392,,,,,,,,,,,,,,,,,,,,,,,,,,,,,,2.2474560737609863,6.537290573120117,6.537290573120117,,,,,1.0,xent beta=1.0 adamw
,train,,,,,,,xent_beta-1_adamw_seed17,xent,adamw,1.0,0.5734430952608106,6.355066299438477,0.0006917986981106295,1244.9656224250793,2050.0,4200448.0,,0.7970207071731463,,,,,,,,,,,,,,,,,,,,,,,,,,,,,,2.305896759033203,6.355066299438477,6.355066299438477,,,,,1.0,xent beta=1.0 adamw
,train,,,,,,,xent_beta-1_adamw_seed17,xent,adamw,1.0,0.5159216780463423,6.509244441986084,0.0006890576474687264,1249.8334593772888,2060.0,4220928.0,,0.7946230290460589,,,,,,,,,,,,,,,,,,,,,,,,,,,,,,2.3748092651367188,6.509244441986084,6.509244441986084,,,,,1.0,xent beta=1.0 adamw
,train,,,,,,,xent_beta-1_adamw_seed17,xent,adamw,1.0,0.5100725453578855,6.466904163360596,0.0006863108807115874,1256.0928914546967,2070.0,4241408.0,,0.7943575387590645,,,,,,,,,,,,,,,,,,,,,,,,,,,,,,2.1371374130249023,6.466904163360596,6.466904163360596,,,,,1.0,xent beta=1.0 adamw
,train,,,,,,,xent_beta-1_adamw_seed17,xent,adamw,1.0,0.4564426420668212,6.318243026733398,0.0006835585107480358,1262.9957129955292,2080.0,4261888.0,,0.7660536802908836,,,,,,,,,,,,,,,,,,,,,,,,,,,,,,2.1439828872680664,6.318243026733398,6.318243026733398,,,,,1.0,xent beta=1.0 adamw
,train,,,,,,,xent_beta-1_adamw_seed17,xent,adamw,1.0,0.929333435659382,6.936527729034424,0.0006808006507172202,1268.7812027931213,2090.0,4282368.0,,0.8443597300877685,,,,,,,,,,,,,,,,,,,,,,,,,,,,,,3.0633273124694824,6.936527729034424,6.936527729034424,,,,,1.0,xent beta=1.0 adamw
,train,,,,,,,xent_beta-1_adamw_seed17,xent,adamw,1.0,1.0277202756380148,6.574321746826172,0.0006780374139839646,1277.6644394397736,2100.0,4302848.0,,0.9098459340403298,,,,,,,,,,,,,,,,,,,,,,,,,,,,,,2.732297897338867,6.574321746826172,6.574321746826172,,,,,1.0,xent beta=1.0 adamw
,eval,,,,,,,xent_beta-1_adamw_seed17,xent,adamw,1.0,,,,1277.6665496826172,2100.0,,,,0.2792101800441742,10681.2392578125,6.354541778564453,2.079387664794922,4.623555660247803,5.843421936035156,,,,2.241377115249634,10848.912109375,2436380.75,1227.8853759765625,6.5066609382629395,6.5066609382629395,0.9616809487342834,0.9616809487342834,0.2216796875,0.12212709337472916,0.1728515625,215.62985229492188,4.11316442489624,4.11316442489624,0.8355464935302734,1.2421875,0.19242222607135773,0.14453125,6.354541778564453,,,,,6.354541778564453,2.241377115249634,,,1.0,xent beta=1.0 adamw
,train,,,,,,,xent_beta-1_adamw_seed17,xent,adamw,1.0,0.5217830732578883,6.427019119262695,0.0006752689141341085,1282.9710137844086,2110.0,4323328.0,,0.8150144127179507,,,,,,,,,,,,,,,,,,,,,,,,,,,,,,2.216590166091919,6.427019119262695,6.427019119262695,,,,,1.0,xent beta=1.0 adamw
,train,,,,,,,xent_beta-1_adamw_seed17,xent,adamw,1.0,0.5449938243219784,6.34288215637207,0.000672495264969837,1287.8776133060455,2120.0,4343808.0,,0.7818998730658523,,,,,,,,,,,,,,,,,,,,,,,,,,,,,,2.3319199085235596,6.34288215637207,6.34288215637207,,,,,1.0,xent beta=1.0 adamw
,train,,,,,,,xent_beta-1_adamw_seed17,xent,adamw,1.0,0.6284824912158662,6.230327606201172,0.0006697165805050039,1293.6303250789642,2130.0,4364288.0,,0.744294224589213,,,,,,,,,,,,,,,,,,,,,,,,,,,,,,2.1765823364257812,6.230327606201172,6.230327606201172,,,,,1.0,xent beta=1.0 adamw
,train,,,,,,,xent_beta-1_adamw_seed17,xent,adamw,1.0,0.5609817868979275,6.573808670043945,0.0006669329749604438,1298.3474321365356,2140.0,4384768.0,,0.7505776274884315,,,,,,,,,,,,,,,,,,,,,,,,,,,,,,2.422382354736328,6.573808670043945,6.573808670043945,,,,,1.0,xent beta=1.0 adamw
,train,,,,,,,xent_beta-1_adamw_seed17,xent,adamw,1.0,0.6889667559766358,5.839277267456055,0.0006641445627592783,1305.3080821037292,2150.0,4405248.0,,0.768066610491737,,,,,,,,,,,,,,,,,,,,,,,,,,,,,,1.9673142433166504,5.839277267456055,5.839277267456055,,,,,1.0,xent beta=1.0 adamw
,train,,,,,,,xent_beta-1_adamw_seed17,xent,adamw,1.0,0.7180254305388791,6.3092427253723145,0.0006613514585222114,1312.3192932605743,2160.0,4425728.0,,0.8429460739133547,,,,,,,,,,,,,,,,,,,,,,,,,,,,,,2.4161429405212402,6.3092427253723145,6.3092427253723145,,,,,1.0,xent beta=1.0 adamw
,train,,,,,,,xent_beta-1_adamw_seed17,xent,adamw,1.0,0.5674457716431643,6.490756034851074,0.0006585537770628186,1319.993881702423,2170.0,4446208.0,,0.7832272101817128,,,,,,,,,,,,,,,,,,,,,,,,,,,,,,2.3829753398895264,6.490756034851074,6.490756034851074,,,,,1.0,xent beta=1.0 adamw
,train,,,,,,,xent_beta-1_adamw_seed17,xent,adamw,1.0,0.4928811110410723,6.258633613586426,0.0006557516333828269,1327.2632939815521,2180.0,4466688.0,,0.7105640289984368,,,,,,,,,,,,,,,,,,,,,,,,,,,,,,2.0210564136505127,6.258633613586426,6.258633613586426,,,,,1.0,xent beta=1.0 adamw
,train,,,,,,,xent_beta-1_adamw_seed17,xent,adamw,1.0,0.5030729710886295,6.154880046844482,0.0006529451426673875,1333.265956878662,2190.0,4487168.0,,0.7036536186907502,,,,,,,,,,,,,,,,,,,,,,,,,,,,,,2.0518622398376465,6.154880046844482,6.154880046844482,,,,,1.0,xent beta=1.0 adamw
,train,,,,,,,xent_beta-1_adamw_seed17,xent,adamw,1.0,0.5426529188216093,6.228045463562012,0.0006501344202803415,1338.9138042926788,2200.0,4507648.0,,0.7428121706139099,,,,,,,,,,,,,,,,,,,,,,,,,,,,,,2.305806875228882,6.228045463562012,6.228045463562012,,,,,1.0,xent beta=1.0 adamw
,eval,,,,,,,xent_beta-1_adamw_seed17,xent,adamw,1.0,,,,1338.9168450832367,2200.0,,,,0.27576538920402527,10680.8271484375,6.324863433837891,1.946314811706543,4.539348602294922,5.831209182739258,6.554889678955078,0.9393975102532953,0.399172413250095,2.2116990089416504,10844.05859375,2437047.5,1058.9896240234375,6.416111469268799,6.416111469268799,0.9633749127388,0.9633749127388,0.2216796875,0.11567367613315582,0.1708984375,215.62985229492188,4.11316442489624,4.11316442489624,0.8355464935302734,1.2421875,0.19242222607135773,0.14453125,6.324863433837891,,,,,6.324863433837891,2.2116990089416504,,,1.0,xent beta=1.0 adamw
,train,,,,,,,xent_beta-1_adamw_seed17,xent,adamw,1.0,0.6154995869373887,6.593676567077637,0.0006473195817594775,1345.3037927150726,2210.0,4528128.0,,0.741584597386016,,,,,,,,,,,,,,,,,,,,,,,,,,,,,,2.32584285736084,6.593676567077637,6.593676567077637,,,,,1.0,xent beta=1.0 adamw
,train,,,,,,,xent_beta-1_adamw_seed17,xent,adamw,1.0,0.5391986094634166,7.272509574890137,0.0006445007428117821,1349.970643043518,2220.0,4548608.0,,0.808976762188788,,,,,,,,,,,,,,,,,,,,,,,,,,,,,,2.3110599517822266,7.272509574890137,7.272509574890137,,,,,1.0,xent beta=1.0 adamw
,train,,,,,,,xent_beta-1_adamw_seed17,xent,adamw,1.0,0.6049241055021244,6.459758758544922,0.0006416780193086841,1355.9702625274658,2230.0,4569088.0,,0.7388375136303816,,,,,,,,,,,,,,,,,,,,,,,,,,,,,,2.3336684703826904,6.459758758544922,6.459758758544922,,,,,1.0,xent beta=1.0 adamw
,train,,,,,,,xent_beta-1_adamw_seed17,xent,adamw,1.0,0.5972106888218703,6.326287269592285,0.0006388515272812901,1362.6386504173279,2240.0,4589568.0,,0.7852444751406848,,,,,,,,,,,,,,,,,,,,,,,,,,,,,,2.3679275512695312,6.326287269592285,6.326287269592285,,,,,1.0,xent beta=1.0 adamw
,train,,,,,,,xent_beta-1_adamw_seed17,xent,adamw,1.0,0.46206991871395353,6.360565662384033,0.0006360213829156176,1367.7448263168335,2250.0,4610048.0,,0.7292310216861629,,,,,,,,,,,,,,,,,,,,,,,,,,,,,,2.172135353088379,6.360565662384033,6.360565662384033,,,,,1.0,xent beta=1.0 adamw
,train,,,,,,,xent_beta-1_adamw_seed17,xent,adamw,1.0,0.5469898594743732,6.387805461883545,0.0006331877025478159,1375.275621175766,2260.0,4630528.0,,0.7142148654820398,,,,,,,,,,,,,,,,,,,,,,,,,,,,,,2.104788064956665,6.387805461883545,6.387805461883545,,,,,1.0,xent beta=1.0 adamw
,train,,,,,,,xent_beta-1_adamw_seed17,xent,adamw,1.0,0.4918122771262669,6.588382244110107,0.0006303506026593865,1380.2942254543304,2270.0,4651008.0,,0.7178499167328106,,,,,,,,,,,,,,,,,,,,,,,,,,,,,,2.353231430053711,6.588382244110107,6.588382244110107,,,,,1.0,xent beta=1.0 adamw
,train,,,,,,,xent_beta-1_adamw_seed17,xent,adamw,1.0,0.5694508168016512,6.2449951171875,0.0006275101998723936,1386.7717733383179,2280.0,4671488.0,,0.7276875222073372,,,,,,,,,,,,,,,,,,,,,,,,,,,,,,2.240769147872925,6.2449951171875,6.2449951171875,,,,,1.0,xent beta=1.0 adamw
,train,,,,,,,xent_beta-1_adamw_seed17,xent,adamw,1.0,0.5418810380752117,6.1363444328308105,0.0006246666109446706,1393.0169641971588,2290.0,4691968.0,,0.7334565855794167,,,,,,,,,,,,,,,,,,,,,,,,,,,,,,2.1012520790100098,6.1363444328308105,6.1363444328308105,,,,,1.0,xent beta=1.0 adamw
,train,,,,,,,xent_beta-1_adamw_seed17,xent,adamw,1.0,0.6246078208017118,6.350588798522949,0.0006218199527650207,1400.4220674037933,2300.0,4712448.0,,0.7089700972517444,,,,,,,,,,,,,,,,,,,,,,,,,,,,,,2.261446714401245,6.350588798522949,6.350588798522949,,,,,1.0,xent beta=1.0 adamw
,eval,,,,,,,xent_beta-1_adamw_seed17,xent,adamw,1.0,,,,1400.4242508411407,2300.0,,,,0.2756783962249756,10680.1728515625,6.3486528396606445,1.8925150632858276,4.497419834136963,5.839559555053711,,,,2.2354884147644043,10845.8623046875,2436895.0,1154.5450439453125,6.442142486572266,6.442142486572266,0.9622639417648315,0.9622639417648315,0.2314453125,0.11697199195623398,0.17578125,215.62985229492188,4.11316442489624,4.11316442489624,0.8355464935302734,1.2421875,0.19242222607135773,0.14453125,6.3486528396606445,,,,,6.3486528396606445,2.2354884147644043,,,1.0,xent beta=1.0 adamw
,train,,,,,,,xent_beta-1_adamw_seed17,xent,adamw,1.0,0.518379670647752,6.466975212097168,0.0006189703423484121,1406.1267099380493,2310.0,4732928.0,,0.6835369852498661,,,,,,,,,,,,,,,,,,,,,,,,,,,,,,2.1037240028381348,6.466975212097168,6.466975212097168,,,,,1.0,xent beta=1.0 adamw
,train,,,,,,,xent_beta-1_adamw_seed17,xent,adamw,1.0,0.5768257161362965,6.14742374420166,0.0006161178968311681,1412.9529557228088,2320.0,4753408.0,,0.6989317709452236,,,,,,,,,,,,,,,,,,,,,,,,,,,,,,2.088244915008545,6.14742374420166,6.14742374420166,,,,,1.0,xent beta=1.0 adamw
,train,,,,,,,xent_beta-1_adamw_seed17,xent,adamw,1.0,0.7638937268796514,6.96763277053833,0.0006132627334661513,1421.0504393577576,2330.0,4773888.0,,0.7477249685469832,,,,,,,,,,,,,,,,,,,,,,,,,,,,,,2.6216788291931152,6.96763277053833,6.96763277053833,,,,,1.0,xent beta=1.0 adamw
,train,,,,,,,xent_beta-1_adamw_seed17,xent,adamw,1.0,0.6556805279747933,6.607124328613281,0.000610404969617945,1426.8522818088531,2340.0,4794368.0,,0.7159258242086934,,,,,,,,,,,,,,,,,,,,,,,,,,,,,,2.4871997833251953,6.607124328613281,6.607124328613281,,,,,1.0,xent beta=1.0 adamw
,train,,,,,,,xent_beta-1_adamw_seed17,xent,adamw,1.0,0.7132554719929269,6.791027069091797,0.0006075447227580277,1431.7680349349976,2350.0,4814848.0,,0.7852647597611615,,,,,,,,,,,,,,,,,,,,,,,,,,,,,,2.2829980850219727,6.791027069091797,6.791027069091797,,,,,1.0,xent beta=1.0 adamw
,train,,,,,,,xent_beta-1_adamw_seed17,xent,adamw,1.0,0.5066132846158942,6.287772178649902,0.0006046821104599453,1437.3469216823578,2360.0,4835328.0,,0.7356091254077128,,,,,,,,,,,,,,,,,,,,,,,,,,,,,,2.2004454135894775,6.287772178649902,6.287772178649902,,,,,1.0,xent beta=1.0 adamw
,train,,,,,,,xent_beta-1_adamw_seed17,xent,adamw,1.0,0.46927464372768724,6.2325334548950195,0.0006018172503944768,1443.1645679473877,2370.0,4855808.0,,0.656729952058108,,,,,,,,,,,,,,,,,,,,,,,,,,,,,,2.042947769165039,6.2325334548950195,6.2325334548950195,,,,,1.0,xent beta=1.0 adamw
,train,,,,,,,xent_beta-1_adamw_seed17,xent,adamw,1.0,0.5172913267462362,6.353970527648926,0.0005989502603247989,1449.2342309951782,2380.0,4876288.0,,0.7455912267639095,,,,,,,,,,,,,,,,,,,,,,,,,,,,,,1.7088292837142944,6.353970527648926,6.353970527648926,,,,,1.0,xent beta=1.0 adamw
,train,,,,,,,xent_beta-1_adamw_seed17,xent,adamw,1.0,1.0558272694011017,6.841573715209961,0.0005960812581016442,1455.45006108284,2390.0,4896768.0,,1.120790016889692,,,,,,,,,,,,,,,,,,,,,,,,,,,,,,3.1387314796447754,6.841573715209961,6.841573715209961,,,,,1.0,xent beta=1.0 adamw
,train,,,,,,,xent_beta-1_adamw_seed17,xent,adamw,1.0,0.6565217230604594,6.36151123046875,0.0005932103616584568,1458.7524807453156,2400.0,4917248.0,,0.9624011896573031,,,,,,,,,,,,,,,,,,,,,,,,,,,,,,2.287649154663086,6.36151123046875,6.36151123046875,,,,,1.0,xent beta=1.0 adamw
,eval,,,,,,,xent_beta-1_adamw_seed17,xent,adamw,1.0,,,,1458.7544949054718,2400.0,,,,0.27863675355911255,10676.8408203125,6.357659816741943,2.005871057510376,4.606535911560059,5.840737342834473,6.375134468078613,0.9609463214864657,0.3914111787917979,2.244495391845703,10844.5244140625,2436718.75,1244.332275390625,6.556097030639648,6.556097030639648,0.9617855548858643,0.9617855548858643,0.2080078125,0.12056997418403625,0.169921875,215.62985229492188,4.11316442489624,4.11316442489624,0.8355464935302734,1.2421875,0.19242222607135773,0.14453125,6.357659816741943,,,,,6.357659816741943,2.244495391845703,,,1.0,xent beta=1.0 adamw
,train,,,,,,,xent_beta-1_adamw_seed17,xent,adamw,1.0,0.8190598470111686,6.56875467300415,0.0005903376890065452,1464.19428896904,2410.0,4937728.0,,0.7586728118793177,,,,,,,,,,,,,,,,,,,,,,,,,,,,,,2.3532028198242188,6.56875467300415,6.56875467300415,,,,,1.0,xent beta=1.0 adamw
,train,,,,,,,xent_beta-1_adamw_seed17,xent,adamw,1.0,0.5735746912718185,6.495220184326172,0.0005874633582302302,1469.2304773330688,2420.0,4958208.0,,0.6827597190691573,,,,,,,,,,,,,,,,,,,,,,,,,,,,,,2.2578248977661133,6.495220184326172,6.495220184326172,,,,,1.0,xent beta=1.0 adamw
,train,,,,,,,xent_beta-1_adamw_seed17,xent,adamw,1.0,0.5342898882314784,7.2449445724487305,0.0005845874874819925,1474.44522690773,2430.0,4978688.0,,0.6451433304434451,,,,,,,,,,,,,,,,,,,,,,,,,,,,,,2.2063965797424316,7.2449445724487305,7.2449445724487305,,,,,1.0,xent beta=1.0 adamw
,train,,,,,,,xent_beta-1_adamw_seed17,xent,adamw,1.0,0.6399856370586767,6.32899284362793,0.0005817101949776143,1481.120552778244,2440.0,4999168.0,,0.6622864745189545,,,,,,,,,,,,,,,,,,,,,,,,,,,,,,1.8993725776672363,6.32899284362793,6.32899284362793,,,,,1.0,xent beta=1.0 adamw
,train,,,,,,,xent_beta-1_adamw_seed17,xent,adamw,1.0,0.5396305919784544,6.332189559936523,0.0005788315989913209,1489.0107390880585,2450.0,5019648.0,,0.6502720990058866,,,,,,,,,,,,,,,,,,,,,,,,,,,,,,2.204704761505127,6.332189559936523,6.332189559936523,,,,,1.0,xent beta=1.0 adamw
,train,,,,,,,xent_beta-1_adamw_seed17,xent,adamw,1.0,0.5171725373536609,6.40383243560791,0.0005759518178509185,1495.1619355678558,2460.0,5040128.0,,0.6193584571414381,,,,,,,,,,,,,,,,,,,,,,,,,,,,,,2.13612699508667,6.40383243560791,6.40383243560791,,,,,1.0,xent beta=1.0 adamw
,train,,,,,,,xent_beta-1_adamw_seed17,xent,adamw,1.0,0.6192550526496253,6.420794486999512,0.0005730709699329306,1500.770456314087,2470.0,5060608.0,,0.6297281399829395,,,,,,,,,,,,,,,,,,,,,,,,,,,,,,2.151515483856201,6.420794486999512,6.420794486999512,,,,,1.0,xent beta=1.0 adamw
,train,,,,,,,xent_beta-1_adamw_seed17,xent,adamw,1.0,0.5082398802943291,6.427619457244873,0.0005701891736577318,1505.7933359146118,2480.0,5081088.0,,0.6546348438918023,,,,,,,,,,,,,,,,,,,,,,,,,,,,,,2.2277371883392334,6.427619457244873,6.427619457244873,,,,,1.0,xent beta=1.0 adamw
,train,,,,,,,xent_beta-1_adamw_seed17,xent,adamw,1.0,0.543329150851809,6.489721298217773,0.0005673065474846793,1513.4878811836243,2490.0,5101568.0,,0.6613146613905216,,,,,,,,,,,,,,,,,,,,,,,,,,,,,,2.114137649536133,6.489721298217773,6.489721298217773,,,,,1.0,xent beta=1.0 adamw
,train,,,,,,,xent_beta-1_adamw_seed17,xent,adamw,1.0,0.5967743971033669,6.381656646728516,0.0005644232099072449,1517.5747542381287,2500.0,5122048.0,,0.6306138428816298,,,,,,,,,,,,,,,,,,,,,,,,,,,,,,2.2648487091064453,6.381656646728516,6.381656646728516,,,,,1.0,xent beta=1.0 adamw
,eval,,,,,,,xent_beta-1_adamw_seed17,xent,adamw,1.0,,,,1517.5770778656006,2500.0,,,,0.272712379693985,10679.259765625,6.258491516113281,1.8775954246520996,4.523551940917969,5.7357177734375,,,,2.145327091217041,10845.7470703125,2437008.25,1247.5552978515625,6.5462541580200195,6.5462541580200195,0.9618967771530151,0.9618967771530151,0.2373046875,0.11588029563426971,0.18359375,215.62985229492188,4.11316442489624,4.11316442489624,0.8355464935302734,1.2421875,0.19242222607135773,0.14453125,6.258491516113281,,,,,6.258491516113281,2.145327091217041,,,1.0,xent beta=1.0 adamw
,train,,,,,,,xent_beta-1_adamw_seed17,xent,adamw,1.0,0.5763311404702579,6.312039375305176,0.000561539279448143,1523.1302285194397,2510.0,5142528.0,,0.7279403104460719,,,,,,,,,,,,,,,,,,,,,,,,,,,,,,2.1601552963256836,6.312039375305176,6.312039375305176,,,,,1.0,xent beta=1.0 adamw
,train,,,,,,,xent_beta-1_adamw_seed17,xent,adamw,1.0,0.7170909975489743,6.508923530578613,0.0005586548746544592,1529.42325258255,2520.0,5163008.0,,0.7703872466909438,,,,,,,,,,,,,,,,,,,,,,,,,,,,,,2.2387378215789795,6.508923530578613,6.508923530578613,,,,,1.0,xent beta=1.0 adamw
,train,,,,,,,xent_beta-1_adamw_seed17,xent,adamw,1.0,0.6295187149394084,5.9491353034973145,0.0005557701140927774,1534.2322034835815,2530.0,5183488.0,,0.666764174079928,,,,,,,,,,,,,,,,,,,,,,,,,,,,,,2.0750691890716553,5.9491353034973145,5.9491353034973145,,,,,1.0,xent beta=1.0 adamw
,train,,,,,,,xent_beta-1_adamw_seed17,xent,adamw,1.0,0.6146462016427685,6.701382637023926,0.0005528851163443051,1540.8105037212372,2540.0,5203968.0,,0.6363454340781458,,,,,,,,,,,,,,,,,,,,,,,,,,,,,,2.230175256729126,6.701382637023926,6.701382637023926,,,,,1.0,xent beta=1.0 adamw
,train,,,,,,,xent_beta-1_adamw_seed17,xent,adamw,1.0,0.511633808753331,6.424007415771484,0.00055,1547.9215319156647,2550.0,5224448.0,,0.6208515486188602,,,,,,,,,,,,,,,,,,,,,,,,,,,,,,2.1429858207702637,6.424007415771484,6.424007415771484,,,,,1.0,xent beta=1.0 adamw
,train,,,,,,,xent_beta-1_adamw_seed17,xent,adamw,1.0,0.5297969601623422,6.062049865722656,0.0005471148836556951,1553.1841671466827,2560.0,5244928.0,,0.6098358578066673,,,,,,,,,,,,,,,,,,,,,,,,,,,,,,2.0493688583374023,6.062049865722656,6.062049865722656,,,,,1.0,xent beta=1.0 adamw
,train,,,,,,,xent_beta-1_adamw_seed17,xent,adamw,1.0,0.5073601071301564,6.179266452789307,0.0005442298859072227,1557.6823456287384,2570.0,5265408.0,,0.6205797297338383,,,,,,,,,,,,,,,,,,,,,,,,,,,,,,2.118499279022217,6.179266452789307,6.179266452789307,,,,,1.0,xent beta=1.0 adamw
,train,,,,,,,xent_beta-1_adamw_seed17,xent,adamw,1.0,0.5662280805895031,6.613914489746094,0.0005413451253455408,1567.2268674373627,2580.0,5285888.0,,0.6361486455766806,,,,,,,,,,,,,,,,,,,,,,,,,,,,,,2.2166810035705566,6.613914489746094,6.613914489746094,,,,,1.0,xent beta=1.0 adamw
,train,,,,,,,xent_beta-1_adamw_seed17,xent,adamw,1.0,0.5592558215494783,6.275927543640137,0.0005384607205518572,1576.660302400589,2590.0,5306368.0,,0.6164029098487632,,,,,,,,,,,,,,,,,,,,,,,,,,,,,,2.1963133811950684,6.275927543640137,6.275927543640137,,,,,1.0,xent beta=1.0 adamw
,train,,,,,,,xent_beta-1_adamw_seed17,xent,adamw,1.0,0.6027540981268841,6.499172687530518,0.0005355767900927552,1585.057471036911,2600.0,5326848.0,,0.6360860982619305,,,,,,,,,,,,,,,,,,,,,,,,,,,,,,2.3934762477874756,6.499172687530518,6.499172687530518,,,,,1.0,xent beta=1.0 adamw
,eval,,,,,,,xent_beta-1_adamw_seed17,xent,adamw,1.0,,,,1585.0595977306366,2600.0,,,,0.2742822766304016,10681.0712890625,6.277575969696045,1.950949788093567,4.54987907409668,5.791957855224609,6.351171493530273,0.9567528937302138,0.39135791556294214,2.1644115447998047,10846.5419921875,2437180.5,1160.2275390625,6.4903340339660645,6.4903340339660645,0.9637395143508911,0.9637395143508911,0.2158203125,0.11597630381584167,0.1708984375,215.62985229492188,4.11316442489624,4.11316442489624,0.8355464935302734,1.2421875,0.19242222607135773,0.14453125,6.277575969696045,,,,,6.277575969696045,2.1644115447998047,,,1.0,xent beta=1.0 adamw
,train,,,,,,,xent_beta-1_adamw_seed17,xent,adamw,1.0,0.5525778928195039,6.479178428649902,0.0005326934525153208,1592.4812264442444,2610.0,5347328.0,,0.6046908900432935,,,,,,,,,,,,,,,,,,,,,,,,,,,,,,2.2033872604370117,6.479178428649902,6.479178428649902,,,,,1.0,xent beta=1.0 adamw
,train,,,,,,,xent_beta-1_adamw_seed17,xent,adamw,1.0,0.5195151183730571,6.181089878082275,0.0005298108263422685,1599.4915254116058,2620.0,5367808.0,,0.6215369069422562,,,,,,,,,,,,,,,,,,,,,,,,,,,,,,2.111239433288574,6.181089878082275,6.181089878082275,,,,,1.0,xent beta=1.0 adamw
,train,,,,,,,xent_beta-1_adamw_seed17,xent,adamw,1.0,0.6382350980680817,6.525996208190918,0.0005269290300670695,1603.621521949768,2630.0,5388288.0,,0.6644942594768604,,,,,,,,,,,,,,,,,,,,,,,,,,,,,,2.3155503273010254,6.525996208190918,6.525996208190918,,,,,1.0,xent beta=1.0 adamw
,train,,,,,,,xent_beta-1_adamw_seed17,xent,adamw,1.0,0.509537922749994,6.271653175354004,0.0005240481821490816,1610.3630616664886,2640.0,5408768.0,,0.6193775361423158,,,,,,,,,,,,,,,,,,,,,,,,,,,,,,2.1706321239471436,6.271653175354004,6.271653175354004,,,,,1.0,xent beta=1.0 adamw
,train,,,,,,,xent_beta-1_adamw_seed17,xent,adamw,1.0,0.48987579636414896,6.543421745300293,0.0005211684010086792,1616.2459166049957,2650.0,5429248.0,,0.582087946053028,,,,,,,,,,,,,,,,,,,,,,,,,,,,,,2.112349510192871,6.543421745300293,6.543421745300293,,,,,1.0,xent beta=1.0 adamw
,train,,,,,,,xent_beta-1_adamw_seed17,xent,adamw,1.0,0.5215239979579198,6.070163726806641,0.0005182898050223858,1621.4873712062836,2660.0,5449728.0,,0.5901838386134468,,,,,,,,,,,,,,,,,,,,,,,,,,,,,,1.9928560256958008,6.070163726806641,6.070163726806641,,,,,1.0,xent beta=1.0 adamw
,train,,,,,,,xent_beta-1_adamw_seed17,xent,adamw,1.0,0.5044141551217292,6.245195388793945,0.0005154125125180076,1626.1205639839172,2670.0,5470208.0,,0.5960127473795074,,,,,,,,,,,,,,,,,,,,,,,,,,,,,,2.0525903701782227,6.245195388793945,6.245195388793945,,,,,1.0,xent beta=1.0 adamw
,train,,,,,,,xent_beta-1_adamw_seed17,xent,adamw,1.0,0.5490560095708952,6.116744041442871,0.0005125366417697699,1632.3454723358154,2680.0,5490688.0,,0.5726751226456139,,,,,,,,,,,,,,,,,,,,,,,,,,,,,,1.999435305595398,6.116744041442871,6.116744041442871,,,,,1.0,xent beta=1.0 adamw
,train,,,,,,,xent_beta-1_adamw_seed17,xent,adamw,1.0,0.6005184268247268,6.497282028198242,0.000509662310993455,1638.1444449424744,2690.0,5511168.0,,0.5782385870399663,,,,,,,,,,,,,,,,,,,,,,,,,,,,,,2.2713372707366943,6.497282028198242,6.497282028198242,,,,,1.0,xent beta=1.0 adamw
,train,,,,,,,xent_beta-1_adamw_seed17,xent,adamw,1.0,0.5656074112499225,6.290853500366211,0.0005067896383415433,1645.6757376194,2700.0,5531648.0,,0.6097901550470018,,,,,,,,,,,,,,,,,,,,,,,,,,,,,,2.1551716327667236,6.290853500366211,6.290853500366211,,,,,1.0,xent beta=1.0 adamw
,eval,,,,,,,xent_beta-1_adamw_seed17,xent,adamw,1.0,,,,1645.6778581142426,2700.0,,,,0.27638939023017883,10675.37890625,6.272072792053223,1.9830626249313354,4.419317245483398,5.743242263793945,,,,2.1589083671569824,10834.9970703125,2437771.5,959.388427734375,6.248541355133057,6.248541355133057,0.9579393863677979,0.9579393863677979,0.234375,0.13108479976654053,0.17578125,215.62985229492188,4.11316442489624,4.11316442489624,0.8355464935302734,1.2421875,0.19242222607135773,0.14453125,6.272072792053223,,,,,6.272072792053223,2.1589083671569824,,,1.0,xent beta=1.0 adamw
,train,,,,,,,xent_beta-1_adamw_seed17,xent,adamw,1.0,0.6296713979381257,6.049949645996094,0.0005039187418983559,1650.501440525055,2710.0,5552128.0,,0.5734353350651851,,,,,,,,,,,,,,,,,,,,,,,,,,,,,,2.074437141418457,6.049949645996094,6.049949645996094,,,,,1.0,xent beta=1.0 adamw
,train,,,,,,,xent_beta-1_adamw_seed17,xent,adamw,1.0,0.8298700651778388,6.3983154296875,0.0005010497396752011,1656.0039978027344,2720.0,5572608.0,,0.6530206133801849,,,,,,,,,,,,,,,,,,,,,,,,,,,,,,2.5532665252685547,6.3983154296875,6.3983154296875,,,,,1.0,xent beta=1.0 adamw
,train,,,,,,,xent_beta-1_adamw_seed17,xent,adamw,1.0,0.7096371479490401,6.312085151672363,0.0004981827496055234,1662.5363402366638,2730.0,5593088.0,,0.6175824639080526,,,,,,,,,,,,,,,,,,,,,,,,,,,,,,2.3383846282958984,6.312085151672363,6.312085151672363,,,,,1.0,xent beta=1.0 adamw
,train,,,,,,,xent_beta-1_adamw_seed17,xent,adamw,1.0,0.5435991522678179,6.222075462341309,0.0004953178895400549,1668.3177716732025,2740.0,5613568.0,,0.5605407487813873,,,,,,,,,,,,,,,,,,,,,,,,,,,,,,2.1111764907836914,6.222075462341309,6.222075462341309,,,,,1.0,xent beta=1.0 adamw
,train,,,,,,,xent_beta-1_adamw_seed17,xent,adamw,1.0,0.49244909126706676,6.312926769256592,0.0004924552772419723,1674.2018072605133,2750.0,5634048.0,,0.563164401665685,,,,,,,,,,,,,,,,,,,,,,,,,,,,,,2.079737424850464,6.312926769256592,6.312926769256592,,,,,1.0,xent beta=1.0 adamw
,train,,,,,,,xent_beta-1_adamw_seed17,xent,adamw,1.0,0.5423240663430192,6.3763275146484375,0.0004895950303820552,1682.050253868103,2760.0,5654528.0,,0.5469218102053067,,,,,,,,,,,,,,,,,,,,,,,,,,,,,,2.0847864151000977,6.3763275146484375,6.3763275146484375,,,,,1.0,xent beta=1.0 adamw
,train,,,,,,,xent_beta-1_adamw_seed17,xent,adamw,1.0,0.5663850225666724,6.216882228851318,0.00048673726653384886,1687.319176197052,2770.0,5675008.0,,0.5421478765910401,,,,,,,,,,,,,,,,,,,,,,,,,,,,,,2.0612449645996094,6.216882228851318,6.216882228851318,,,,,1.0,xent beta=1.0 adamw
,train,,,,,,,xent_beta-1_adamw_seed17,xent,adamw,1.0,0.5128830385149797,6.114333629608154,0.00048388210316883197,1693.510474205017,2780.0,5695488.0,,0.5497538794704324,,,,,,,,,,,,,,,,,,,,,,,,,,,,,,2.055845260620117,6.114333629608154,6.114333629608154,,,,,1.0,xent beta=1.0 adamw
,train,,,,,,,xent_beta-1_adamw_seed17,xent,adamw,1.0,0.5371563349848362,6.082664966583252,0.0004810296576515878,1700.2148838043213,2790.0,5715968.0,,0.5633428596599606,,,,,,,,,,,,,,,,,,,,,,,,,,,,,,1.9830490350723267,6.082664966583252,6.082664966583252,,,,,1.0,xent beta=1.0 adamw
,train,,,,,,,xent_beta-1_adamw_seed17,xent,adamw,1.0,0.5255362407165967,6.234226703643799,0.0004781800472349794,1704.6369502544403,2800.0,5736448.0,,0.5462205755063634,,,,,,,,,,,,,,,,,,,,,,,,,,,,,,2.0850820541381836,6.234226703643799,6.234226703643799,,,,,1.0,xent beta=1.0 adamw
,eval,,,,,,,xent_beta-1_adamw_seed17,xent,adamw,1.0,,,,1704.639262676239,2800.0,,,,0.2722245454788208,10677.0166015625,6.237688064575195,1.9585477113723755,4.526223659515381,5.744784832000732,6.377779483795166,0.9520212979319886,0.3925871124963531,2.124523878097534,10842.3486328125,2437299.25,1158.871826171875,6.479948043823242,6.479948043823242,0.9603327512741089,0.9603327512741089,0.2265625,0.12277701497077942,0.173828125,215.62985229492188,4.11316442489624,4.11316442489624,0.8355464935302734,1.2421875,0.19242222607135773,0.14453125,6.237688064575195,,,,,6.237688064575195,2.124523878097534,,,1.0,xent beta=1.0 adamw
,train,,,,,,,xent_beta-1_adamw_seed17,xent,adamw,1.0,0.5061264561518426,6.273745059967041,0.00047533338905532966,1709.0072429180145,2810.0,5756928.0,,0.5450622611072358,,,,,,,,,,,,,,,,,,,,,,,,,,,,,,2.2341175079345703,6.273745059967041,6.273745059967041,,,,,1.0,xent beta=1.0 adamw
,train,,,,,,,xent_beta-1_adamw_seed17,xent,adamw,1.0,0.4842312096244419,6.4458231925964355,0.00047248980012760657,1714.3294410705566,2820.0,5777408.0,,0.5279317201456273,,,,,,,,,,,,,,,,,,,,,,,,,,,,,,2.15366530418396,6.4458231925964355,6.4458231925964355,,,,,1.0,xent beta=1.0 adamw
,train,,,,,,,xent_beta-1_adamw_seed17,xent,adamw,1.0,0.5538054211321717,6.083946704864502,0.0004696493973406135,1719.6563756465912,2830.0,5797888.0,,0.5426951133051624,,,,,,,,,,,,,,,,,,,,,,,,,,,,,,2.05287504196167,6.083946704864502,6.083946704864502,,,,,1.0,xent beta=1.0 adamw
,train,,,,,,,xent_beta-1_adamw_seed17,xent,adamw,1.0,0.5124213935886988,6.489260673522949,0.00046681229745218413,1728.3155679702759,2840.0,5818368.0,,0.5232812819451024,,,,,,,,,,,,,,,,,,,,,,,,,,,,,,2.2186508178710938,6.489260673522949,6.489260673522949,,,,,1.0,xent beta=1.0 adamw
,train,,,,,,,xent_beta-1_adamw_seed17,xent,adamw,1.0,0.5780513220137374,6.475643157958984,0.0004639786170843826,1734.529011964798,2850.0,5838848.0,,0.5456048788097222,,,,,,,,,,,,,,,,,,,,,,,,,,,,,,2.249584197998047,6.475643157958984,6.475643157958984,,,,,1.0,xent beta=1.0 adamw
,train,,,,,,,xent_beta-1_adamw_seed17,xent,adamw,1.0,0.6130162972069714,6.49726676940918,0.00046114847271870986,1740.4999680519104,2860.0,5859328.0,,0.5406323821025826,,,,,,,,,,,,,,,,,,,,,,,,,,,,,,2.1446681022644043,6.49726676940918,6.49726676940918,,,,,1.0,xent beta=1.0 adamw
,train,,,,,,,xent_beta-1_adamw_seed17,xent,adamw,1.0,0.5344976654915373,6.170234680175781,0.00045832198069131606,1746.4796648025513,2870.0,5879808.0,,0.5722191602405529,,,,,,,,,,,,,,,,,,,,,,,,,,,,,,2.1027417182922363,6.170234680175781,6.170234680175781,,,,,1.0,xent beta=1.0 adamw
,train,,,,,,,xent_beta-1_adamw_seed17,xent,adamw,1.0,0.5586709976612436,6.020838260650635,0.0004554992571882178,1752.1408116817474,2880.0,5900288.0,,0.5354981228710186,,,,,,,,,,,,,,,,,,,,,,,,,,,,,,2.002711296081543,6.020838260650635,6.020838260650635,,,,,1.0,xent beta=1.0 adamw
,train,,,,,,,xent_beta-1_adamw_seed17,xent,adamw,1.0,0.535236152807034,6.253718852996826,0.0004526804182405224,1757.7252082824707,2890.0,5920768.0,,0.5515838528184758,,,,,,,,,,,,,,,,,,,,,,,,,,,,,,2.1684556007385254,6.253718852996826,6.253718852996826,,,,,1.0,xent beta=1.0 adamw
,train,,,,,,,xent_beta-1_adamw_seed17,xent,adamw,1.0,0.5861397738059709,6.52852201461792,0.0004498655797196586,1764.320776939392,2900.0,5941248.0,,0.5367251409528591,,,,,,,,,,,,,,,,,,,,,,,,,,,,,,2.2503230571746826,6.52852201461792,6.52852201461792,,,,,1.0,xent beta=1.0 adamw
,eval,,,,,,,xent_beta-1_adamw_seed17,xent,adamw,1.0,,,,1764.3229930400848,2900.0,,,,0.27671098709106445,10678.3974609375,6.253373146057129,2.0591673851013184,4.51408576965332,5.754999160766602,,,,2.1402087211608887,10840.271484375,2437737.5,939.53564453125,6.261465072631836,6.261465072631836,0.9566959142684937,0.9566959142684937,0.2021484375,0.13191922008991241,0.1767578125,215.62985229492188,4.11316442489624,4.11316442489624,0.8355464935302734,1.2421875,0.19242222607135773,0.14453125,6.253373146057129,,,,,6.253373146057129,2.1402087211608887,,,1.0,xent beta=1.0 adamw
,train,,,,,,,xent_beta-1_adamw_seed17,xent,adamw,1.0,0.5395976736400243,6.421822547912598,0.0004470548573326126,1772.0500247478485,2910.0,5961728.0,,0.534057185290792,,,,,,,,,,,,,,,,,,,,,,,,,,,,,,2.190223217010498,6.421822547912598,6.421822547912598,,,,,1.0,xent beta=1.0 adamw
,train,,,,,,,xent_beta-1_adamw_seed17,xent,adamw,1.0,0.4766427394314386,6.087708473205566,0.00044424836661717315,1780.9430131912231,2920.0,5982208.0,,0.4928688981206867,,,,,,,,,,,,,,,,,,,,,,,,,,,,,,1.9269866943359375,6.087708473205566,6.087708473205566,,,,,1.0,xent beta=1.0 adamw
,train,,,,,,,xent_beta-1_adamw_seed17,xent,adamw,1.0,0.899165762297695,6.691568374633789,0.00044144622293718137,1787.6054289340973,2930.0,6002688.0,,0.5048461818967387,,,,,,,,,,,,,,,,,,,,,,,,,,,,,,2.376333713531494,6.691568374633789,6.691568374633789,,,,,1.0,xent beta=1.0 adamw
,train,,,,,,,xent_beta-1_adamw_seed17,xent,adamw,1.0,0.6029057357170738,6.055478572845459,0.00043864854147778864,1794.6133487224579,2940.0,6023168.0,,0.4804658782133016,,,,,,,,,,,,,,,,,,,,,,,,,,,,,,1.9738385677337646,6.055478572845459,6.055478572845459,,,,,1.0,xent beta=1.0 adamw
,train,,,,,,,xent_beta-1_adamw_seed17,xent,adamw,1.0,0.6354580094532895,6.311049461364746,0.00043585543724072173,1799.5505170822144,2950.0,6043648.0,,0.49356452879555174,,,,,,,,,,,,,,,,,,,,,,,,,,,,,,2.1703319549560547,6.311049461364746,6.311049461364746,,,,,1.0,xent beta=1.0 adamw
,train,,,,,,,xent_beta-1_adamw_seed17,xent,adamw,1.0,0.5297018771799125,6.249763488769531,0.0004330670250395563,1806.549281835556,2960.0,6064128.0,,0.4927368554588086,,,,,,,,,,,,,,,,,,,,,,,,,,,,,,2.190343141555786,6.249763488769531,6.249763488769531,,,,,1.0,xent beta=1.0 adamw
,train,,,,,,,xent_beta-1_adamw_seed17,xent,adamw,1.0,0.6382800206768244,6.294624328613281,0.00043028341949499625,1811.9778985977173,2970.0,6084608.0,,0.4942341914848816,,,,,,,,,,,,,,,,,,,,,,,,,,,,,,2.1544060707092285,6.294624328613281,6.294624328613281,,,,,1.0,xent beta=1.0 adamw
,train,,,,,,,xent_beta-1_adamw_seed17,xent,adamw,1.0,0.6250366052517824,6.328387260437012,0.0004275047350301631,1818.984380722046,2980.0,6105088.0,,0.48827112506635895,,,,,,,,,,,,,,,,,,,,,,,,,,,,,,2.041959762573242,6.328387260437012,6.328387260437012,,,,,1.0,xent beta=1.0 adamw
,train,,,,,,,xent_beta-1_adamw_seed17,xent,adamw,1.0,0.5426458497563817,6.26392936706543,0.0004247310858658916,1825.1612918376923,2990.0,6125568.0,,0.4889195103322383,,,,,,,,,,,,,,,,,,,,,,,,,,,,,,2.117687702178955,6.26392936706543,6.26392936706543,,,,,1.0,xent beta=1.0 adamw
,train,,,,,,,xent_beta-1_adamw_seed17,xent,adamw,1.0,0.5297693460419337,6.366329193115234,0.00042196258601603546,1831.2497401237488,3000.0,6146048.0,,0.48553230326953034,,,,,,,,,,,,,,,,,,,,,,,,,,,,,,2.127882957458496,6.366329193115234,6.366329193115234,,,,,1.0,xent beta=1.0 adamw
,eval,,,,,,,xent_beta-1_adamw_seed17,xent,adamw,1.0,,,,1831.2520785331726,3000.0,,,,0.27257853746414185,10679.90625,6.218836784362793,1.9944510459899902,4.620677947998047,5.729010581970215,6.694159984588623,0.9270040349357416,0.39750783413702107,2.105672597885132,10844.3916015625,2437124.0,1115.44921875,6.452337265014648,6.452337265014648,0.9638915061950684,0.9638915061950684,0.2080078125,0.11339151859283447,0.1767578125,215.62985229492188,4.11316442489624,4.11316442489624,0.8355464935302734,1.2421875,0.19242222607135773,0.14453125,6.218836784362793,,,,,6.218836784362793,2.105672597885132,,,1.0,xent beta=1.0 adamw
,train,,,,,,,xent_beta-1_adamw_seed17,xent,adamw,1.0,0.576442098297534,5.995863914489746,0.00041919934928277993,1836.425312280655,3010.0,6166528.0,,0.4693441289251907,,,,,,,,,,,,,,,,,,,,,,,,,,,,,,2.0352821350097656,5.995863914489746,5.995863914489746,,,,,1.0,xent beta=1.0 adamw
,train,,,,,,,xent_beta-1_adamw_seed17,xent,adamw,1.0,1.2428318129118416,6.94012451171875,0.0004164414892519642,1841.560097694397,3020.0,6187008.0,,0.508280676090471,,,,,,,,,,,,,,,,,,,,,,,,,,,,,,2.48393177986145,6.94012451171875,6.94012451171875,,,,,1.0,xent beta=1.0 adamw
,train,,,,,,,xent_beta-1_adamw_seed17,xent,adamw,1.0,0.7048766105001594,5.982397079467773,0.00041368911928841255,1848.2632067203522,3030.0,6207488.0,,0.4997590578149369,,,,,,,,,,,,,,,,,,,,,,,,,,,,,,1.8855867385864258,5.982397079467773,5.982397079467773,,,,,1.0,xent beta=1.0 adamw
,train,,,,,,,xent_beta-1_adamw_seed17,xent,adamw,1.0,0.6239217277017285,6.039691925048828,0.0004109423525312738,1853.9224381446838,3040.0,6227968.0,,0.5017215437081921,,,,,,,,,,,,,,,,,,,,,,,,,,,,,,2.0724761486053467,6.039691925048828,6.039691925048828,,,,,1.0,xent beta=1.0 adamw
,train,,,,,,,xent_beta-1_adamw_seed17,xent,adamw,1.0,0.5560534249720626,6.308999538421631,0.0004082013018893708,1860.8247933387756,3050.0,6248448.0,,0.5165188171453375,,,,,,,,,,,,,,,,,,,,,,,,,,,,,,2.143672227859497,6.308999538421631,6.308999538421631,,,,,1.0,xent beta=1.0 adamw
,train,,,,,,,xent_beta-1_adamw_seed17,xent,adamw,1.0,0.511379245338541,5.937075138092041,0.0004054660800365595,1869.7022352218628,3060.0,6268928.0,,0.48036893836637795,,,,,,,,,,,,,,,,,,,,,,,,,,,,,,1.9608170986175537,5.937075138092041,5.937075138092041,,,,,1.0,xent beta=1.0 adamw
,train,,,,,,,xent_beta-1_adamw_seed17,xent,adamw,1.0,0.5496797222517601,6.338756561279297,0.0004027367994070974,1878.030436515808,3070.0,6289408.0,,0.5010849545348255,,,,,,,,,,,,,,,,,,,,,,,,,,,,,,2.1534922122955322,6.338756561279297,6.338756561279297,,,,,1.0,xent beta=1.0 adamw
,train,,,,,,,xent_beta-1_adamw_seed17,xent,adamw,1.0,0.5720878584893144,6.024263381958008,0.0004000135721910213,1883.8049130439758,3080.0,6309888.0,,0.462515364559539,,,,,,,,,,,,,,,,,,,,,,,,,,,,,,1.9813109636306763,6.024263381958008,6.024263381958008,,,,,1.0,xent beta=1.0 adamw
,train,,,,,,,xent_beta-1_adamw_seed17,xent,adamw,1.0,0.529471535006287,6.06296968460083,0.00039729651032953563,1889.8063588142395,3090.0,6330368.0,,0.44153424431961397,,,,,,,,,,,,,,,,,,,,,,,,,,,,,,2.031583786010742,6.06296968460083,6.06296968460083,,,,,1.0,xent beta=1.0 adamw
,train,,,,,,,xent_beta-1_adamw_seed17,xent,adamw,1.0,0.5507850527844896,6.615678787231445,0.0003945857255104116,1896.1375455856323,3100.0,6350848.0,,0.4539868948116186,,,,,,,,,,,,,,,,,,,,,,,,,,,,,,1.9899580478668213,6.615678787231445,6.615678787231445,,,,,1.0,xent beta=1.0 adamw
,eval,,,,,,,xent_beta-1_adamw_seed17,xent,adamw,1.0,,,,1896.1396656036377,3100.0,,,,0.2722491919994354,10676.82421875,6.191470146179199,1.9821820259094238,4.507686614990234,5.69557523727417,,,,2.078305959701538,10839.7568359375,2437448.0,1041.7120361328125,6.343620777130127,6.343620777130127,0.9554146528244019,0.9554146528244019,0.2119140625,0.12818561494350433,0.177734375,215.62985229492188,4.11316442489624,4.11316442489624,0.8355464935302734,1.2421875,0.19242222607135773,0.14453125,6.191470146179199,,,,,6.191470146179199,2.078305959701538,,,1.0,xent beta=1.0 adamw
,train,,,,,,,xent_beta-1_adamw_seed17,xent,adamw,1.0,0.5226345308078707,6.357250213623047,0.0003918813291633958,1902.4448153972626,3110.0,6371328.0,,0.4460095765769439,,,,,,,,,,,,,,,,,,,,,,,,,,,,,,2.1950724124908447,6.357250213623047,6.357250213623047,,,,,1.0,xent beta=1.0 adamw
,train,,,,,,,xent_beta-1_adamw_seed17,xent,adamw,1.0,0.5719349239760566,6.4194016456604,0.0003891834324556297,1909.5077393054962,3120.0,6391808.0,,0.4483942190134959,,,,,,,,,,,,,,,,,,,,,,,,,,,,,,2.2570948600769043,6.4194016456604,6.4194016456604,,,,,1.0,xent beta=1.0 adamw
,train,,,,,,,xent_beta-1_adamw_seed17,xent,adamw,1.0,7.945084286570699,6.849913597106934,0.00038649214628707983,1916.083254814148,3130.0,6412288.0,,0.46964489253581143,,,,,,,,,,,,,,,,,,,,,,,,,,,,,,4.124513149261475,6.849913597106934,6.849913597106934,,,,,1.0,xent beta=1.0 adamw
,train,,,,,,,xent_beta-1_adamw_seed17,xent,adamw,1.0,0.5598710731986616,6.5080037117004395,0.0003838075812859797,1921.5578575134277,3140.0,6432768.0,,0.4597185094202058,,,,,,,,,,,,,,,,,,,,,,,,,,,,,,2.2207460403442383,6.5080037117004395,6.5080037117004395,,,,,1.0,xent beta=1.0 adamw
,train,,,,,,,xent_beta-1_adamw_seed17,xent,adamw,1.0,0.5372946338092885,6.050516128540039,0.0003811298478042817,1926.8644099235535,3150.0,6453248.0,,0.4398664561700625,,,,,,,,,,,,,,,,,,,,,,,,,,,,,,1.9316184520721436,6.050516128540039,6.050516128540039,,,,,1.0,xent beta=1.0 adamw
,train,,,,,,,xent_beta-1_adamw_seed17,xent,adamw,1.0,0.5267315117418561,6.291363716125488,0.00037845905591312124,1932.1812925338745,3160.0,6473728.0,,0.47611476447452483,,,,,,,,,,,,,,,,,,,,,,,,,,,,,,2.1007914543151855,6.291363716125488,6.291363716125488,,,,,1.0,xent beta=1.0 adamw
,train,,,,,,,xent_beta-1_adamw_seed17,xent,adamw,1.0,0.53472101660872,6.435789585113525,0.0003757953153982925,1938.1617488861084,3170.0,6494208.0,,0.4362348844026212,,,,,,,,,,,,,,,,,,,,,,,,,,,,,,2.187650203704834,6.435789585113525,6.435789585113525,,,,,1.0,xent beta=1.0 adamw
,train,,,,,,,xent_beta-1_adamw_seed17,xent,adamw,1.0,0.5129487912378571,6.249380111694336,0.0003731387357557344,1945.8618001937866,3180.0,6514688.0,,0.4194881614567659,,,,,,,,,,,,,,,,,,,,,,,,,,,,,,2.0131149291992188,6.249380111694336,6.249380111694336,,,,,1.0,xent beta=1.0 adamw
,train,,,,,,,xent_beta-1_adamw_seed17,xent,adamw,1.0,0.5089917478016531,6.076937675476074,0.0003704894261870313,1951.5139377117157,3190.0,6535168.0,,0.42018829393710544,,,,,,,,,,,,,,,,,,,,,,,,,,,,,,2.00425124168396,6.076937675476074,6.076937675476074,,,,,1.0,xent beta=1.0 adamw
,train,,,,,,,xent_beta-1_adamw_seed17,xent,adamw,1.0,0.500330743938176,6.154109477996826,0.0003678474955949228,1957.6355237960815,3200.0,6555648.0,,0.4093290004193583,,,,,,,,,,,,,,,,,,,,,,,,,,,,,,1.9937735795974731,6.154109477996826,6.154109477996826,,,,,1.0,xent beta=1.0 adamw
,eval,,,,,,,xent_beta-1_adamw_seed17,xent,adamw,1.0,,,,1957.6376779079437,3200.0,,,,0.272938072681427,10678.689453125,6.174097061157227,1.981196403503418,4.474979400634766,5.660490036010742,6.686483860015869,0.9358420968046366,0.39418321217159025,2.0609326362609863,10840.201171875,2437687.75,992.7152099609375,6.277142524719238,6.277142524719238,0.9566256999969482,0.9566256999969482,0.2109375,0.12914744019508362,0.177734375,215.62985229492188,4.11316442489624,4.11316442489624,0.8355464935302734,1.2421875,0.19242222607135773,0.14453125,6.174097061157227,,,,,6.174097061157227,2.0609326362609863,,,1.0,xent beta=1.0 adamw
,train,,,,,,,xent_beta-1_adamw_seed17,xent,adamw,1.0,0.5256937732935558,6.230285167694092,0.000365213052578828,1962.668709039688,3210.0,6576128.0,,0.44450061649693545,,,,,,,,,,,,,,,,,,,,,,,,,,,,,,2.0644102096557617,6.230285167694092,6.230285167694092,,,,,1.0,xent beta=1.0 adamw
,train,,,,,,,xent_beta-1_adamw_seed17,xent,adamw,1.0,0.8016101627565563,6.726302146911621,0.0003625862054303806,1967.7429790496826,3220.0,6596608.0,,0.45736793164449047,,,,,,,,,,,,,,,,,,,,,,,,,,,,,,2.46433162689209,6.726302146911621,6.726302146911621,,,,,1.0,xent beta=1.0 adamw
,train,,,,,,,xent_beta-1_adamw_seed17,xent,adamw,1.0,0.46980055616778127,6.274147033691406,0.0003599670621289782,1973.1167180538177,3230.0,6617088.0,,0.40776320046676395,,,,,,,,,,,,,,,,,,,,,,,,,,,,,,2.0376996994018555,6.274147033691406,6.274147033691406,,,,,1.0,xent beta=1.0 adamw
,train,,,,,,,xent_beta-1_adamw_seed17,xent,adamw,1.0,0.6332002669045772,5.809628486633301,0.00035735573033734367,1978.6169254779816,3240.0,6637568.0,,0.4087259174191147,,,,,,,,,,,,,,,,,,,,,,,,,,,,,,1.733028769493103,5.809628486633301,5.809628486633301,,,,,1.0,xent beta=1.0 adamw
,train,,,,,,,xent_beta-1_adamw_seed17,xent,adamw,1.0,0.556036772887071,6.287711143493652,0.0003547523173970989,1986.1597394943237,3250.0,6658048.0,,0.41837387469548615,,,,,,,,,,,,,,,,,,,,,,,,,,,,,,2.134614944458008,6.287711143493652,6.287711143493652,,,,,1.0,xent beta=1.0 adamw
,train,,,,,,,xent_beta-1_adamw_seed17,xent,adamw,1.0,0.5005769952905836,6.2276387214660645,0.00035215693032435315,1992.8288300037384,3260.0,6678528.0,,0.4064832973318826,,,,,,,,,,,,,,,,,,,,,,,,,,,,,,2.0963191986083984,6.2276387214660645,6.2276387214660645,,,,,1.0,xent beta=1.0 adamw
,train,,,,,,,xent_beta-1_adamw_seed17,xent,adamw,1.0,0.6661236056860194,5.975141525268555,0.0003495696758053034,2000.4634387493134,3270.0,6699008.0,,0.437100294752455,,,,,,,,,,,,,,,,,,,,,,,,,,,,,,2.1930594444274902,5.975141525268555,5.975141525268555,,,,,1.0,xent beta=1.0 adamw
,train,,,,,,,xent_beta-1_adamw_seed17,xent,adamw,1.0,0.5155296241863941,6.035016059875488,0.00034699066019184936,2006.0655093193054,3280.0,6719488.0,,0.40312867229603855,,,,,,,,,,,,,,,,,,,,,,,,,,,,,,2.01155161857605,6.035016059875488,6.035016059875488,,,,,1.0,xent beta=1.0 adamw
,train,,,,,,,xent_beta-1_adamw_seed17,xent,adamw,1.0,0.48545180140817124,6.438745975494385,0.00034441998949722173,2013.8701536655426,3290.0,6739968.0,,0.38918211451162976,,,,,,,,,,,,,,,,,,,,,,,,,,,,,,2.118170738220215,6.438745975494385,6.438745975494385,,,,,1.0,xent beta=1.0 adamw
,train,,,,,,,xent_beta-1_adamw_seed17,xent,adamw,1.0,0.5402635633190216,5.9875640869140625,0.0003418577693916243,2019.441178560257,3300.0,6760448.0,,0.3694977260742091,,,,,,,,,,,,,,,,,,,,,,,,,,,,,,1.979421615600586,5.9875640869140625,5.9875640869140625,,,,,1.0,xent beta=1.0 adamw
,eval,,,,,,,xent_beta-1_adamw_seed17,xent,adamw,1.0,,,,2019.4434537887573,3300.0,,,,0.26867157220840454,10679.9482421875,6.173403739929199,1.9082903861999512,4.541661262512207,5.6886749267578125,,,,2.060239315032959,10844.94140625,2437344.25,1115.6668701171875,6.46581506729126,6.46581506729126,0.9623366594314575,0.9623366594314575,0.2373046875,0.1158367469906807,0.185546875,215.62985229492188,4.11316442489624,4.11316442489624,0.8355464935302734,1.2421875,0.19242222607135773,0.14453125,6.173403739929199,,,,,6.173403739929199,2.060239315032959,,,1.0,xent beta=1.0 adamw
,train,,,,,,,xent_beta-1_adamw_seed17,xent,adamw,1.0,0.57327553654074,6.521297454833984,0.00033930410519788953,2026.8025588989258,3310.0,6780928.0,,0.3761914971447485,,,,,,,,,,,,,,,,,,,,,,,,,,,,,,2.1152079105377197,6.521297454833984,6.521297454833984,,,,,1.0,xent beta=1.0 adamw
,train,,,,,,,xent_beta-1_adamw_seed17,xent,adamw,1.0,0.6021692093755436,6.068835258483887,0.00033675910188715063,2035.06396150589,3320.0,6801408.0,,0.3725853847974639,,,,,,,,,,,,,,,,,,,,,,,,,,,,,,2.1161885261535645,6.068835258483887,6.068835258483887,,,,,1.0,xent beta=1.0 adamw
,train,,,,,,,xent_beta-1_adamw_seed17,xent,adamw,1.0,0.5254169187427514,6.295340538024902,0.00033422286407452586,2043.2701411247253,3330.0,6821888.0,,0.38875742700630017,,,,,,,,,,,,,,,,,,,,,,,,,,,,,,2.07888126373291,6.295340538024902,6.295340538024902,,,,,1.0,xent beta=1.0 adamw
,train,,,,,,,xent_beta-1_adamw_seed17,xent,adamw,1.0,0.4551361134284724,6.208148002624512,0.0003316954960148175,2047.798858165741,3340.0,6842368.0,,0.3809032471763297,,,,,,,,,,,,,,,,,,,,,,,,,,,,,,1.9100611209869385,6.208148002624512,6.208148002624512,,,,,1.0,xent beta=1.0 adamw
,train,,,,,,,xent_beta-1_adamw_seed17,xent,adamw,1.0,0.5763604864471542,6.240226745605469,0.0003291771015982281,2052.570192337036,3350.0,6862848.0,,0.37711008132064533,,,,,,,,,,,,,,,,,,,,,,,,,,,,,,2.017244338989258,6.240226745605469,6.240226745605469,,,,,1.0,xent beta=1.0 adamw
,train,,,,,,,xent_beta-1_adamw_seed17,xent,adamw,1.0,0.7507011611224458,6.434411525726318,0.00032666778434608764,2057.75071644783,3360.0,6883328.0,,0.3939903851499967,,,,,,,,,,,,,,,,,,,,,,,,,,,,,,2.266106605529785,6.434411525726318,6.434411525726318,,,,,1.0,xent beta=1.0 adamw
,train,,,,,,,xent_beta-1_adamw_seed17,xent,adamw,1.0,0.5983271194358614,6.732034206390381,0.0003241676474066002,2063.9924745559692,3370.0,6903808.0,,0.386564311504421,,,,,,,,,,,,,,,,,,,,,,,,,,,,,,2.396149158477783,6.732034206390381,6.732034206390381,,,,,1.0,xent beta=1.0 adamw
,train,,,,,,,xent_beta-1_adamw_seed17,xent,adamw,1.0,0.5102760464654574,6.200102806091309,0.00032167679355060306,2068.641066789627,3380.0,6924288.0,,0.3624094722738265,,,,,,,,,,,,,,,,,,,,,,,,,,,,,,1.9596426486968994,6.200102806091309,6.200102806091309,,,,,1.0,xent beta=1.0 adamw
,train,,,,,,,xent_beta-1_adamw_seed17,xent,adamw,1.0,0.5421097234474217,6.2127366065979,0.0003191953251673423,2075.819102048874,3390.0,6944768.0,,0.38499397601056906,,,,,,,,,,,,,,,,,,,,,,,,,,,,,,2.0783936977386475,6.2127366065979,6.2127366065979,,,,,1.0,xent beta=1.0 adamw
,train,,,,,,,xent_beta-1_adamw_seed17,xent,adamw,1.0,0.8306868129111946,6.406476020812988,0.0003167233442602637,2084.357379436493,3400.0,6965248.0,,0.3773055939053111,,,,,,,,,,,,,,,,,,,,,,,,,,,,,,2.3104355335235596,6.406476020812988,6.406476020812988,,,,,1.0,xent beta=1.0 adamw
,eval,,,,,,,xent_beta-1_adamw_seed17,xent,adamw,1.0,,,,2084.35954618454,3400.0,,,,0.2690979838371277,10679.462890625,6.157558441162109,1.9145736694335938,4.464465141296387,5.650015354156494,6.719621181488037,0.9349149426757847,0.39645584183365157,2.044394016265869,10841.17578125,2437756.0,1002.360595703125,6.313052654266357,6.313052654266357,0.9580632448196411,0.9580632448196411,0.2255859375,0.12220564484596252,0.1875,215.62985229492188,4.11316442489624,4.11316442489624,0.8355464935302734,1.2421875,0.19242222607135773,0.14453125,6.157558441162109,,,,,6.157558441162109,2.044394016265869,,,1.0,xent beta=1.0 adamw
,train,,,,,,,xent_beta-1_adamw_seed17,xent,adamw,1.0,0.558833786403168,6.1466569900512695,0.0003142609524428205,2092.10804271698,3410.0,6985728.0,,0.35919172172030883,,,,,,,,,,,,,,,,,,,,,,,,,,,,,,2.0787527561187744,6.1466569900512695,6.1466569900512695,,,,,1.0,xent beta=1.0 adamw
,train,,,,,,,xent_beta-1_adamw_seed17,xent,adamw,1.0,0.47634319052034474,6.200031280517578,0.00031180825093429565,2099.1556639671326,3420.0,7006208.0,,0.35287279193647164,,,,,,,,,,,,,,,,,,,,,,,,,,,,,,1.98347806930542,6.200031280517578,6.200031280517578,,,,,1.0,xent beta=1.0 adamw
,train,,,,,,,xent_beta-1_adamw_seed17,xent,adamw,1.0,0.44698637940566577,6.1459269523620605,0.00030936534055564166,2104.329200029373,3430.0,7026688.0,,0.34070747266711365,,,,,,,,,,,,,,,,,,,,,,,,,,,,,,1.9325295686721802,6.1459269523620605,6.1459269523620605,,,,,1.0,xent beta=1.0 adamw
,train,,,,,,,xent_beta-1_adamw_seed17,xent,adamw,1.0,0.5156864571220331,6.295542240142822,0.00030693232172533604,2109.0845019817352,3440.0,7047168.0,,0.33976056361819573,,,,,,,,,,,,,,,,,,,,,,,,,,,,,,2.1106088161468506,6.295542240142822,6.295542240142822,,,,,1.0,xent beta=1.0 adamw
,train,,,,,,,xent_beta-1_adamw_seed17,xent,adamw,1.0,0.47391985897244326,6.381316661834717,0.00030450929445525316,2116.120216846466,3450.0,7067648.0,,0.38773003754300706,,,,,,,,,,,,,,,,,,,,,,,,,,,,,,2.1126911640167236,6.381316661834717,6.381316661834717,,,,,1.0,xent beta=1.0 adamw
,train,,,,,,,xent_beta-1_adamw_seed17,xent,adamw,1.0,0.5487807230807948,6.1006059646606445,0.0003020963583465539,2121.648788690567,3460.0,7088128.0,,0.3591565225514757,,,,,,,,,,,,,,,,,,,,,,,,,,,,,,2.0662529468536377,6.1006059646606445,6.1006059646606445,,,,,1.0,xent beta=1.0 adamw
,train,,,,,,,xent_beta-1_adamw_seed17,xent,adamw,1.0,0.6495305216263726,6.493282318115234,0.0002996936125855909,2128.0649189949036,3470.0,7108608.0,,0.3576852807462646,,,,,,,,,,,,,,,,,,,,,,,,,,,,,,2.0792219638824463,6.493282318115234,6.493282318115234,,,,,1.0,xent beta=1.0 adamw
,train,,,,,,,xent_beta-1_adamw_seed17,xent,adamw,1.0,0.5085181094258531,6.495425224304199,0.0002973011559398314,2133.8807516098022,3480.0,7129088.0,,0.3565001524344501,,,,,,,,,,,,,,,,,,,,,,,,,,,,,,2.0728135108947754,6.495425224304199,6.495425224304199,,,,,1.0,xent beta=1.0 adamw
,train,,,,,,,xent_beta-1_adamw_seed17,xent,adamw,1.0,0.7085588085630944,6.597703456878662,0.0002949190867537977,2140.9446563720703,3490.0,7149568.0,,0.3606365511902534,,,,,,,,,,,,,,,,,,,,,,,,,,,,,,2.1319580078125,6.597703456878662,6.597703456878662,,,,,1.0,xent beta=1.0 adamw
,train,,,,,,,xent_beta-1_adamw_seed17,xent,adamw,1.0,0.6054607313749172,6.443495750427246,0.0002925475029450237,2146.8281338214874,3500.0,7170048.0,,0.339369910362211,,,,,,,,,,,,,,,,,,,,,,,,,,,,,,2.1645140647888184,6.443495750427246,6.443495750427246,,,,,1.0,xent beta=1.0 adamw
,eval,,,,,,,xent_beta-1_adamw_seed17,xent,adamw,1.0,,,,2146.830143928528,3500.0,,,,0.2690557837486267,10681.9248046875,6.1487274169921875,1.891684651374817,4.4792985916137695,5.631727695465088,,,,2.0355632305145264,10846.6259765625,2437363.25,1089.393798828125,6.389557838439941,6.389557838439941,0.9588314890861511,0.9588314890861511,0.2333984375,0.11991903185844421,0.1884765625,215.62985229492188,4.11316442489624,4.11316442489624,0.8355464935302734,1.2421875,0.19242222607135773,0.14453125,6.1487274169921875,,,,,6.1487274169921875,2.0355632305145264,,,1.0,xent beta=1.0 adamw
,train,,,,,,,xent_beta-1_adamw_seed17,xent,adamw,1.0,1.3172614841377488,6.852718353271484,0.0002901865020000314,2153.66251206398,3510.0,7190528.0,,0.363084891541908,,,,,,,,,,,,,,,,,,,,,,,,,,,,,,2.706728935241699,6.852718353271484,6.852718353271484,,,,,1.0,xent beta=1.0 adamw
,train,,,,,,,xent_beta-1_adamw_seed17,xent,adamw,1.0,0.5464438423572013,6.0509562492370605,0.00028783618097032176,2159.510654449463,3520.0,7211008.0,,0.33877068307129027,,,,,,,,,,,,,,,,,,,,,,,,,,,,,,1.818894863128662,6.0509562492370605,6.0509562492370605,,,,,1.0,xent beta=1.0 adamw
,train,,,,,,,xent_beta-1_adamw_seed17,xent,adamw,1.0,0.8118089975029938,5.650749206542969,0.0002854966364683872,2166.5284123420715,3530.0,7231488.0,,0.3528479002100452,,,,,,,,,,,,,,,,,,,,,,,,,,,,,,1.8030016422271729,5.650749206542969,5.650749206542969,,,,,1.0,xent beta=1.0 adamw
,train,,,,,,,xent_beta-1_adamw_seed17,xent,adamw,1.0,0.709790789903127,6.702697277069092,0.0002831679646637384,2173.525290489197,3540.0,7251968.0,,0.35395717506699353,,,,,,,,,,,,,,,,,,,,,,,,,,,,,,2.193394184112549,6.702697277069092,6.702697277069092,,,,,1.0,xent beta=1.0 adamw
,train,,,,,,,xent_beta-1_adamw_seed17,xent,adamw,1.0,0.8444122384283028,7.2430500984191895,0.00028085026127895287,2179.460936307907,3550.0,7272448.0,,0.4542032402165045,,,,,,,,,,,,,,,,,,,,,,,,,,,,,,2.3677725791931152,7.2430500984191895,7.2430500984191895,,,,,1.0,xent beta=1.0 adamw
,train,,,,,,,xent_beta-1_adamw_seed17,xent,adamw,1.0,0.5481682385928099,6.067758083343506,0.0002785436215857386,2187.0399737358093,3560.0,7292928.0,,0.3440860465844465,,,,,,,,,,,,,,,,,,,,,,,,,,,,,,1.9569145441055298,6.067758083343506,6.067758083343506,,,,,1.0,xent beta=1.0 adamw
,train,,,,,,,xent_beta-1_adamw_seed17,xent,adamw,1.0,0.5181567785573101,6.317418098449707,0.0002762481404010191,2193.753042459488,3570.0,7313408.0,,0.320352493865458,,,,,,,,,,,,,,,,,,,,,,,,,,,,,,2.105632781982422,6.317418098449707,6.317418098449707,,,,,1.0,xent beta=1.0 adamw
,train,,,,,,,xent_beta-1_adamw_seed17,xent,adamw,1.0,0.5629057082897393,5.619025230407715,0.0002739639120830352,2200.4694406986237,3580.0,7333888.0,,0.3091975855564834,,,,,,,,,,,,,,,,,,,,,,,,,,,,,,1.7409403324127197,5.619025230407715,5.619025230407715,,,,,1.0,xent beta=1.0 adamw
,train,,,,,,,xent_beta-1_adamw_seed17,xent,adamw,1.0,0.5229870249688846,6.406366348266602,0.0002716910305274659,2206.8568909168243,3590.0,7354368.0,,0.31016030878904177,,,,,,,,,,,,,,,,,,,,,,,,,,,,,,2.19173002243042,6.406366348266602,6.406366348266602,,,,,1.0,xent beta=1.0 adamw
,train,,,,,,,xent_beta-1_adamw_seed17,xent,adamw,1.0,0.6105756425553662,6.377972602844238,0.00026942958916356994,2215.5370557308197,3600.0,7374848.0,,0.4000132696808727,,,,,,,,,,,,,,,,,,,,,,,,,,,,,,2.107598304748535,6.377972602844238,6.377972602844238,,,,,1.0,xent beta=1.0 adamw
,eval,,,,,,,xent_beta-1_adamw_seed17,xent,adamw,1.0,,,,2215.5392916202545,3600.0,,,,0.2680695652961731,10680.5009765625,6.1396307945251465,1.9209951162338257,4.454614639282227,5.628787040710449,6.561844348907471,0.9468536376943656,0.3936816688582339,2.0264668464660645,10846.595703125,2437137.75,1015.2908935546875,6.331514835357666,6.331514835357666,0.9571936130523682,0.9571936130523682,0.2138671875,0.12380990386009216,0.17578125,215.62985229492188,4.11316442489624,4.11316442489624,0.8355464935302734,1.2421875,0.19242222607135773,0.14453125,6.1396307945251465,,,,,6.1396307945251465,2.0264668464660645,,,1.0,xent beta=1.0 adamw
,train,,,,,,,xent_beta-1_adamw_seed17,xent,adamw,1.0,0.6682969325802538,6.015326499938965,0.0002671796809503444,2222.0098583698273,3610.0,7395328.0,,0.3292263125041188,,,,,,,,,,,,,,,,,,,,,,,,,,,,,,2.025116205215454,6.015326499938965,6.015326499938965,,,,,1.0,xent beta=1.0 adamw
,train,,,,,,,xent_beta-1_adamw_seed17,xent,adamw,1.0,0.6150857413219937,5.678163528442383,0.0002649413983727037,2227.925265312195,3620.0,7415808.0,,0.3042355779801381,,,,,,,,,,,,,,,,,,,,,,,,,,,,,,1.7623326778411865,5.678163528442383,5.678163528442383,,,,,1.0,xent beta=1.0 adamw
,train,,,,,,,xent_beta-1_adamw_seed17,xent,adamw,1.0,0.6048670057686005,6.188596725463867,0.00026271483343767753,2231.880509376526,3630.0,7436288.0,,0.2969162845340422,,,,,,,,,,,,,,,,,,,,,,,,,,,,,,2.2111165523529053,6.188596725463867,6.188596725463867,,,,,1.0,xent beta=1.0 adamw
,train,,,,,,,xent_beta-1_adamw_seed17,xent,adamw,1.0,0.5803162978683034,6.162815093994141,0.0002605000776706298,2238.205040216446,3640.0,7456768.0,,0.2956188997408495,,,,,,,,,,,,,,,,,,,,,,,,,,,,,,2.0278306007385254,6.162815093994141,6.162815093994141,,,,,1.0,xent beta=1.0 adamw
,train,,,,,,,xent_beta-1_adamw_seed17,xent,adamw,1.0,0.5173923992392676,6.4032206535339355,0.0002582972221114953,2244.821129798889,3650.0,7477248.0,,0.29900375092455617,,,,,,,,,,,,,,,,,,,,,,,,,,,,,,2.105025291442871,6.4032206535339355,6.4032206535339355,,,,,1.0,xent beta=1.0 adamw
,train,,,,,,,xent_beta-1_adamw_seed17,xent,adamw,1.0,0.4840791019760735,6.245847702026367,0.00025610635731103805,2252.1519091129303,3660.0,7497728.0,,0.2978276552440714,,,,,,,,,,,,,,,,,,,,,,,,,,,,,,2.03981876373291,6.245847702026367,6.245847702026367,,,,,1.0,xent beta=1.0 adamw
,train,,,,,,,xent_beta-1_adamw_seed17,xent,adamw,1.0,0.5159757332425553,6.326849937438965,0.00025392757332712935,2258.2046954631805,3670.0,7518208.0,,0.288681857312297,,,,,,,,,,,,,,,,,,,,,,,,,,,,,,2.103987455368042,6.326849937438965,6.326849937438965,,,,,1.0,xent beta=1.0 adamw
,train,,,,,,,xent_beta-1_adamw_seed17,xent,adamw,1.0,0.523707723268577,6.205080032348633,0.00025176095972104473,2265.2755587100983,3680.0,7538688.0,,0.2934752520418863,,,,,,,,,,,,,,,,,,,,,,,,,,,,,,1.9915536642074585,6.205080032348633,6.205080032348633,,,,,1.0,xent beta=1.0 adamw
,train,,,,,,,xent_beta-1_adamw_seed17,xent,adamw,1.0,0.5439076848526606,6.0379319190979,0.0002496066055537834,2272.5516650676727,3690.0,7559168.0,,0.29890594788258107,,,,,,,,,,,,,,,,,,,,,,,,,,,,,,1.9657647609710693,6.0379319190979,6.0379319190979,,,,,1.0,xent beta=1.0 adamw
,train,,,,,,,xent_beta-1_adamw_seed17,xent,adamw,1.0,0.5240886523689973,6.220013618469238,0.00024746459938240745,2278.971900701523,3700.0,7579648.0,,0.29107108978021967,,,,,,,,,,,,,,,,,,,,,,,,,,,,,,2.092111825942993,6.220013618469238,6.220013618469238,,,,,1.0,xent beta=1.0 adamw
,eval,,,,,,,xent_beta-1_adamw_seed17,xent,adamw,1.0,,,,2278.974085330963,3700.0,,,,0.2682798206806183,10679.1064453125,6.110899925231934,1.8710272312164307,4.455870151519775,5.594576358795166,,,,1.9977353811264038,10845.1982421875,2437438.25,1092.473876953125,6.452652931213379,6.452652931213379,0.9606788158416748,0.9606788158416748,0.2392578125,0.11866777390241623,0.1845703125,215.62985229492188,4.11316442489624,4.11316442489624,0.8355464935302734,1.2421875,0.19242222607135773,0.14453125,6.110899925231934,,,,,6.110899925231934,1.9977353811264038,,,1.0,xent beta=1.0 adamw
,train,,,,,,,xent_beta-1_adamw_seed17,xent,adamw,1.0,0.5424925129646682,6.11366605758667,0.00024533502925640086,2284.739017009735,3710.0,7600128.0,,0.2856694757599725,,,,,,,,,,,,,,,,,,,,,,,,,,,,,,1.984195351600647,6.11366605758667,6.11366605758667,,,,,1.0,xent beta=1.0 adamw
,train,,,,,,,xent_beta-1_adamw_seed17,xent,adamw,1.0,0.5798988235615555,5.93613338470459,0.0002432179827140503,2291.0543184280396,3720.0,7620608.0,,0.26967894311742985,,,,,,,,,,,,,,,,,,,,,,,,,,,,,,1.8691163063049316,5.93613338470459,5.93613338470459,,,,,1.0,xent beta=1.0 adamw
,train,,,,,,,xent_beta-1_adamw_seed17,xent,adamw,1.0,0.5021834163260289,6.156893730163574,0.00024111354677884743,2298.0768077373505,3730.0,7641088.0,,0.2788796048314254,,,,,,,,,,,,,,,,,,,,,,,,,,,,,,1.9800701141357422,6.156893730163574,6.156893730163574,,,,,1.0,xent beta=1.0 adamw
,train,,,,,,,xent_beta-1_adamw_seed17,xent,adamw,1.0,0.521983555097096,6.075807571411133,0.0002390218079559109,2304.591922521591,3740.0,7661568.0,,0.27294597888028627,,,,,,,,,,,,,,,,,,,,,,,,,,,,,,1.913081407546997,6.075807571411133,6.075807571411133,,,,,1.0,xent beta=1.0 adamw
,train,,,,,,,xent_beta-1_adamw_seed17,xent,adamw,1.0,0.7038495182857238,5.808892726898193,0.00023694285222843116,2310.794294834137,3750.0,7682048.0,,0.27758021344972317,,,,,,,,,,,,,,,,,,,,,,,,,,,,,,1.907899022102356,5.808892726898193,5.808892726898193,,,,,1.0,xent beta=1.0 adamw
,train,,,,,,,xent_beta-1_adamw_seed17,xent,adamw,1.0,0.5978543860761556,6.087163925170898,0.0002348767650541354,2317.905532836914,3760.0,7702528.0,,0.27299207655828944,,,,,,,,,,,,,,,,,,,,,,,,,,,,,,2.1160571575164795,6.087163925170898,6.087163925170898,,,,,1.0,xent beta=1.0 adamw
,train,,,,,,,xent_beta-1_adamw_seed17,xent,adamw,1.0,0.598836070102692,5.972671031951904,0.00023282363136177482,2324.9924817085266,3770.0,7723008.0,,0.29038700497235526,,,,,,,,,,,,,,,,,,,,,,,,,,,,,,2.0181725025177,5.972671031951904,5.972671031951904,,,,,1.0,xent beta=1.0 adamw
,train,,,,,,,xent_beta-1_adamw_seed17,xent,adamw,1.0,0.6767614619902201,6.339679718017578,0.000230783535547634,2331.0589711666107,3780.0,7743488.0,,0.3193316887019631,,,,,,,,,,,,,,,,,,,,,,,,,,,,,,2.078423261642456,6.339679718017578,6.339679718017578,,,,,1.0,xent beta=1.0 adamw
,train,,,,,,,xent_beta-1_adamw_seed17,xent,adamw,1.0,0.7330390689345677,6.4255146980285645,0.00022875656147206154,2335.6424815654755,3790.0,7763968.0,,0.32105277200093935,,,,,,,,,,,,,,,,,,,,,,,,,,,,,,2.295149803161621,6.4255146980285645,6.4255146980285645,,,,,1.0,xent beta=1.0 adamw
,train,,,,,,,xent_beta-1_adamw_seed17,xent,adamw,1.0,0.5310287706916489,6.083366870880127,0.00022674279245602264,2342.2737135887146,3800.0,7784448.0,,0.2768702130399629,,,,,,,,,,,,,,,,,,,,,,,,,,,,,,1.9285502433776855,6.083366870880127,6.083366870880127,,,,,1.0,xent beta=1.0 adamw
,eval,,,,,,,xent_beta-1_adamw_seed17,xent,adamw,1.0,,,,2342.2758305072784,3800.0,,,,0.2672543525695801,10678.0458984375,6.111149787902832,1.8851195573806763,4.435302734375,5.577761173248291,6.3883256912231445,0.9527628989664861,0.3871092661745557,1.997985601425171,10841.57421875,2437770.0,1002.1719970703125,6.329749584197998,6.329749584197998,0.9605246186256409,0.9605246186256409,0.2236328125,0.119151271879673,0.1943359375,215.62985229492188,4.11316442489624,4.11316442489624,0.8355464935302734,1.2421875,0.19242222607135773,0.14453125,6.111149787902832,,,,,6.111149787902832,1.997985601425171,,,1.0,xent beta=1.0 adamw
,train,,,,,,,xent_beta-1_adamw_seed17,xent,adamw,1.0,0.5775314291144531,6.198787212371826,0.00022474231127767385,2347.6985263824463,3810.0,7804928.0,,0.27080351054239155,,,,,,,,,,,,,,,,,,,,,,,,,,,,,,1.961794376373291,6.198787212371826,6.198787212371826,,,,,1.0,xent beta=1.0 adamw
,train,,,,,,,xent_beta-1_adamw_seed17,xent,adamw,1.0,0.5325221523066902,6.324284076690674,0.00022275520016896123,2354.0351164340973,3820.0,7825408.0,,0.2516563892350317,,,,,,,,,,,,,,,,,,,,,,,,,,,,,,2.141216278076172,6.324284076690674,6.324284076690674,,,,,1.0,xent beta=1.0 adamw
,train,,,,,,,xent_beta-1_adamw_seed17,xent,adamw,1.0,0.5535037081767945,6.075679779052734,0.0002207815408122394,2359.7240438461304,3830.0,7845888.0,,0.25091316284323706,,,,,,,,,,,,,,,,,,,,,,,,,,,,,,1.9935904741287231,6.075679779052734,6.075679779052734,,,,,1.0,xent beta=1.0 adamw
,train,,,,,,,xent_beta-1_adamw_seed17,xent,adamw,1.0,0.5591891285743995,6.17337703704834,0.00021882141433691426,2366.6826145648956,3840.0,7866368.0,,0.27035457601490903,,,,,,,,,,,,,,,,,,,,,,,,,,,,,,1.9296281337738037,6.17337703704834,6.17337703704834,,,,,1.0,xent beta=1.0 adamw
,train,,,,,,,xent_beta-1_adamw_seed17,xent,adamw,1.0,0.5328852619273837,6.410467147827148,0.0002168749013161081,2374.9524788856506,3850.0,7886848.0,,0.25130218487336026,,,,,,,,,,,,,,,,,,,,,,,,,,,,,,2.0664148330688477,6.410467147827148,6.410467147827148,,,,,1.0,xent beta=1.0 adamw
,train,,,,,,,xent_beta-1_adamw_seed17,xent,adamw,1.0,0.6967505033749969,6.390130043029785,0.0002149420817633469,2379.2193088531494,3860.0,7907328.0,,0.33442623804987953,,,,,,,,,,,,,,,,,,,,,,,,,,,,,,2.115018844604492,6.390130043029785,6.390130043029785,,,,,1.0,xent beta=1.0 adamw
,train,,,,,,,xent_beta-1_adamw_seed17,xent,adamw,1.0,0.5571215315650117,6.395348072052002,0.00021302303512927236,2385.2258355617523,3870.0,7927808.0,,0.2637521803431774,,,,,,,,,,,,,,,,,,,,,,,,,,,,,,2.038012981414795,6.395348072052002,6.395348072052002,,,,,1.0,xent beta=1.0 adamw
,train,,,,,,,xent_beta-1_adamw_seed17,xent,adamw,1.0,0.6266615659876983,6.002945899963379,0.0002111178402983751,2393.4720182418823,3880.0,7948288.0,,0.25297029872675986,,,,,,,,,,,,,,,,,,,,,,,,,,,,,,2.0498366355895996,6.002945899963379,6.002945899963379,,,,,1.0,xent beta=1.0 adamw
,train,,,,,,,xent_beta-1_adamw_seed17,xent,adamw,1.0,0.5452803959873868,6.180477142333984,0.0002092265755857527,2400.0588257312775,3890.0,7968768.0,,0.24280460022961753,,,,,,,,,,,,,,,,,,,,,,,,,,,,,,1.9652007818222046,6.180477142333984,6.180477142333984,,,,,1.0,xent beta=1.0 adamw
,train,,,,,,,xent_beta-1_adamw_seed17,xent,adamw,1.0,0.6429606648762018,6.170063018798828,0.00020734931873388952,2405.9983954429626,3900.0,7989248.0,,0.24084933946288403,,,,,,,,,,,,,,,,,,,,,,,,,,,,,,2.1244232654571533,6.170063018798828,6.170063018798828,,,,,1.0,xent beta=1.0 adamw
,eval,,,,,,,xent_beta-1_adamw_seed17,xent,adamw,1.0,,,,2406.000735282898,3900.0,,,,0.2679956257343292,10677.4072265625,6.104930877685547,1.9118831157684326,4.396437168121338,5.568182945251465,,,,1.9917664527893066,10840.017578125,2437702.75,974.6321411132812,6.241082668304443,6.241082668304443,0.9524063467979431,0.9524063467979431,0.23046875,0.1320609450340271,0.19140625,215.62985229492188,4.11316442489624,4.11316442489624,0.8355464935302734,1.2421875,0.19242222607135773,0.14453125,6.104930877685547,,,,,6.104930877685547,1.9917664527893066,,,1.0,xent beta=1.0 adamw
,train,,,,,,,xent_beta-1_adamw_seed17,xent,adamw,1.0,0.525611957725832,6.230896949768066,0.00020548614690946238,2412.9069895744324,3910.0,8009728.0,,0.23582192637137872,,,,,,,,,,,,,,,,,,,,,,,,,,,,,,2.017695426940918,6.230896949768066,6.230896949768066,,,,,1.0,xent beta=1.0 adamw
,train,,,,,,,xent_beta-1_adamw_seed17,xent,adamw,1.0,0.6039401521905292,6.581945419311523,0.00020363713670016727,2419.8465671539307,3920.0,8030208.0,,0.24557570528368122,,,,,,,,,,,,,,,,,,,,,,,,,,,,,,2.118048906326294,6.581945419311523,6.581945419311523,,,,,1.0,xent beta=1.0 adamw
,train,,,,,,,xent_beta-1_adamw_seed17,xent,adamw,1.0,0.8956877151276179,5.784390926361084,0.00020180236411157192,2427.402412891388,3930.0,8050688.0,,0.24549489399763133,,,,,,,,,,,,,,,,,,,,,,,,,,,,,,1.7658878564834595,5.784390926361084,5.784390926361084,,,,,1.0,xent beta=1.0 adamw
,train,,,,,,,xent_beta-1_adamw_seed17,xent,adamw,1.0,1.0470848416900524,6.617641925811768,0.00019998190456399118,2432.826420068741,3940.0,8071168.0,,0.260511614047078,,,,,,,,,,,,,,,,,,,,,,,,,,,,,,2.58217716217041,6.617641925811768,6.617641925811768,,,,,1.0,xent beta=1.0 adamw
,train,,,,,,,xent_beta-1_adamw_seed17,xent,adamw,1.0,0.6194041654589054,6.245872974395752,0.00019817583288938662,2439.6248071193695,3950.0,8091648.0,,0.23171586021677454,,,,,,,,,,,,,,,,,,,,,,,,,,,,,,2.116394519805908,6.245872974395752,6.245872974395752,,,,,1.0,xent beta=1.0 adamw
,train,,,,,,,xent_beta-1_adamw_seed17,xent,adamw,1.0,0.5496913622537677,6.316362380981445,0.00019638422332829097,2445.5152249336243,3960.0,8112128.0,,0.22691085406811265,,,,,,,,,,,,,,,,,,,,,,,,,,,,,,2.041721820831299,6.316362380981445,6.316362380981445,,,,,1.0,xent beta=1.0 adamw
,train,,,,,,,xent_beta-1_adamw_seed17,xent,adamw,1.0,0.4865324620108071,6.247247695922852,0.00019460714952675596,2451.8940196037292,3970.0,8132608.0,,0.22139429359231547,,,,,,,,,,,,,,,,,,,,,,,,,,,,,,1.8968242406845093,6.247247695922852,6.247247695922852,,,,,1.0,xent beta=1.0 adamw
,train,,,,,,,xent_beta-1_adamw_seed17,xent,adamw,1.0,0.634621499931605,6.653936862945557,0.00019284468453332552,2458.4269437789917,3980.0,8153088.0,,0.21843625643418496,,,,,,,,,,,,,,,,,,,,,,,,,,,,,,1.9843112230300903,6.653936862945557,6.653936862945557,,,,,1.0,xent beta=1.0 adamw
,train,,,,,,,xent_beta-1_adamw_seed17,xent,adamw,1.0,0.6386846106180901,6.356757164001465,0.00019109690079603203,2465.078507423401,3990.0,8173568.0,,0.2386463688555508,,,,,,,,,,,,,,,,,,,,,,,,,,,,,,2.0825963020324707,6.356757164001465,6.356757164001465,,,,,1.0,xent beta=1.0 adamw
,train,,,,,,,xent_beta-1_adamw_seed17,xent,adamw,1.0,0.4676020831168443,6.135583877563477,0.00018936387015941957,2470.038330554962,4000.0,8194048.0,,0.21087557454897488,,,,,,,,,,,,,,,,,,,,,,,,,,,,,,1.8773643970489502,6.135583877563477,6.135583877563477,,,,,1.0,xent beta=1.0 adamw
,eval,,,,,,,xent_beta-1_adamw_seed17,xent,adamw,1.0,,,,2470.040406227112,4000.0,,,,0.26883602142333984,10679.9189453125,6.1027116775512695,1.938521146774292,4.415866374969482,5.579512596130371,6.6164469718933105,0.938033103941933,0.39355649909674506,1.9895473718643188,10841.1171875,2438048.0,940.509521484375,6.211737632751465,6.211737632751465,0.955539882183075,0.955539882183075,0.2177734375,0.12898612022399902,0.1865234375,215.62985229492188,4.11316442489624,4.11316442489624,0.8355464935302734,1.2421875,0.19242222607135773,0.14453125,6.1027116775512695,,,,,6.1027116775512695,1.9895473718643188,,,1.0,xent beta=1.0 adamw
,train,,,,,,,xent_beta-1_adamw_seed17,xent,adamw,1.0,0.5303425507143876,6.6166276931762695,0.00018764566386158976,2475.718127012253,4010.0,8214528.0,,0.21524071443483445,,,,,,,,,,,,,,,,,,,,,,,,,,,,,,2.082115650177002,6.6166276931762695,6.6166276931762695,,,,,1.0,xent beta=1.0 adamw
,train,,,,,,,xent_beta-1_adamw_seed17,xent,adamw,1.0,0.5478612734367494,6.2094035148620605,0.00018594235253127373,2480.7714076042175,4020.0,8235008.0,,0.21155999321820537,,,,,,,,,,,,,,,,,,,,,,,,,,,,,,1.972379446029663,6.2094035148620605,6.2094035148620605,,,,,1.0,xent beta=1.0 adamw
,train,,,,,,,xent_beta-1_adamw_seed17,xent,adamw,1.0,0.5577670817572961,6.206725597381592,0.00018425400618492883,2485.346526622772,4030.0,8255488.0,,0.21906489330709586,,,,,,,,,,,,,,,,,,,,,,,,,,,,,,2.081437110900879,6.206725597381592,6.206725597381592,,,,,1.0,xent beta=1.0 adamw
,train,,,,,,,xent_beta-1_adamw_seed17,xent,adamw,1.0,0.5387691527789903,6.305365562438965,0.00018258069422386058,2490.692953109741,4040.0,8275968.0,,0.20595092947339214,,,,,,,,,,,,,,,,,,,,,,,,,,,,,,2.1110005378723145,6.305365562438965,6.305365562438965,,,,,1.0,xent beta=1.0 adamw
,train,,,,,,,xent_beta-1_adamw_seed17,xent,adamw,1.0,0.5456106503090139,6.07415771484375,0.00018092248543136982,2497.8595271110535,4050.0,8296448.0,,0.20779145852410785,,,,,,,,,,,,,,,,,,,,,,,,,,,,,,1.9714001417160034,6.07415771484375,6.07415771484375,,,,,1.0,xent beta=1.0 adamw
,train,,,,,,,xent_beta-1_adamw_seed17,xent,adamw,1.0,0.5509341571216836,6.019383430480957,0.00017927944796992522,2502.886562347412,4060.0,8316928.0,,0.20292270092365522,,,,,,,,,,,,,,,,,,,,,,,,,,,,,,1.8756943941116333,6.019383430480957,6.019383430480957,,,,,1.0,xent beta=1.0 adamw
,train,,,,,,,xent_beta-1_adamw_seed17,xent,adamw,1.0,0.6042272943468829,6.0671281814575195,0.00017765164937836165,2510.0218040943146,4070.0,8337408.0,,0.22407436503080855,,,,,,,,,,,,,,,,,,,,,,,,,,,,,,1.9299894571304321,6.0671281814575195,6.0671281814575195,,,,,1.0,xent beta=1.0 adamw
,train,,,,,,,xent_beta-1_adamw_seed17,xent,adamw,1.0,0.5602437303013552,6.024343967437744,0.00017603915656910324,2517.667078971863,4080.0,8357888.0,,0.22634452768740282,,,,,,,,,,,,,,,,,,,,,,,,,,,,,,1.8686679601669312,6.024343967437744,6.024343967437744,,,,,1.0,xent beta=1.0 adamw
,train,,,,,,,xent_beta-1_adamw_seed17,xent,adamw,1.0,0.5788207879196531,6.2352399826049805,0.0001744420358254138,2523.4401919841766,4090.0,8378368.0,,0.20796082661809137,,,,,,,,,,,,,,,,,,,,,,,,,,,,,,2.219985246658325,6.2352399826049805,6.2352399826049805,,,,,1.0,xent beta=1.0 adamw
,train,,,,,,,xent_beta-1_adamw_seed17,xent,adamw,1.0,0.49793429500778064,6.023480415344238,0.00017286035279867173,2529.068804502487,4100.0,8398848.0,,0.19302755866237523,,,,,,,,,,,,,,,,,,,,,,,,,,,,,,1.8769899606704712,6.023480415344238,6.023480415344238,,,,,1.0,xent beta=1.0 adamw
,eval,,,,,,,xent_beta-1_adamw_seed17,xent,adamw,1.0,,,,2529.071008205414,4100.0,,,,0.26634830236434937,10681.087890625,6.063263893127441,1.9088833332061768,4.444720268249512,5.536831378936768,,,,1.9500997066497803,10845.33984375,2437313.5,1007.974853515625,6.327273368835449,6.327273368835449,0.958678126335144,0.958678126335144,0.2412109375,0.12304912507534027,0.189453125,215.62985229492188,4.11316442489624,4.11316442489624,0.8355464935302734,1.2421875,0.19242222607135773,0.14453125,6.063263893127441,,,,,6.063263893127441,1.9500997066497803,,,1.0,xent beta=1.0 adamw
,train,,,,,,,xent_beta-1_adamw_seed17,xent,adamw,1.0,0.58349587431263,6.337684154510498,0.00017129417250567107,2534.9666686058044,4110.0,8419328.0,,0.19984856852994418,,,,,,,,,,,,,,,,,,,,,,,,,,,,,,2.1543843746185303,6.337684154510498,6.337684154510498,,,,,1.0,xent beta=1.0 adamw
,train,,,,,,,xent_beta-1_adamw_seed17,xent,adamw,1.0,0.6062620638894005,6.252394199371338,0.0001697435593259496,2540.205477952957,4120.0,8439808.0,,0.20000511378918726,,,,,,,,,,,,,,,,,,,,,,,,,,,,,,2.1361403465270996,6.252394199371338,6.252394199371338,,,,,1.0,xent beta=1.0 adamw
,train,,,,,,,xent_beta-1_adamw_seed17,xent,adamw,1.0,0.5374048073879145,6.043145656585693,0.00016820857699914149,2547.3031442165375,4130.0,8460288.0,,0.19913450061884577,,,,,,,,,,,,,,,,,,,,,,,,,,,,,,1.9737985134124756,6.043145656585693,6.043145656585693,,,,,1.0,xent beta=1.0 adamw
,train,,,,,,,xent_beta-1_adamw_seed17,xent,adamw,1.0,0.5706639487527567,6.30086612701416,0.00016668928862235817,2552.5432221889496,4140.0,8480768.0,,0.203115790997181,,,,,,,,,,,,,,,,,,,,,,,,,,,,,,2.126802682876587,6.30086612701416,6.30086612701416,,,,,1.0,xent beta=1.0 adamw
,train,,,,,,,xent_beta-1_adamw_seed17,xent,adamw,1.0,0.5051671134177925,5.941273212432861,0.00016518575664759428,2558.8154232501984,4150.0,8501248.0,,0.1894338426765988,,,,,,,,,,,,,,,,,,,,,,,,,,,,,,1.9552093744277954,5.941273212432861,5.941273212432861,,,,,1.0,xent beta=1.0 adamw
,train,,,,,,,xent_beta-1_adamw_seed17,xent,adamw,1.0,0.6087102933192318,6.16799259185791,0.00016369804287916026,2565.1169254779816,4160.0,8521728.0,,0.1910960815423174,,,,,,,,,,,,,,,,,,,,,,,,,,,,,,2.074646472930908,6.16799259185791,6.16799259185791,,,,,1.0,xent beta=1.0 adamw
,train,,,,,,,xent_beta-1_adamw_seed17,xent,adamw,1.0,0.5410461121548851,6.107542037963867,0.00016222620847114225,2570.7529644966125,4170.0,8542208.0,,0.1884917819482377,,,,,,,,,,,,,,,,,,,,,,,,,,,,,,1.926685094833374,6.107542037963867,6.107542037963867,,,,,1.0,xent beta=1.0 adamw
,train,,,,,,,xent_beta-1_adamw_seed17,xent,adamw,1.0,0.5591841956545849,6.142175674438477,0.00016077031392488795,2577.4076051712036,4180.0,8562688.0,,0.18952716245417492,,,,,,,,,,,,,,,,,,,,,,,,,,,,,,2.0640649795532227,6.142175674438477,6.142175674438477,,,,,1.0,xent beta=1.0 adamw
,train,,,,,,,xent_beta-1_adamw_seed17,xent,adamw,1.0,0.5321050031119088,6.142276763916016,0.00015933041908651967,2583.2113540172577,4190.0,8583168.0,,0.18472213794927841,,,,,,,,,,,,,,,,,,,,,,,,,,,,,,1.9409440755844116,6.142276763916016,6.142276763916016,,,,,1.0,xent beta=1.0 adamw
,train,,,,,,,xent_beta-1_adamw_seed17,xent,adamw,1.0,0.5549848450412019,6.068696022033691,0.0001579065831444748,2587.691833972931,4200.0,8603648.0,,0.1834911944686723,,,,,,,,,,,,,,,,,,,,,,,,,,,,,,1.9761950969696045,6.068696022033691,6.068696022033691,,,,,1.0,xent beta=1.0 adamw
,eval,,,,,,,xent_beta-1_adamw_seed17,xent,adamw,1.0,,,,2587.69385266304,4200.0,,,,0.2671104669570923,10679.119140625,6.06089973449707,1.917073369026184,4.387075424194336,5.520771503448486,6.469210147857666,0.9483344554891638,0.3914598757894819,1.9477354288101196,10840.9541015625,2438073.25,931.72216796875,6.204572677612305,6.204572677612305,0.9533851146697998,0.9533851146697998,0.2353515625,0.13095122575759888,0.193359375,215.62985229492188,4.11316442489624,4.11316442489624,0.8355464935302734,1.2421875,0.19242222607135773,0.14453125,6.06089973449707,,,,,6.06089973449707,1.9477354288101196,,,1.0,xent beta=1.0 adamw
,train,,,,,,,xent_beta-1_adamw_seed17,xent,adamw,1.0,0.5104808684476423,6.273407459259033,0.00015649886462707196,2593.800997018814,4210.0,8624128.0,,0.18490004465338156,,,,,,,,,,,,,,,,,,,,,,,,,,,,,,2.040811538696289,6.273407459259033,6.273407459259033,,,,,1.0,xent beta=1.0 adamw
,train,,,,,,,xent_beta-1_adamw_seed17,xent,adamw,1.0,0.5079560993406947,6.292468547821045,0.00015510732140010575,2599.22513961792,4220.0,8644608.0,,0.1771730724453578,,,,,,,,,,,,,,,,,,,,,,,,,,,,,,1.964556336402893,6.292468547821045,6.292468547821045,,,,,1.0,xent beta=1.0 adamw
,train,,,,,,,xent_beta-1_adamw_seed17,xent,adamw,1.0,0.517776815297734,6.436039447784424,0.0001537320106644679,2605.4988026618958,4230.0,8665088.0,,0.18052662080669069,,,,,,,,,,,,,,,,,,,,,,,,,,,,,,2.1458122730255127,6.436039447784424,6.436039447784424,,,,,1.0,xent beta=1.0 adamw
,train,,,,,,,xent_beta-1_adamw_seed17,xent,adamw,1.0,0.5641396171716496,5.849547386169434,0.00015237298895379614,2611.9160821437836,4240.0,8685568.0,,0.1795883917316571,,,,,,,,,,,,,,,,,,,,,,,,,,,,,,2.014050245285034,5.849547386169434,5.849547386169434,,,,,1.0,xent beta=1.0 adamw
,train,,,,,,,xent_beta-1_adamw_seed17,xent,adamw,1.0,0.6192127209805666,6.3369598388671875,0.00015103031213214996,2617.7690460681915,4250.0,8706048.0,,0.17951363104751722,,,,,,,,,,,,,,,,,,,,,,,,,,,,,,2.213867425918579,6.3369598388671875,6.3369598388671875,,,,,1.0,xent beta=1.0 adamw
,train,,,,,,,xent_beta-1_adamw_seed17,xent,adamw,1.0,0.4982971217335486,6.117979049682617,0.00014970403539171475,2621.5104734897614,4260.0,8726528.0,,0.16981781428626447,,,,,,,,,,,,,,,,,,,,,,,,,,,,,,1.8926172256469727,6.117979049682617,6.117979049682617,,,,,1.0,xent beta=1.0 adamw
,train,,,,,,,xent_beta-1_adamw_seed17,xent,adamw,1.0,0.5844881098205088,6.575950622558594,0.00014839421325053243,2628.1023955345154,4270.0,8747008.0,,0.1901286037038477,,,,,,,,,,,,,,,,,,,,,,,,,,,,,,2.109135150909424,6.575950622558594,6.575950622558594,,,,,1.0,xent beta=1.0 adamw
,train,,,,,,,xent_beta-1_adamw_seed17,xent,adamw,1.0,0.730207527906663,6.173005104064941,0.00014710089955026115,2632.3834369182587,4280.0,8767488.0,,0.1856999030173878,,,,,,,,,,,,,,,,,,,,,,,,,,,,,,2.11379337310791,6.173005104064941,6.173005104064941,,,,,1.0,xent beta=1.0 adamw
,train,,,,,,,xent_beta-1_adamw_seed17,xent,adamw,1.0,0.9061582055858007,6.616061210632324,0.00014582414745396144,2637.0510563850403,4290.0,8787968.0,,0.1925105686468504,,,,,,,,,,,,,,,,,,,,,,,,,,,,,,2.2728819847106934,6.616061210632324,6.616061210632324,,,,,1.0,xent beta=1.0 adamw
,train,,,,,,,xent_beta-1_adamw_seed17,xent,adamw,1.0,0.5064266031838357,6.056960105895996,0.00014456400944391147,2642.317777633667,4300.0,8808448.0,,0.17005159487012828,,,,,,,,,,,,,,,,,,,,,,,,,,,,,,1.8894623517990112,6.056960105895996,6.056960105895996,,,,,1.0,xent beta=1.0 adamw
,eval,,,,,,,xent_beta-1_adamw_seed17,xent,adamw,1.0,,,,2642.320106983185,4300.0,,,,0.26610618829727173,10680.2646484375,6.065611839294434,1.8987786769866943,4.444321632385254,5.550368309020996,,,,1.9524476528167725,10844.23046875,2437667.5,991.9989013671875,6.31740140914917,6.31740140914917,0.9578534364700317,0.9578534364700317,0.236328125,0.12198160588741302,0.1943359375,215.62985229492188,4.11316442489624,4.11316442489624,0.8355464935302734,1.2421875,0.19242222607135773,0.14453125,6.065611839294434,,,,,6.065611839294434,1.9524476528167725,,,1.0,xent beta=1.0 adamw
,train,,,,,,,xent_beta-1_adamw_seed17,xent,adamw,1.0,0.5061852005934439,6.0521240234375,0.00014332053731944897,2648.6015276908875,4310.0,8828928.0,,0.16558894414076394,,,,,,,,,,,,,,,,,,,,,,,,,,,,,,1.860608458518982,6.0521240234375,6.0521240234375,,,,,1.0,xent beta=1.0 adamw
,train,,,,,,,xent_beta-1_adamw_seed17,xent,adamw,1.0,0.5321883108148198,5.660430908203125,0.00014209378219484284,2654.8227672576904,4320.0,8849408.0,,0.16370729182880783,,,,,,,,,,,,,,,,,,,,,,,,,,,,,,1.679168701171875,5.660430908203125,5.660430908203125,,,,,1.0,xent beta=1.0 adamw
,train,,,,,,,xent_beta-1_adamw_seed17,xent,adamw,1.0,0.5438653665618441,6.2577667236328125,0.0001408837944971913,2662.4615635871887,4330.0,8869888.0,,0.1570331519566091,,,,,,,,,,,,,,,,,,,,,,,,,,,,,,2.0110368728637695,6.2577667236328125,6.2577667236328125,,,,,1.0,xent beta=1.0 adamw
,train,,,,,,,xent_beta-1_adamw_seed17,xent,adamw,1.0,0.43724369620164383,5.583576679229736,0.00013969062396434936,2669.5504755973816,4340.0,8890368.0,,0.15749572689640737,,,,,,,,,,,,,,,,,,,,,,,,,,,,,,1.6220219135284424,5.583576679229736,5.583576679229736,,,,,1.0,xent beta=1.0 adamw
,train,,,,,,,xent_beta-1_adamw_seed17,xent,adamw,1.0,0.6047811206967807,6.074717044830322,0.00013851431964288444,2674.7253816127777,4350.0,8910848.0,,0.16294227838650502,,,,,,,,,,,,,,,,,,,,,,,,,,,,,,1.9307167530059814,6.074717044830322,6.074717044830322,,,,,1.0,xent beta=1.0 adamw
,train,,,,,,,xent_beta-1_adamw_seed17,xent,adamw,1.0,0.6131755188524409,6.346691131591797,0.00013735492988605971,2682.2412543296814,4360.0,8931328.0,,0.16998109598002017,,,,,,,,,,,,,,,,,,,,,,,,,,,,,,2.028290271759033,6.346691131591797,6.346691131591797,,,,,1.0,xent beta=1.0 adamw
,train,,,,,,,xent_beta-1_adamw_seed17,xent,adamw,1.0,0.5008202317181835,5.993154525756836,0.00013621250235184727,2686.349518299103,4370.0,8951808.0,,0.15682852859298427,,,,,,,,,,,,,,,,,,,,,,,,,,,,,,1.9193212985992432,5.993154525756836,5.993154525756836,,,,,1.0,xent beta=1.0 adamw
,train,,,,,,,xent_beta-1_adamw_seed17,xent,adamw,1.0,0.5749246184892128,6.167492389678955,0.00013508708400096828,2692.7594363689423,4380.0,8972288.0,,0.15846828225409462,,,,,,,,,,,,,,,,,,,,,,,,,,,,,,2.079087257385254,6.167492389678955,6.167492389678955,,,,,1.0,xent beta=1.0 adamw
,train,,,,,,,xent_beta-1_adamw_seed17,xent,adamw,1.0,0.6295327699978652,6.33804988861084,0.00013397872109496337,2698.3050339221954,4390.0,8992768.0,,0.16256140108080347,,,,,,,,,,,,,,,,,,,,,,,,,,,,,,2.1444740295410156,6.33804988861084,6.33804988861084,,,,,1.0,xent beta=1.0 adamw
,train,,,,,,,xent_beta-1_adamw_seed17,xent,adamw,1.0,0.5862502842736061,6.399971008300781,0.00013288745919429028,2702.252209186554,4400.0,9013248.0,,0.1553221760333125,,,,,,,,,,,,,,,,,,,,,,,,,,,,,,2.0732808113098145,6.399971008300781,6.399971008300781,,,,,1.0,xent beta=1.0 adamw
,eval,,,,,,,xent_beta-1_adamw_seed17,xent,adamw,1.0,,,,2702.2543919086456,4400.0,,,,0.26312366127967834,10681.404296875,6.044194221496582,1.8993415832519531,4.452585220336914,5.535439491271973,6.578558444976807,0.9360920190801796,0.3935546513526469,1.9310299158096313,10845.861328125,2437584.5,1026.1419677734375,6.3293280601501465,6.3293280601501465,0.9552896022796631,0.9552896022796631,0.23046875,0.12461354583501816,0.1943359375,215.62985229492188,4.11316442489624,4.11316442489624,0.8355464935302734,1.2421875,0.19242222607135773,0.14453125,6.044194221496582,,,,,6.044194221496582,1.9310299158096313,,,1.0,xent beta=1.0 adamw
,train,,,,,,,xent_beta-1_adamw_seed17,xent,adamw,1.0,0.7445729529116701,6.328676223754883,0.00013181334315645165,2707.9764478206635,4410.0,9033728.0,,0.18741126601663327,,,,,,,,,,,,,,,,,,,,,,,,,,,,,,2.4717957973480225,6.328676223754883,6.328676223754883,,,,,1.0,xent beta=1.0 adamw
,train,,,,,,,xent_beta-1_adamw_seed17,xent,adamw,1.0,0.6389954995705897,6.28117036819458,0.00013075641713415067,2713.593881368637,4420.0,9054208.0,,0.16001634659618708,,,,,,,,,,,,,,,,,,,,,,,,,,,,,,1.9852632284164429,6.28117036819458,6.28117036819458,,,,,1.0,xent beta=1.0 adamw
,train,,,,,,,xent_beta-1_adamw_seed17,xent,adamw,1.0,0.8245437630433387,5.59055233001709,0.00012971672457347662,2720.8692529201508,4430.0,9074688.0,,0.17478919910688512,,,,,,,,,,,,,,,,,,,,,,,,,,,,,,1.69935941696167,5.59055233001709,5.59055233001709,,,,,1.0,xent beta=1.0 adamw
,train,,,,,,,xent_beta-1_adamw_seed17,xent,adamw,1.0,0.5143482827502053,6.293519973754883,0.0001286943082121183,2725.681651830673,4440.0,9095168.0,,0.14927592021481534,,,,,,,,,,,,,,,,,,,,,,,,,,,,,,2.0669734477996826,6.293519973754883,6.293519973754883,,,,,1.0,xent beta=1.0 adamw
,train,,,,,,,xent_beta-1_adamw_seed17,xent,adamw,1.0,0.6021513764996292,5.632985591888428,0.00012768921007760782,2729.5235028266907,4450.0,9115648.0,,0.14329880110021972,,,,,,,,,,,,,,,,,,,,,,,,,,,,,,1.765273094177246,5.632985591888428,5.632985591888428,,,,,1.0,xent beta=1.0 adamw
,train,,,,,,,xent_beta-1_adamw_seed17,xent,adamw,1.0,0.6038074909035964,5.964738368988037,0.0001267014714855929,2734.723215341568,4460.0,9136128.0,,0.15051843695932965,,,,,,,,,,,,,,,,,,,,,,,,,,,,,,1.976649522781372,5.964738368988037,5.964738368988037,,,,,1.0,xent beta=1.0 adamw
,train,,,,,,,xent_beta-1_adamw_seed17,xent,adamw,1.0,0.5189834689333148,5.981749534606934,0.00012573113303813817,2741.9611077308655,4470.0,9156608.0,,0.1463426805859549,,,,,,,,,,,,,,,,,,,,,,,,,,,,,,1.804235577583313,5.981749534606934,5.981749534606934,,,,,1.0,xent beta=1.0 adamw
,train,,,,,,,xent_beta-1_adamw_seed17,xent,adamw,1.0,0.5353364810289925,6.076956748962402,0.0001247782346220569,2748.375428199768,4480.0,9177088.0,,0.14395788254885716,,,,,,,,,,,,,,,,,,,,,,,,,,,,,,1.9349255561828613,6.076956748962402,6.076956748962402,,,,,1.0,xent beta=1.0 adamw
,train,,,,,,,xent_beta-1_adamw_seed17,xent,adamw,1.0,0.5492518356911162,6.253344535827637,0.00012384281540727047,2753.554563999176,4490.0,9197568.0,,0.1460894984297551,,,,,,,,,,,,,,,,,,,,,,,,,,,,,,1.9641914367675781,6.253344535827637,6.253344535827637,,,,,1.0,xent beta=1.0 adamw
,train,,,,,,,xent_beta-1_adamw_seed17,xent,adamw,1.0,0.5763955966083695,5.852025032043457,0.00012292491384519912,2759.6361515522003,4500.0,9218048.0,,0.14759136890740376,,,,,,,,,,,,,,,,,,,,,,,,,,,,,,1.8884769678115845,5.852025032043457,5.852025032043457,,,,,1.0,xent beta=1.0 adamw
,eval,,,,,,,xent_beta-1_adamw_seed17,xent,adamw,1.0,,,,2759.6384699344635,4500.0,,,,0.2650582790374756,10680.4990234375,6.04927921295166,1.8522958755493164,4.410366058349609,5.526058673858643,,,,1.93611478805542,10843.7548828125,2437763.25,1006.73046875,6.3079023361206055,6.3079023361206055,0.9576081037521362,0.9576081037521362,0.2470703125,0.12093507498502731,0.197265625,215.62985229492188,4.11316442489624,4.11316442489624,0.8355464935302734,1.2421875,0.19242222607135773,0.14453125,6.04927921295166,,,,,6.04927921295166,1.93611478805542,,,1.0,xent beta=1.0 adamw
,train,,,,,,,xent_beta-1_adamw_seed17,xent,adamw,1.0,0.63614589085557,6.350703716278076,0.00012202456766718093,2767.4573278427124,4510.0,9238528.0,,0.1489161969444976,,,,,,,,,,,,,,,,,,,,,,,,,,,,,,2.1912593841552734,6.350703716278076,6.350703716278076,,,,,1.0,xent beta=1.0 adamw
,train,,,,,,,xent_beta-1_adamw_seed17,xent,adamw,1.0,0.5391847631121576,6.000958442687988,0.00012114181388292079,2773.147839307785,4520.0,9259008.0,,0.1371908372990506,,,,,,,,,,,,,,,,,,,,,,,,,,,,,,1.8773553371429443,6.000958442687988,6.000958442687988,,,,,1.0,xent beta=1.0 adamw
,train,,,,,,,xent_beta-1_adamw_seed17,xent,adamw,1.0,0.5527978514662001,6.326639175415039,0.00012027668877896935,2780.782429456711,4530.0,9279488.0,,0.14153030140579412,,,,,,,,,,,,,,,,,,,,,,,,,,,,,,2.129133701324463,6.326639175415039,6.326639175415039,,,,,1.0,xent beta=1.0 adamw
,train,,,,,,,xent_beta-1_adamw_seed17,xent,adamw,1.0,0.49624035220195617,5.929746627807617,0.00011942922791723108,2786.29891371727,4540.0,9299968.0,,0.13790863470586096,,,,,,,,,,,,,,,,,,,,,,,,,,,,,,1.8215571641921997,5.929746627807617,5.929746627807617,,,,,1.0,xent beta=1.0 adamw
,train,,,,,,,xent_beta-1_adamw_seed17,xent,adamw,1.0,0.563627150452908,6.060905933380127,0.00011859946613350275,2793.292251110077,4550.0,9320448.0,,0.13904399128019274,,,,,,,,,,,,,,,,,,,,,,,,,,,,,,1.980411171913147,6.060905933380127,6.060905933380127,,,,,1.0,xent beta=1.0 adamw
,train,,,,,,,xent_beta-1_adamw_seed17,xent,adamw,1.0,0.5044480170047985,5.882621765136719,0.00011778743753604132,2800.647617340088,4560.0,9340928.0,,0.1357895653780013,,,,,,,,,,,,,,,,,,,,,,,,,,,,,,1.7787736654281616,5.882621765136719,5.882621765136719,,,,,1.0,xent beta=1.0 adamw
,train,,,,,,,xent_beta-1_adamw_seed17,xent,adamw,1.0,0.5716639627697816,6.05228328704834,0.00011699317550416208,2807.0153687000275,4570.0,9361408.0,,0.13190029458396801,,,,,,,,,,,,,,,,,,,,,,,,,,,,,,1.9917123317718506,6.05228328704834,6.05228328704834,,,,,1.0,xent beta=1.0 adamw
,train,,,,,,,xent_beta-1_adamw_seed17,xent,adamw,1.0,0.5185738350417212,6.305318355560303,0.00011621671268686605,2812.3716151714325,4580.0,9381888.0,,0.1348242981590091,,,,,,,,,,,,,,,,,,,,,,,,,,,,,,2.037809371948242,6.305318355560303,6.305318355560303,,,,,1.0,xent beta=1.0 adamw
,train,,,,,,,xent_beta-1_adamw_seed17,xent,adamw,1.0,0.5134952633566352,6.163315773010254,0.00011545808100149851,2819.6643028259277,4590.0,9402368.0,,0.13581972731106248,,,,,,,,,,,,,,,,,,,,,,,,,,,,,,1.9208009243011475,6.163315773010254,6.163315773010254,,,,,1.0,xent beta=1.0 adamw
,train,,,,,,,xent_beta-1_adamw_seed17,xent,adamw,1.0,0.6017251461965464,6.344974517822266,0.00011471731163243675,2825.139430999756,4600.0,9422848.0,,0.13652538440140002,,,,,,,,,,,,,,,,,,,,,,,,,,,,,,2.1269373893737793,6.344974517822266,6.344974517822266,,,,,1.0,xent beta=1.0 adamw
,eval,,,,,,,xent_beta-1_adamw_seed17,xent,adamw,1.0,,,,2825.14160323143,4600.0,,,,0.26444777846336365,10678.2138671875,6.03662109375,1.904327154159546,4.429003715515137,5.500028133392334,6.495075702667236,0.9445139169683547,0.3898743027369834,1.9234564304351807,10840.5517578125,2437907.0,950.4847412109375,6.2607622146606445,6.2607622146606445,0.9556812047958374,0.9556812047958374,0.228515625,0.12577036023139954,0.1884765625,215.62985229492188,4.11316442489624,4.11316442489624,0.8355464935302734,1.2421875,0.19242222607135773,0.14453125,6.03662109375,,,,,6.03662109375,1.9234564304351807,,,1.0,xent beta=1.0 adamw
,train,,,,,,,xent_beta-1_adamw_seed17,xent,adamw,1.0,0.5749737641994945,6.073065757751465,0.00011399443502980814,2829.7936351299286,4610.0,9443328.0,,0.1309262281819984,,,,,,,,,,,,,,,,,,,,,,,,,,,,,,2.092970848083496,6.073065757751465,6.073065757751465,,,,,1.0,xent beta=1.0 adamw
,train,,,,,,,xent_beta-1_adamw_seed17,xent,adamw,1.0,0.5534853554265704,6.440057754516602,0.00011328948090823842,2835.5619266033173,4620.0,9463808.0,,0.13251546201051656,,,,,,,,,,,,,,,,,,,,,,,,,,,,,,2.240560531616211,6.440057754516602,6.440057754516602,,,,,1.0,xent beta=1.0 adamw
,train,,,,,,,xent_beta-1_adamw_seed17,xent,adamw,1.0,0.5271377481984185,6.397823333740234,0.00011260247824563048,2842.2671372890472,4630.0,9484288.0,,0.13125445529081625,,,,,,,,,,,,,,,,,,,,,,,,,,,,,,2.015070915222168,6.397823333740234,6.397823333740234,,,,,1.0,xent beta=1.0 adamw
,train,,,,,,,xent_beta-1_adamw_seed17,xent,adamw,1.0,0.6682139593322821,5.97575569152832,0.00011193345528197292,2847.602987766266,4640.0,9504768.0,,0.13074297294697138,,,,,,,,,,,,,,,,,,,,,,,,,,,,,,1.9575425386428833,5.97575569152832,5.97575569152832,,,,,1.0,xent beta=1.0 adamw
,train,,,,,,,xent_beta-1_adamw_seed17,xent,adamw,1.0,0.5237682160686479,6.196966171264648,0.00011128243951817938,2854.4013438224792,4650.0,9525248.0,,0.12854112247469454,,,,,,,,,,,,,,,,,,,,,,,,,,,,,,2.0036895275115967,6.196966171264648,6.196966171264648,,,,,1.0,xent beta=1.0 adamw
,train,,,,,,,xent_beta-1_adamw_seed17,xent,adamw,1.0,0.508031220280387,5.696227073669434,0.00011064945771495816,2862.221883058548,4660.0,9545728.0,,0.12839218881249936,,,,,,,,,,,,,,,,,,,,,,,,,,,,,,1.7073673009872437,5.696227073669434,5.696227073669434,,,,,1.0,xent beta=1.0 adamw
,train,,,,,,,xent_beta-1_adamw_seed17,xent,adamw,1.0,0.6075256152850216,6.349709987640381,0.0001100345358917119,2867.54785490036,4670.0,9566208.0,,0.12876619704774386,,,,,,,,,,,,,,,,,,,,,,,,,,,,,,2.2011523246765137,6.349709987640381,6.349709987640381,,,,,1.0,xent beta=1.0 adamw
,train,,,,,,,xent_beta-1_adamw_seed17,xent,adamw,1.0,0.6184359062804348,6.248162269592285,0.00010943769932546821,2872.317544698715,4680.0,9586688.0,,0.1512715259601856,,,,,,,,,,,,,,,,,,,,,,,,,,,,,,2.10919189453125,6.248162269592285,6.248162269592285,,,,,1.0,xent beta=1.0 adamw
,train,,,,,,,xent_beta-1_adamw_seed17,xent,adamw,1.0,0.5203196401392843,5.855320930480957,0.00010885897254984074,2876.986303806305,4690.0,9607168.0,,0.12615795603564064,,,,,,,,,,,,,,,,,,,,,,,,,,,,,,1.8859939575195312,5.855320930480957,5.855320930480957,,,,,1.0,xent beta=1.0 adamw
,train,,,,,,,xent_beta-1_adamw_seed17,xent,adamw,1.0,0.9096783991805985,6.0632758140563965,0.00010829837935402057,2882.7633855342865,4700.0,9627648.0,,0.14246632106290766,,,,,,,,,,,,,,,,,,,,,,,,,,,,,,2.1312637329101562,6.0632758140563965,6.0632758140563965,,,,,1.0,xent beta=1.0 adamw
,eval,,,,,,,xent_beta-1_adamw_seed17,xent,adamw,1.0,,,,2882.7654337882996,4700.0,,,,0.26376989483833313,10681.361328125,6.034615993499756,1.893986701965332,4.440778732299805,5.502486228942871,,,,1.9214515686035156,10845.6455078125,2437560.75,1017.5602416992188,6.323179721832275,6.323179721832275,0.9575910568237305,0.9575910568237305,0.2255859375,0.12190324813127518,0.1875,215.62985229492188,4.11316442489624,4.11316442489624,0.8355464935302734,1.2421875,0.19242222607135773,0.14453125,6.034615993499756,,,,,6.034615993499756,1.9214515686035156,,,1.0,xent beta=1.0 adamw
,train,,,,,,,xent_beta-1_adamw_seed17,xent,adamw,1.0,0.5577114624053912,6.131374835968018,0.00010775594278179828,2887.676458835602,4710.0,9648128.0,,0.12881264114270677,,,,,,,,,,,,,,,,,,,,,,,,,,,,,,2.020761013031006,6.131374835968018,6.131374835968018,,,,,1.0,xent beta=1.0 adamw
,train,,,,,,,xent_beta-1_adamw_seed17,xent,adamw,1.0,0.6045492669513272,6.010711193084717,0.00010723168513061665,2895.004647731781,4720.0,9668608.0,,0.12795156593879672,,,,,,,,,,,,,,,,,,,,,,,,,,,,,,1.858618974685669,6.010711193084717,6.010711193084717,,,,,1.0,xent beta=1.0 adamw
,train,,,,,,,xent_beta-1_adamw_seed17,xent,adamw,1.0,0.718741054974737,5.652070045471191,0.00010672562795065448,2900.263172864914,4730.0,9689088.0,,0.126658801734906,,,,,,,,,,,,,,,,,,,,,,,,,,,,,,1.746302604675293,5.652070045471191,5.652070045471191,,,,,1.0,xent beta=1.0 adamw
,train,,,,,,,xent_beta-1_adamw_seed17,xent,adamw,1.0,0.5125021385288822,6.159623146057129,0.00010623779204394029,2904.7467744350433,4740.0,9709568.0,,0.12881158216576166,,,,,,,,,,,,,,,,,,,,,,,,,,,,,,1.8904871940612793,6.159623146057129,6.159623146057129,,,,,1.0,xent beta=1.0 adamw
,train,,,,,,,xent_beta-1_adamw_seed17,xent,adamw,1.0,1.2908255959625499,6.434077739715576,0.00010576819746349742,2910.553614139557,4750.0,9730048.0,,0.17413735199254685,,,,,,,,,,,,,,,,,,,,,,,,,,,,,,2.5267581939697266,6.434077739715576,6.434077739715576,,,,,1.0,xent beta=1.0 adamw
,train,,,,,,,xent_beta-1_adamw_seed17,xent,adamw,1.0,0.5816716990021087,6.233980178833008,0.00010531686351251996,2917.587208509445,4760.0,9750528.0,,0.1359841832763759,,,,,,,,,,,,,,,,,,,,,,,,,,,,,,2.037459373474121,6.233980178833008,6.233980178833008,,,,,1.0,xent beta=1.0 adamw
,train,,,,,,,xent_beta-1_adamw_seed17,xent,adamw,1.0,0.5766184230786344,6.309519290924072,0.00010488380874357872,2924.1073627471924,4770.0,9771008.0,,0.12563677216172903,,,,,,,,,,,,,,,,,,,,,,,,,,,,,,2.006856679916382,6.309519290924072,6.309519290924072,,,,,1.0,xent beta=1.0 adamw
,train,,,,,,,xent_beta-1_adamw_seed17,xent,adamw,1.0,0.5271078135521406,6.234530448913574,0.0001044690509578592,2930.995510339737,4780.0,9791488.0,,0.13582946419918762,,,,,,,,,,,,,,,,,,,,,,,,,,,,,,2.0073130130767822,6.234530448913574,6.234530448913574,,,,,1.0,xent beta=1.0 adamw
,train,,,,,,,xent_beta-1_adamw_seed17,xent,adamw,1.0,0.5328429355153854,6.107598304748535,0.00010407260720442939,2937.213255882263,4790.0,9811968.0,,0.12386396789269132,,,,,,,,,,,,,,,,,,,,,,,,,,,,,,1.9458425045013428,6.107598304748535,6.107598304748535,,,,,1.0,xent beta=1.0 adamw
,train,,,,,,,xent_beta-1_adamw_seed17,xent,adamw,1.0,0.6736901146432341,6.152957916259766,0.00010369449377953928,2941.4593348503113,4800.0,9832448.0,,0.12157425453890906,,,,,,,,,,,,,,,,,,,,,,,,,,,,,,2.0741324424743652,6.152957916259766,6.152957916259766,,,,,1.0,xent beta=1.0 adamw
,eval,,,,,,,xent_beta-1_adamw_seed17,xent,adamw,1.0,,,,2941.46160531044,4800.0,,,,0.2632508873939514,10680.814453125,6.030006408691406,1.875066876411438,4.442653179168701,5.510769844055176,6.541877269744873,0.9440340399732685,0.3899664813256227,1.916841983795166,10845.3525390625,2437743.25,1018.8989868164062,6.349301338195801,6.349301338195801,0.959247887134552,0.959247887134552,0.2265625,0.11998061090707779,0.1875,215.62985229492188,4.11316442489624,4.11316442489624,0.8355464935302734,1.2421875,0.19242222607135773,0.14453125,6.030006408691406,,,,,6.030006408691406,1.916841983795166,,,1.0,xent beta=1.0 adamw
,train,,,,,,,xent_beta-1_adamw_seed17,xent,adamw,1.0,0.5665740335330487,6.119813919067383,0.00010333472622595075,2946.5622520446777,4810.0,9852928.0,,0.12106472860887436,,,,,,,,,,,,,,,,,,,,,,,,,,,,,,1.930992603302002,6.119813919067383,6.119813919067383,,,,,1.0,xent beta=1.0 adamw
,train,,,,,,,xent_beta-1_adamw_seed17,xent,adamw,1.0,0.585084676116055,6.157064437866211,0.00010299331933229888,2951.884711265564,4820.0,9873408.0,,0.125950019022922,,,,,,,,,,,,,,,,,,,,,,,,,,,,,,2.0366110801696777,6.157064437866211,6.157064437866211,,,,,1.0,xent beta=1.0 adamw
,train,,,,,,,xent_beta-1_adamw_seed17,xent,adamw,1.0,0.5578656349175084,5.983650207519531,0.00010267028713248386,2959.78489112854,4830.0,9893888.0,,0.13711943881502547,,,,,,,,,,,,,,,,,,,,,,,,,,,,,,1.9206910133361816,5.983650207519531,5.983650207519531,,,,,1.0,xent beta=1.0 adamw
,train,,,,,,,xent_beta-1_adamw_seed17,xent,adamw,1.0,0.5938572284407931,6.153645992279053,0.00010236564290509418,2965.4513454437256,4840.0,9914368.0,,0.12998750208334434,,,,,,,,,,,,,,,,,,,,,,,,,,,,,,2.1154897212982178,6.153645992279053,6.153645992279053,,,,,1.0,xent beta=1.0 adamw
,train,,,,,,,xent_beta-1_adamw_seed17,xent,adamw,1.0,0.5322673578431563,5.7992777824401855,0.0001020793991728608,2971.130585670471,4850.0,9934848.0,,0.12146152630890424,,,,,,,,,,,,,,,,,,,,,,,,,,,,,,1.8953838348388672,5.7992777824401855,5.7992777824401855,,,,,1.0,xent beta=1.0 adamw
,train,,,,,,,xent_beta-1_adamw_seed17,xent,adamw,1.0,0.5520272120895757,5.712673187255859,0.00010181156770214242,2976.5505018234253,4860.0,9955328.0,,0.1177172252612129,,,,,,,,,,,,,,,,,,,,,,,,,,,,,,1.7166337966918945,5.712673187255859,5.712673187255859,,,,,1.0,xent beta=1.0 adamw
,train,,,,,,,xent_beta-1_adamw_seed17,xent,adamw,1.0,0.5281835791780266,6.185863494873047,0.0001015621595024418,2981.6018345355988,4870.0,9975808.0,,0.11614602835272415,,,,,,,,,,,,,,,,,,,,,,,,,,,,,,1.9990628957748413,6.185863494873047,6.185863494873047,,,,,1.0,xent beta=1.0 adamw
,train,,,,,,,xent_beta-1_adamw_seed17,xent,adamw,1.0,0.5418640123866102,5.919832229614258,0.00010133118482595318,2987.7412383556366,4880.0,9996288.0,,0.11597975856781798,,,,,,,,,,,,,,,,,,,,,,,,,,,,,,1.8741273880004883,5.919832229614258,5.919832229614258,,,,,1.0,xent beta=1.0 adamw
,train,,,,,,,xent_beta-1_adamw_seed17,xent,adamw,1.0,2.049135875882972,6.116121768951416,0.00010111865316714077,2992.0197064876556,4890.0,10016768.0,,0.1285837991749939,,,,,,,,,,,,,,,,,,,,,,,,,,,,,,2.567566394805908,6.116121768951416,6.116121768951416,,,,,1.0,xent beta=1.0 adamw
,train,,,,,,,xent_beta-1_adamw_seed17,xent,adamw,1.0,0.771240898019438,5.8891801834106445,0.00010092457326234867,2997.397897005081,4900.0,10037248.0,,0.1475877405381646,,,,,,,,,,,,,,,,,,,,,,,,,,,,,,1.9685617685317993,5.8891801834106445,5.8891801834106445,,,,,1.0,xent beta=1.0 adamw
,eval,,,,,,,xent_beta-1_adamw_seed17,xent,adamw,1.0,,,,2997.4001247882843,4900.0,,,,0.26634180545806885,10684.2529296875,6.05079984664917,1.962785243988037,4.505523681640625,5.515117645263672,,,,1.9376357793807983,10850.2734375,2437379.75,1061.6934814453125,6.359690189361572,6.359690189361572,0.9585163593292236,0.9585163593292236,0.220703125,0.1229766309261322,0.18359375,215.62985229492188,4.11316442489624,4.11316442489624,0.8355464935302734,1.2421875,0.19242222607135773,0.14453125,6.05079984664917,,,,,6.05079984664917,1.9376357793807983,,,1.0,xent beta=1.0 adamw
,train,,,,,,,xent_beta-1_adamw_seed17,xent,adamw,1.0,0.6857871241212063,6.405369758605957,0.00010074895308944163,3001.6740217208862,4910.0,10057728.0,,0.1278902939140838,,,,,,,,,,,,,,,,,,,,,,,,,,,,,,2.1058590412139893,6.405369758605957,6.405369758605957,,,,,1.0,xent beta=1.0 adamw
,train,,,,,,,xent_beta-1_adamw_seed17,xent,adamw,1.0,0.6175841309379363,6.198091506958008,0.00010059179986747703,3011.2585010528564,4920.0,10078208.0,,0.12203075436675914,,,,,,,,,,,,,,,,,,,,,,,,,,,,,,2.1379990577697754,6.198091506958008,6.198091506958008,,,,,1.0,xent beta=1.0 adamw
,train,,,,,,,xent_beta-1_adamw_seed17,xent,adamw,1.0,0.4758928983748293,5.8484601974487305,0.00010045312005640844,3018.2559518814087,4930.0,10098688.0,,0.11540579246111814,,,,,,,,,,,,,,,,,,,,,,,,,,,,,,1.6996328830718994,5.8484601974487305,5.8484601974487305,,,,,1.0,xent beta=1.0 adamw
,train,,,,,,,xent_beta-1_adamw_seed17,xent,adamw,1.0,0.6766889982090386,6.127910614013672,0.00010033291935681956,3025.493838787079,4940.0,10119168.0,,0.1323114091462933,,,,,,,,,,,,,,,,,,,,,,,,,,,,,,2.022152900695801,6.127910614013672,6.127910614013672,,,,,1.0,xent beta=1.0 adamw
,train,,,,,,,xent_beta-1_adamw_seed17,xent,adamw,1.0,0.5651105625316187,6.191802024841309,0.00010023120270969045,3031.5025627613068,4950.0,10139648.0,,0.11583494734470832,,,,,,,,,,,,,,,,,,,,,,,,,,,,,,2.0506536960601807,6.191802024841309,6.191802024841309,,,,,1.0,xent beta=1.0 adamw
,train,,,,,,,xent_beta-1_adamw_seed17,xent,adamw,1.0,0.9454781806122334,5.873894691467285,0.0001001479742961941,3036.215099811554,4960.0,10160128.0,,0.1186754470556816,,,,,,,,,,,,,,,,,,,,,,,,,,,,,,1.900773048400879,5.873894691467285,5.873894691467285,,,,,1.0,xent beta=1.0 adamw
,train,,,,,,,xent_beta-1_adamw_seed17,xent,adamw,1.0,0.6186375336547766,6.006470680236816,0.0001000832375375245,3044.2420043945312,4970.0,10180608.0,,0.11886001210126754,,,,,,,,,,,,,,,,,,,,,,,,,,,,,,1.9516656398773193,6.006470680236816,6.006470680236816,,,,,1.0,xent beta=1.0 adamw
,train,,,,,,,xent_beta-1_adamw_seed17,xent,adamw,1.0,1.036798112630604,6.25778341293335,0.00010003699509475634,3050.283170223236,4980.0,10201088.0,,0.1272025706248289,,,,,,,,,,,,,,,,,,,,,,,,,,,,,,2.1304070949554443,6.25778341293335,6.25778341293335,,,,,1.0,xent beta=1.0 adamw
,train,,,,,,,xent_beta-1_adamw_seed17,xent,adamw,1.0,0.49785164395540127,5.997366905212402,0.00010000924886873528,3057.299106836319,4990.0,10221568.0,,0.1144273508018109,,,,,,,,,,,,,,,,,,,,,,,,,,,,,,1.875756859779358,5.997366905212402,5.997366905212402,,,,,1.0,xent beta=1.0 adamw
,eval,,,,,,,xent_beta-1_adamw_seed17,xent,adamw,1.0,,,,3062.9009125232697,4999.0,,,,0.2634977102279663,10681.3359375,6.034482955932617,1.934173822402954,4.462493896484375,5.516885757446289,6.649728298187256,0.9379030466070332,0.3915991122479762,1.9213190078735352,10845.208984375,2437496.25,1007.903076171875,6.284371852874756,6.284371852874756,0.9549717307090759,0.9549717307090759,0.2265625,0.12639296054840088,0.1923828125,215.62985229492188,4.11316442489624,4.11316442489624,0.8355464935302734,1.2421875,0.19242222607135773,0.14453125,6.034482955932617,,,,,6.034482955932617,1.9213190078735352,,,1.0,xent beta=1.0 adamw
,weights_saved,,,,,,,xent_beta-1_adamw_seed17,xent,adamw,1,,,,,5000.0,,,,,,,,,,,,,,,,,,,,,,,,,,,,,,,,/n/netscratch/pehlevan_lab/Lab/sab/xent_beta-1_adamw_seed17_student_final.pt,,,,,,,,1,xent beta=1 adamw
,done,,,,,,,xent_beta-1_adamw_seed17,xent,adamw,1,,,,3068.6387355327606,5000.0,,,,,,,,,,,,,,,,,,,,,,,,,,,,,,,,,,,,,,,,1,xent beta=1 adamw
cuda,start,13279872.0,smoke_5000_script_check,/n/netscratch/pehlevan_lab/Lab/sab/teacher_logit_cache/eleutherai-pythia-70m-deduped_allenai-c4_seed17_bs2_seq64_bf16_d9ad3f2f85903b50,4.0,readwrite,2.0,smoke_5000_script_check,xent,adamw,1,,,,,,,,,,,,,,,,,,,,,,,,,,,,,,,,,,,,,,,,,,,,,1,xent beta=1 adamw
,train,,,,,,,smoke_5000_script_check,xent,adamw,1.0,1.936773512070859,10.889165878295898,1e-05,4.548779249191284,0.0,128.0,,0.05102410928005123,,,,,,,,,,,,,,,,,,,,,,,,,,,,,,6.726058006286621,10.889165878295898,10.889165878295898,,,,,1.0,xent beta=1.0 adamw
,eval,,,,,,,smoke_5000_script_check,xent,adamw,1.0,,,,6.955628395080566,0.0,,,,0.3011610209941864,10758.92578125,10.86366081237793,1.3639365434646606,10.891571998596191,10.868821144104004,6.715331077575684,0.999999821185055,0.5162409255643049,6.767504692077637,11023.2216796875,2417277.0,47801.7734375,10.774818420410156,10.774818420410156,0.9999779462814331,0.9999779462814331,0.0,7.308291969820857e-05,0.0,210.11505126953125,4.096156120300293,4.096156120300293,0.8305179476737976,1.3125,0.19943106174468994,0.16796875,10.86366081237793,,,,,10.86366081237793,6.767504692077637,,,1.0,xent beta=1.0 adamw
,eval,,,,,,,smoke_5000_script_check,xent,adamw,1.0,,,,7.16250205039978,4.0,,,,0.3011554777622223,10758.8876953125,10.798319816589355,1.216070532798767,10.744217872619629,10.789993286132812,6.591883182525635,0.9996528029224891,0.512779624031247,6.7021636962890625,11023.1904296875,2417299.5,47808.7578125,10.774964332580566,10.774964332580566,0.9999779462814331,0.9999779462814331,0.0,7.30693936930038e-05,0.0,210.11505126953125,4.096156120300293,4.096156120300293,0.8305179476737976,1.3125,0.19943106174468994,0.16796875,10.798319816589355,,,,,10.798319816589355,6.7021636962890625,,,1.0,xent beta=1.0 adamw
,weights_saved,,,,,,,smoke_5000_script_check,xent,adamw,1,,,,,5.0,,,,,,,,,,,,,,,,,,,,,,,,,,,,,,,,/n/netscratch/pehlevan_lab/Lab/sab/smoke_5000_script_check_student_final.pt,,,,,,,,1,xent beta=1 adamw
,done,,,,,,,smoke_5000_script_check,xent,adamw,1,,,,7.979231595993042,5.0,,,,,,,,,,,,,,,,,,,,,,,,,,,,,,,,,,,,,,,,1,xent beta=1 adamw
cuda,start,76751360.0,xent_beta-4_adamw_seed17,/n/netscratch/pehlevan_lab/Lab/sab/teacher_logit_cache/eleutherai-pythia-70m-deduped_allenai-c4_seed17_bs16_seq128_bf16_f440db3ba4861202,,readwrite,2.0,xent_beta-4_adamw_seed17,xent,adamw,4,,,,,,,,,,,,,,,,,,,,,,,,,,,,,,,,,,,,,,,,,,,,,4,xent beta=4 adamw
,train,,,,,,,xent_beta-4_adamw_seed17,xent,adamw,4.0,5.4285943510043,2.9184117317199707,1e-05,1.728391170501709,0.0,2048.0,,0.04859082685930255,,,,,,,,,,,,,,,,,,,,,,,,,,,,,,8.429581642150879,2.9184117317199707,11.673646926879883,,,,,4.0,xent beta=4.0 adamw
,eval,,,,,,,xent_beta-4_adamw_seed17,xent,adamw,4.0,,,,2.3831658363342285,0.0,,,,1.393589973449707,10769.8271484375,2.828089714050293,1.1234511137008667,10.643261909484863,10.799593925476074,4.600283145904541,0.9998102784146801,0.33361145853962915,6.69207239151001,11037.42578125,2417637.5,22258.25,10.010368347167969,10.774869918823242,15.998364448547363,0.9999779462814331,0.0,0.002186349593102932,0.0,163.21095275878906,3.1589956283569336,4.11316442489624,12.27389144897461,1.2421875,0.23288176953792572,0.14453125,10.80523681640625,,,,,11.312358856201172,8.153363227844238,,,4.0,xent beta=4.0 adamw
,train,,,,,,,xent_beta-4_adamw_seed17,xent,adamw,4.0,1.4856512167097797,2.3590633869171143,0.00011,8.89815616607666,10.0,22528.0,,0.25467404427313356,,,,,,,,,,,,,,,,,,,,,,,,,,,,,,6.107356071472168,2.3590633869171143,9.436253547668457,,,,,4.0,xent beta=4.0 adamw
,train,,,,,,,xent_beta-4_adamw_seed17,xent,adamw,4.0,0.8635151540751415,2.033982276916504,0.00021,16.6354238986969,20.0,43008.0,,0.42834162294140243,,,,,,,,,,,,,,,,,,,,,,,,,,,,,,4.789898872375488,2.033982276916504,8.135929107666016,,,,,4.0,xent beta=4.0 adamw
,train,,,,,,,xent_beta-4_adamw_seed17,xent,adamw,4.0,0.7718868925337558,1.8693675994873047,0.00031,23.641072511672974,30.0,63488.0,,0.4782183970603874,,,,,,,,,,,,,,,,,,,,,,,,,,,,,,4.282387733459473,1.8693675994873047,7.477470397949219,,,,,4.0,xent beta=4.0 adamw
,train,,,,,,,xent_beta-4_adamw_seed17,xent,adamw,4.0,1.0104389086407104,1.8662245273590088,0.00041,31.756453275680542,40.0,83968.0,,0.45545520550701724,,,,,,,,,,,,,,,,,,,,,,,,,,,,,,4.207911491394043,1.8662245273590088,7.464898109436035,,,,,4.0,xent beta=4.0 adamw
,train,,,,,,,xent_beta-4_adamw_seed17,xent,adamw,4.0,1.9923790306548441,1.7886574268341064,0.00051,39.742597818374634,50.0,104448.0,,0.655856448595997,,,,,,,,,,,,,,,,,,,,,,,,,,,,,,4.598404407501221,1.7886574268341064,7.154629707336426,,,,,4.0,xent beta=4.0 adamw
,train,,,,,,,xent_beta-4_adamw_seed17,xent,adamw,4.0,0.8582593744172391,1.3398094177246094,0.00061,45.130218505859375,60.0,124928.0,,0.7216276512126952,,,,,,,,,,,,,,,,,,,,,,,,,,,,,,2.846785068511963,1.3398094177246094,5.3592376708984375,,,,,4.0,xent beta=4.0 adamw
,train,,,,,,,xent_beta-4_adamw_seed17,xent,adamw,4.0,1.0428365099485923,1.9236174821853638,0.00071,51.318382263183594,70.0,145408.0,,0.7821401032902506,,,,,,,,,,,,,,,,,,,,,,,,,,,,,,4.460079193115234,1.9236174821853638,7.694469928741455,,,,,4.0,xent beta=4.0 adamw
,train,,,,,,,xent_beta-4_adamw_seed17,xent,adamw,4.0,0.8905871717695337,1.8644599914550781,0.0008100000000000001,55.57229804992676,80.0,165888.0,,0.7741927737941814,,,,,,,,,,,,,,,,,,,,,,,,,,,,,,4.18843412399292,1.8644599914550781,7.4578399658203125,,,,,4.0,xent beta=4.0 adamw
,train,,,,,,,xent_beta-4_adamw_seed17,xent,adamw,4.0,0.7140312626656141,1.8297923803329468,0.00091,63.51716327667236,90.0,186368.0,,0.818022032358651,,,,,,,,,,,,,,,,,,,,,,,,,,,,,,4.110079765319824,1.8297923803329468,7.319169521331787,,,,,4.0,xent beta=4.0 adamw
,train,,,,,,,xent_beta-4_adamw_seed17,xent,adamw,4.0,1.0895862540289456,1.7641034126281738,0.001,68.73897242546082,100.0,206848.0,,0.8588092126542166,,,,,,,,,,,,,,,,,,,,,,,,,,,,,,3.8871212005615234,1.7641034126281738,7.056413650512695,,,,,4.0,xent beta=4.0 adamw
,eval,,,,,,,xent_beta-4_adamw_seed17,xent,adamw,4.0,,,,68.74143314361572,100.0,,,,1.4048969745635986,10754.953125,1.785054087638855,0.5780846476554871,8.642443656921387,9.239738464355469,,,,5.239843845367432,11018.267578125,2420308.25,1049.8203125,6.580369472503662,10.633139610290527,15.333701133728027,0.9999701976776123,0.1083984375,0.12049177289009094,0.087890625,163.21095275878906,3.1589956283569336,4.11316442489624,12.27389144897461,1.2421875,0.23288176953792572,0.14453125,9.353007316589355,,,,,7.14021635055542,3.9812211990356445,,,4.0,xent beta=4.0 adamw
,train,,,,,,,xent_beta-4_adamw_seed17,xent,adamw,4.0,0.806617902220765,1.7156970500946045,0.0009999907511312647,75.29300236701965,110.0,227328.0,,0.8732533435407224,,,,,,,,,,,,,,,,,,,,,,,,,,,,,,3.638789176940918,1.7156970500946045,6.862788200378418,,,,,4.0,xent beta=4.0 adamw
,train,,,,,,,xent_beta-4_adamw_seed17,xent,adamw,4.0,0.7215406678711557,1.7613670825958252,0.0009999630049052437,81.83898997306824,120.0,247808.0,,0.8965820207000355,,,,,,,,,,,,,,,,,,,,,,,,,,,,,,3.8006439208984375,1.7613670825958252,7.045468330383301,,,,,4.0,xent beta=4.0 adamw
,train,,,,,,,xent_beta-4_adamw_seed17,xent,adamw,4.0,0.7764631262058161,1.8102151155471802,0.0009999167624624755,89.93811511993408,130.0,268288.0,,0.9313154943853182,,,,,,,,,,,,,,,,,,,,,,,,,,,,,,4.0193681716918945,1.8102151155471802,7.240860462188721,,,,,4.0,xent beta=4.0 adamw
,train,,,,,,,xent_beta-4_adamw_seed17,xent,adamw,4.0,0.5773959129224888,1.7002208232879639,0.000999852025703806,96.54925322532654,140.0,288768.0,,0.8982531216292563,,,,,,,,,,,,,,,,,,,,,,,,,,,,,,3.706258773803711,1.7002208232879639,6.8008832931518555,,,,,4.0,xent beta=4.0 adamw
,train,,,,,,,xent_beta-4_adamw_seed17,xent,adamw,4.0,0.6284306819195267,1.7175633907318115,0.0009997687972903096,102.25943303108215,150.0,309248.0,,0.9028461079877922,,,,,,,,,,,,,,,,,,,,,,,,,,,,,,3.6197962760925293,1.7175633907318115,6.870253562927246,,,,,4.0,xent beta=4.0 adamw
,train,,,,,,,xent_beta-4_adamw_seed17,xent,adamw,4.0,0.7337928453924322,1.8107562065124512,0.0009996670806431804,108.47095274925232,160.0,329728.0,,0.9681833209062056,,,,,,,,,,,,,,,,,,,,,,,,,,,,,,4.094539642333984,1.8107562065124512,7.243024826049805,,,,,4.0,xent beta=4.0 adamw
,train,,,,,,,xent_beta-4_adamw_seed17,xent,adamw,4.0,1.171138319067928,1.719809651374817,0.0009995468799435915,112.90597462654114,170.0,350208.0,,0.9597225942497775,,,,,,,,,,,,,,,,,,,,,,,,,,,,,,3.6464364528656006,1.719809651374817,6.879238605499268,,,,,4.0,xent beta=4.0 adamw
,train,,,,,,,xent_beta-4_adamw_seed17,xent,adamw,4.0,0.5455559082208581,1.6561092138290405,0.000999408200132523,119.44078230857849,180.0,370688.0,,0.9265744405609341,,,,,,,,,,,,,,,,,,,,,,,,,,,,,,3.356505870819092,1.6561092138290405,6.624436855316162,,,,,4.0,xent beta=4.0 adamw
,train,,,,,,,xent_beta-4_adamw_seed17,xent,adamw,4.0,0.8616198323654233,1.7650136947631836,0.0009992510469105584,126.24434328079224,190.0,391168.0,,0.9949049746341948,,,,,,,,,,,,,,,,,,,,,,,,,,,,,,3.881425142288208,1.7650136947631836,7.060054779052734,,,,,4.0,xent beta=4.0 adamw
,train,,,,,,,xent_beta-4_adamw_seed17,xent,adamw,4.0,0.5665142011704377,1.656008243560791,0.0009990754267376514,134.41814994812012,200.0,411648.0,,1.0218498685342734,,,,,,,,,,,,,,,,,,,,,,,,,,,,,,3.495889663696289,1.656008243560791,6.624032974243164,,,,,4.0,xent beta=4.0 adamw
,eval,,,,,,,xent_beta-4_adamw_seed17,xent,adamw,4.0,,,,134.4206039905548,200.0,,,,1.3929256200790405,10749.671875,1.71083402633667,0.6047933101654053,8.632658958435059,9.107446670532227,3.711616039276123,0.9864066235059544,0.3072485808875219,5.116507530212402,11011.630859375,2421044.25,1208.1529541015625,6.688795566558838,10.597644805908203,15.472067832946777,0.9999682903289795,0.1884765625,0.11574307084083557,0.1201171875,163.21095275878906,3.1589956283569336,4.11316442489624,12.27389144897461,1.2421875,0.23288176953792572,0.14453125,9.229671478271484,,,,,6.84333610534668,3.684340715408325,,,4.0,xent beta=4.0 adamw
,train,,,,,,,xent_beta-4_adamw_seed17,xent,adamw,4.0,0.5056694470082336,1.696069598197937,0.0009988813468328594,141.48244309425354,210.0,432128.0,,0.9596938935354341,,,,,,,,,,,,,,,,,,,,,,,,,,,,,,3.5709211826324463,1.696069598197937,6.784278392791748,,,,,4.0,xent beta=4.0 adamw
,train,,,,,,,xent_beta-4_adamw_seed17,xent,adamw,4.0,0.6144123516415807,1.6696929931640625,0.0009986688151740468,148.1881206035614,220.0,452608.0,,0.9711196888035822,,,,,,,,,,,,,,,,,,,,,,,,,,,,,,3.4187674522399902,1.6696929931640625,6.67877197265625,,,,,4.0,xent beta=4.0 adamw
,train,,,,,,,xent_beta-4_adamw_seed17,xent,adamw,4.0,0.9990056531946604,1.9154143333435059,0.0009984378404975583,153.75667524337769,230.0,473088.0,,1.0333419079738384,,,,,,,,,,,,,,,,,,,,,,,,,,,,,,4.302309513092041,1.9154143333435059,7.661657333374023,,,,,4.0,xent beta=4.0 adamw
,train,,,,,,,xent_beta-4_adamw_seed17,xent,adamw,4.0,0.5095568213461649,1.6250109672546387,0.0009981884322978576,162.63579034805298,240.0,493568.0,,1.1005772819159247,,,,,,,,,,,,,,,,,,,,,,,,,,,,,,3.2709670066833496,1.6250109672546387,6.500043869018555,,,,,4.0,xent beta=4.0 adamw
,train,,,,,,,xent_beta-4_adamw_seed17,xent,adamw,4.0,1.1777012609569582,1.620285987854004,0.0009979206008271391,169.12938237190247,250.0,514048.0,,0.9658071043962287,,,,,,,,,,,,,,,,,,,,,,,,,,,,,,3.3588027954101562,1.620285987854004,6.481143951416016,,,,,4.0,xent beta=4.0 adamw
,train,,,,,,,xent_beta-4_adamw_seed17,xent,adamw,4.0,0.49599256818077847,1.6184136867523193,0.0009976343570949058,177.51428198814392,260.0,534528.0,,0.9138634875674458,,,,,,,,,,,,,,,,,,,,,,,,,,,,,,3.379432201385498,1.6184136867523193,6.473654747009277,,,,,4.0,xent beta=4.0 adamw
,train,,,,,,,xent_beta-4_adamw_seed17,xent,adamw,4.0,0.49032250709833985,1.727386713027954,0.0009973297128675162,183.01744532585144,270.0,555008.0,,1.0053485648117364,,,,,,,,,,,,,,,,,,,,,,,,,,,,,,3.6204586029052734,1.727386713027954,6.909546852111816,,,,,4.0,xent beta=4.0 adamw
,train,,,,,,,xent_beta-4_adamw_seed17,xent,adamw,4.0,0.4683186957149025,1.619179606437683,0.0009970066806677012,189.2441976070404,280.0,575488.0,,0.9867479961246319,,,,,,,,,,,,,,,,,,,,,,,,,,,,,,3.256300926208496,1.619179606437683,6.476718425750732,,,,,4.0,xent beta=4.0 adamw
,train,,,,,,,xent_beta-4_adamw_seed17,xent,adamw,4.0,0.5338860913335415,1.530705213546753,0.0009966652737740493,195.53380799293518,290.0,595968.0,,0.9772738064669615,,,,,,,,,,,,,,,,,,,,,,,,,,,,,,2.9483065605163574,1.530705213546753,6.122820854187012,,,,,4.0,xent beta=4.0 adamw
,train,,,,,,,xent_beta-4_adamw_seed17,xent,adamw,4.0,0.6068937924217523,1.5880738496780396,0.0009963055062204608,203.1231882572174,300.0,616448.0,,1.0088792776339697,,,,,,,,,,,,,,,,,,,,,,,,,,,,,,3.153223752975464,1.5880738496780396,6.352295398712158,,,,,4.0,xent beta=4.0 adamw
,eval,,,,,,,xent_beta-4_adamw_seed17,xent,adamw,4.0,,,,203.12569975852966,300.0,,,,1.37888765335083,10744.4375,1.6618931293487549,0.6012003421783447,8.563117980957031,9.018243789672852,,,,5.02784538269043,11005.4736328125,2421520.75,1252.512451171875,6.53073787689209,10.576183319091797,15.36097526550293,0.999967098236084,0.16796875,0.12490323930978775,0.1240234375,163.21095275878906,3.1589956283569336,4.11316442489624,12.27389144897461,1.2421875,0.23288176953792572,0.14453125,9.141009330749512,,,,,6.6475725173950195,3.488576889038086,,,4.0,xent beta=4.0 adamw
,train,,,,,,,xent_beta-4_adamw_seed17,xent,adamw,4.0,2.8342100457222537,2.1036391258239746,0.0009959273927955706,208.69833850860596,310.0,636928.0,,1.1096689982902626,,,,,,,,,,,,,,,,,,,,,,,,,,,,,,5.498603820800781,2.1036391258239746,8.414556503295898,,,,,4.0,xent beta=4.0 adamw
,train,,,,,,,xent_beta-4_adamw_seed17,xent,adamw,4.0,0.7226072774236137,1.8471052646636963,0.000995530949042141,212.3442451953888,320.0,657408.0,,1.2546869421620677,,,,,,,,,,,,,,,,,,,,,,,,,,,,,,4.444334506988525,1.8471052646636963,7.388421058654785,,,,,4.0,xent beta=4.0 adamw
,train,,,,,,,xent_beta-4_adamw_seed17,xent,adamw,4.0,0.5405542829279527,1.640243649482727,0.0009951161912564212,217.609525680542,330.0,677888.0,,1.1266310289446502,,,,,,,,,,,,,,,,,,,,,,,,,,,,,,3.353839874267578,1.640243649482727,6.560974597930908,,,,,4.0,xent beta=4.0 adamw
,train,,,,,,,xent_beta-4_adamw_seed17,xent,adamw,4.0,0.47622454446798135,1.6574759483337402,0.00099468313648748,224.89131617546082,340.0,698368.0,,0.9946889175833926,,,,,,,,,,,,,,,,,,,,,,,,,,,,,,3.344433307647705,1.6574759483337402,6.629903793334961,,,,,4.0,xent beta=4.0 adamw
,train,,,,,,,xent_beta-4_adamw_seed17,xent,adamw,4.0,0.7784673041241815,1.6866106986999512,0.0009942318025365027,231.92795252799988,350.0,718848.0,,1.0490633272838583,,,,,,,,,,,,,,,,,,,,,,,,,,,,,,3.577692985534668,1.6866106986999512,6.746442794799805,,,,,4.0,xent beta=4.0 adamw
,train,,,,,,,xent_beta-4_adamw_seed17,xent,adamw,4.0,0.4054906974134314,1.6898727416992188,0.0009937622079560597,239.0631456375122,360.0,739328.0,,1.0620364121371466,,,,,,,,,,,,,,,,,,,,,,,,,,,,,,3.681689500808716,1.6898727416992188,6.759490966796875,,,,,4.0,xent beta=4.0 adamw
,train,,,,,,,xent_beta-4_adamw_seed17,xent,adamw,4.0,0.4110632437957595,1.7018392086029053,0.0009932743720493455,244.43952417373657,370.0,759808.0,,1.0112117460303225,,,,,,,,,,,,,,,,,,,,,,,,,,,,,,3.6419544219970703,1.7018392086029053,6.807356834411621,,,,,4.0,xent beta=4.0 adamw
,train,,,,,,,xent_beta-4_adamw_seed17,xent,adamw,4.0,0.5643071360277314,1.5734806060791016,0.0009927683148693834,249.56871891021729,380.0,780288.0,,1.124438168112174,,,,,,,,,,,,,,,,,,,,,,,,,,,,,,3.150804042816162,1.5734806060791016,6.293922424316406,,,,,4.0,xent beta=4.0 adamw
,train,,,,,,,xent_beta-4_adamw_seed17,xent,adamw,4.0,0.8093448682449885,1.7857506275177002,0.0009922440572182017,255.27645754814148,390.0,800768.0,,1.1231716092623683,,,,,,,,,,,,,,,,,,,,,,,,,,,,,,3.6780762672424316,1.7857506275177002,7.143002510070801,,,,,4.0,xent beta=4.0 adamw
,train,,,,,,,xent_beta-4_adamw_seed17,xent,adamw,4.0,0.482978166878682,1.687507152557373,0.0009917016206459795,261.9289643764496,400.0,821248.0,,1.153235099492951,,,,,,,,,,,,,,,,,,,,,,,,,,,,,,3.412537097930908,1.687507152557373,6.750028610229492,,,,,4.0,xent beta=4.0 adamw
,eval,,,,,,,xent_beta-4_adamw_seed17,xent,adamw,4.0,,,,261.93136715888977,400.0,,,,1.377305030822754,10741.0751953125,1.6563622951507568,0.505000650882721,8.50417709350586,9.034308433532715,3.6312344074249268,0.9850434660901709,0.303581684827501,5.032738208770752,11002.0517578125,2421935.5,1189.883544921875,6.6030426025390625,10.578569412231445,15.487844467163086,0.9999673962593079,0.2626953125,0.11308413743972778,0.1181640625,163.21095275878906,3.1589956283569336,4.11316442489624,12.27389144897461,1.2421875,0.23288176953792572,0.14453125,9.145901679992676,,,,,6.625449180603027,3.4664535522460938,,,4.0,xent beta=4.0 adamw
,train,,,,,,,xent_beta-4_adamw_seed17,xent,adamw,4.0,0.3765501527583955,1.5305430889129639,0.0009911410274501594,268.24272656440735,410.0,841728.0,,1.0428172817493464,,,,,,,,,,,,,,,,,,,,,,,,,,,,,,2.8949451446533203,1.5305430889129639,6.1221723556518555,,,,,4.0,xent beta=4.0 adamw
,train,,,,,,,xent_beta-4_adamw_seed17,xent,adamw,4.0,0.4595991744276445,1.4980942010879517,0.0009905623006745319,272.785453081131,420.0,862208.0,,1.081324013198861,,,,,,,,,,,,,,,,,,,,,,,,,,,,,,2.7754650115966797,1.4980942010879517,5.992376804351807,,,,,4.0,xent beta=4.0 adamw
,train,,,,,,,xent_beta-4_adamw_seed17,xent,adamw,4.0,0.5326104437952651,1.6470181941986084,0.0009899654641082882,279.57437682151794,430.0,882688.0,,1.062211166033751,,,,,,,,,,,,,,,,,,,,,,,,,,,,,,3.4270501136779785,1.6470181941986084,6.588072776794434,,,,,4.0,xent beta=4.0 adamw
,train,,,,,,,xent_beta-4_adamw_seed17,xent,adamw,4.0,0.417343971398087,1.6271862983703613,0.000989350542285042,286.16522550582886,440.0,903168.0,,1.0638862594995386,,,,,,,,,,,,,,,,,,,,,,,,,,,,,,3.373443126678467,1.6271862983703613,6.508745193481445,,,,,4.0,xent beta=4.0 adamw
,train,,,,,,,xent_beta-4_adamw_seed17,xent,adamw,4.0,0.4519202284644654,1.6329575777053833,0.0009887175604818205,293.6750862598419,450.0,923648.0,,1.1314248724584275,,,,,,,,,,,,,,,,,,,,,,,,,,,,,,3.251610517501831,1.6329575777053833,6.531830310821533,,,,,4.0,xent beta=4.0 adamw
,train,,,,,,,xent_beta-4_adamw_seed17,xent,adamw,4.0,0.44607519000381207,1.5906705856323242,0.000988066544718027,301.1670024394989,460.0,944128.0,,1.0235074738372125,,,,,,,,,,,,,,,,,,,,,,,,,,,,,,3.1129672527313232,1.5906705856323242,6.362682342529297,,,,,4.0,xent beta=4.0 adamw
,train,,,,,,,xent_beta-4_adamw_seed17,xent,adamw,4.0,0.4386906835388805,1.625232458114624,0.0009873975217543696,308.33966302871704,470.0,964608.0,,1.2891253284601194,,,,,,,,,,,,,,,,,,,,,,,,,,,,,,3.265200614929199,1.625232458114624,6.500929832458496,,,,,4.0,xent beta=4.0 adamw
,train,,,,,,,xent_beta-4_adamw_seed17,xent,adamw,4.0,0.4956625941554954,1.6252682209014893,0.0009867105190917618,313.68346905708313,480.0,985088.0,,1.1477968596500798,,,,,,,,,,,,,,,,,,,,,,,,,,,,,,3.157388210296631,1.6252682209014893,6.501072883605957,,,,,4.0,xent beta=4.0 adamw
,train,,,,,,,xent_beta-4_adamw_seed17,xent,adamw,4.0,0.4013824383111515,1.6153044700622559,0.0009860055649701918,319.7472779750824,490.0,1005568.0,,1.1069941996143688,,,,,,,,,,,,,,,,,,,,,,,,,,,,,,3.262996196746826,1.6153044700622559,6.461217880249023,,,,,4.0,xent beta=4.0 adamw
,train,,,,,,,xent_beta-4_adamw_seed17,xent,adamw,4.0,0.3768006754303234,1.5967986583709717,0.0009852826883675633,325.78662371635437,500.0,1026048.0,,1.099808494286658,,,,,,,,,,,,,,,,,,,,,,,,,,,,,,3.291719436645508,1.5967986583709717,6.387194633483887,,,,,4.0,xent beta=4.0 adamw
,eval,,,,,,,xent_beta-4_adamw_seed17,xent,adamw,4.0,,,,325.7887966632843,500.0,,,,1.3479032516479492,10740.361328125,1.586052417755127,0.5334949493408203,8.558504104614258,8.968067169189453,,,,4.969433784484863,11001.40234375,2421936.25,1337.362060546875,6.669663429260254,10.580387115478516,15.44476318359375,0.9999674558639526,0.2060546875,0.10820534825325012,0.119140625,163.21095275878906,3.1589956283569336,4.11316442489624,12.27389144897461,1.2421875,0.23288176953792572,0.14453125,9.082597732543945,,,,,6.344209671020508,3.185213804244995,,,4.0,xent beta=4.0 adamw
,train,,,,,,,xent_beta-4_adamw_seed17,xent,adamw,4.0,0.7897565178419146,1.6868972778320312,0.0009845419189985014,335.8169083595276,510.0,1046528.0,,1.0724596607027004,,,,,,,,,,,,,,,,,,,,,,,,,,,,,,3.5269951820373535,1.6868972778320312,6.747589111328125,,,,,4.0,xent beta=4.0 adamw
,train,,,,,,,xent_beta-4_adamw_seed17,xent,adamw,4.0,0.907341022400341,1.884843111038208,0.000983783287313134,344.00004172325134,520.0,1067008.0,,1.5455017300413165,,,,,,,,,,,,,,,,,,,,,,,,,,,,,,4.119149208068848,1.884843111038208,7.539372444152832,,,,,4.0,xent beta=4.0 adamw
,train,,,,,,,xent_beta-4_adamw_seed17,xent,adamw,4.0,1.6185794562739109,2.5110230445861816,0.000983006824495838,350.4721622467041,530.0,1087488.0,,1.959705081983118,,,,,,,,,,,,,,,,,,,,,,,,,,,,,,7.275885581970215,2.5110230445861816,10.044092178344727,,,,,4.0,xent beta=4.0 adamw
,train,,,,,,,xent_beta-4_adamw_seed17,xent,adamw,4.0,1.2330072981196978,2.0353574752807617,0.0009822125624639588,356.6091306209564,540.0,1107968.0,,1.7366190309468763,,,,,,,,,,,,,,,,,,,,,,,,,,,,,,4.750298023223877,2.0353574752807617,8.141429901123047,,,,,4.0,xent beta=4.0 adamw
,train,,,,,,,xent_beta-4_adamw_seed17,xent,adamw,4.0,0.4630465077586023,1.6738835573196411,0.0009814005338664973,361.29328966140747,550.0,1128448.0,,1.1246944255756213,,,,,,,,,,,,,,,,,,,,,,,,,,,,,,3.6720519065856934,1.6738835573196411,6.6955342292785645,,,,,4.0,xent beta=4.0 adamw
,train,,,,,,,xent_beta-4_adamw_seed17,xent,adamw,4.0,0.41082146440636214,1.710482120513916,0.0009805707720827689,368.59600043296814,560.0,1148928.0,,0.9086187488311206,,,,,,,,,,,,,,,,,,,,,,,,,,,,,,3.618997573852539,1.710482120513916,6.841928482055664,,,,,4.0,xent beta=4.0 adamw
,train,,,,,,,xent_beta-4_adamw_seed17,xent,adamw,4.0,0.4505178126183229,1.5979282855987549,0.0009797233112210308,375.7249245643616,570.0,1169408.0,,0.8477327192788847,,,,,,,,,,,,,,,,,,,,,,,,,,,,,,3.287498712539673,1.5979282855987549,6.3917131423950195,,,,,4.0,xent beta=4.0 adamw
,train,,,,,,,xent_beta-4_adamw_seed17,xent,adamw,4.0,0.5994234346959072,1.7037687301635742,0.0009788581861170792,381.68999767303467,580.0,1189888.0,,0.828837701360283,,,,,,,,,,,,,,,,,,,,,,,,,,,,,,3.6140384674072266,1.7037687301635742,6.815074920654297,,,,,4.0,xent beta=4.0 adamw
,train,,,,,,,xent_beta-4_adamw_seed17,xent,adamw,4.0,0.47069728257334376,1.522904872894287,0.0009779754323328191,388.265460729599,590.0,1210368.0,,0.9737448869513059,,,,,,,,,,,,,,,,,,,,,,,,,,,,,,2.9063069820404053,1.522904872894287,6.091619491577148,,,,,4.0,xent beta=4.0 adamw
,train,,,,,,,xent_beta-4_adamw_seed17,xent,adamw,4.0,0.5945060276600396,1.6312158107757568,0.000977075086154801,395.0801274776459,600.0,1230848.0,,0.9441348719423356,,,,,,,,,,,,,,,,,,,,,,,,,,,,,,3.2312393188476562,1.6312158107757568,6.524863243103027,,,,,4.0,xent beta=4.0 adamw
,eval,,,,,,,xent_beta-4_adamw_seed17,xent,adamw,4.0,,,,395.08242201805115,600.0,,,,1.3630023002624512,10740.95703125,1.6119704246520996,0.5544291734695435,8.535684585571289,8.99793529510498,3.819155216217041,0.9889270067205076,0.31314873695342216,4.990131378173828,11002.5791015625,2422043.0,1220.4462890625,6.505515098571777,10.592615127563477,15.281009674072266,0.9999678134918213,0.2041015625,0.13105148077011108,0.134765625,163.21095275878906,3.1589956283569336,4.11316442489624,12.27389144897461,1.2421875,0.23288176953792572,0.14453125,9.10329532623291,,,,,6.447881698608398,3.288886070251465,,,4.0,xent beta=4.0 adamw
,train,,,,,,,xent_beta-4_adamw_seed17,xent,adamw,4.0,0.3423968115021952,1.6352505683898926,0.0009761571845927296,402.36738634109497,610.0,1251328.0,,0.8900058156854099,,,,,,,,,,,,,,,,,,,,,,,,,,,,,,3.298407793045044,1.6352505683898926,6.54100227355957,,,,,4.0,xent beta=4.0 adamw
,train,,,,,,,xent_beta-4_adamw_seed17,xent,adamw,4.0,0.378420906979107,1.5652425289154053,0.0009752217653779432,409.2409362792969,620.0,1271808.0,,0.9046816392542298,,,,,,,,,,,,,,,,,,,,,,,,,,,,,,3.120486259460449,1.5652425289154053,6.260970115661621,,,,,4.0,xent beta=4.0 adamw
,train,,,,,,,xent_beta-4_adamw_seed17,xent,adamw,4.0,0.4553423446898959,1.6094919443130493,0.0009742688669618618,415.84971141815186,630.0,1292288.0,,0.9495585018276602,,,,,,,,,,,,,,,,,,,,,,,,,,,,,,3.175539970397949,1.6094919443130493,6.437967777252197,,,,,4.0,xent beta=4.0 adamw
,train,,,,,,,xent_beta-4_adamw_seed17,xent,adamw,4.0,0.40145176280298217,1.5959645509719849,0.0009732985285144072,421.47097873687744,640.0,1312768.0,,0.9952612639300268,,,,,,,,,,,,,,,,,,,,,,,,,,,,,,3.1871836185455322,1.5959645509719849,6.3838582038879395,,,,,4.0,xent beta=4.0 adamw
,train,,,,,,,xent_beta-4_adamw_seed17,xent,adamw,4.0,0.38033260361218485,1.6496942043304443,0.0009723107899223921,427.8781681060791,650.0,1333248.0,,1.0273184690863835,,,,,,,,,,,,,,,,,,,,,,,,,,,,,,3.352346897125244,1.6496942043304443,6.598776817321777,,,,,4.0,xent beta=4.0 adamw
,train,,,,,,,xent_beta-4_adamw_seed17,xent,adamw,4.0,0.43444854778709824,1.585339069366455,0.0009713056917878818,432.24809885025024,660.0,1353728.0,,0.9804565876916941,,,,,,,,,,,,,,,,,,,,,,,,,,,,,,3.0478672981262207,1.585339069366455,6.34135627746582,,,,,4.0,xent beta=4.0 adamw
,train,,,,,,,xent_beta-4_adamw_seed17,xent,adamw,4.0,0.5482368362672166,1.6291521787643433,0.0009702832754265236,438.6111488342285,670.0,1374208.0,,1.0278736918888924,,,,,,,,,,,,,,,,,,,,,,,,,,,,,,3.214796543121338,1.6291521787643433,6.516608715057373,,,,,4.0,xent beta=4.0 adamw
,train,,,,,,,xent_beta-4_adamw_seed17,xent,adamw,4.0,0.34677085697358956,1.598907709121704,0.0009692435828658494,445.4500238895416,680.0,1394688.0,,0.9816915637530716,,,,,,,,,,,,,,,,,,,,,,,,,,,,,,3.112156867980957,1.598907709121704,6.395630836486816,,,,,4.0,xent beta=4.0 adamw
,train,,,,,,,xent_beta-4_adamw_seed17,xent,adamw,4.0,0.6467897172300914,1.5597800016403198,0.0009681866568435483,451.96965074539185,690.0,1415168.0,,1.0651184050540785,,,,,,,,,,,,,,,,,,,,,,,,,,,,,,3.2502169609069824,1.5597800016403198,6.239120006561279,,,,,4.0,xent beta=4.0 adamw
,train,,,,,,,xent_beta-4_adamw_seed17,xent,adamw,4.0,0.39125482914145987,1.5721913576126099,0.0009671125408057098,458.09264397621155,700.0,1435648.0,,1.0730299506861376,,,,,,,,,,,,,,,,,,,,,,,,,,,,,,3.0993285179138184,1.5721913576126099,6.2887654304504395,,,,,4.0,xent beta=4.0 adamw
,eval,,,,,,,xent_beta-4_adamw_seed17,xent,adamw,4.0,,,,458.0947654247284,700.0,,,,1.347219705581665,10741.974609375,1.5561714172363281,0.5273107886314392,8.505927085876465,8.905462265014648,,,,4.908821105957031,11003.37890625,2422256.75,1095.6883544921875,6.570365905761719,10.579858779907227,15.545207977294922,0.9999668598175049,0.193359375,0.10458119213581085,0.140625,163.21095275878906,3.1589956283569336,4.11316442489624,12.27389144897461,1.2421875,0.23288176953792572,0.14453125,9.02198600769043,,,,,6.2246856689453125,3.065690040588379,,,4.0,xent beta=4.0 adamw
,train,,,,,,,xent_beta-4_adamw_seed17,xent,adamw,4.0,0.36842092648575275,1.5435035228729248,0.0009660212789050366,465.0179419517517,710.0,1456128.0,,1.0009218144877403,,,,,,,,,,,,,,,,,,,,,,,,,,,,,,3.005984306335449,1.5435035228729248,6.174014091491699,,,,,4.0,xent beta=4.0 adamw
,train,,,,,,,xent_beta-4_adamw_seed17,xent,adamw,4.0,0.3132161456758835,1.4584746360778809,0.0009649129159990318,472.31513833999634,720.0,1476608.0,,1.0569620007125977,,,,,,,,,,,,,,,,,,,,,,,,,,,,,,2.7432079315185547,1.4584746360778809,5.833898544311523,,,,,4.0,xent beta=4.0 adamw
,train,,,,,,,xent_beta-4_adamw_seed17,xent,adamw,4.0,0.32165477697999795,1.6345263719558716,0.0009637874976481528,479.2659327983856,730.0,1497088.0,,1.1583411172806795,,,,,,,,,,,,,,,,,,,,,,,,,,,,,,3.1922569274902344,1.6345263719558716,6.538105487823486,,,,,4.0,xent beta=4.0 adamw
,train,,,,,,,xent_beta-4_adamw_seed17,xent,adamw,4.0,0.9534349267910688,1.7669317722320557,0.0009626450701139403,486.03178334236145,740.0,1517568.0,,1.377958011055053,,,,,,,,,,,,,,,,,,,,,,,,,,,,,,4.027767658233643,1.7669317722320557,7.067727088928223,,,,,4.0,xent beta=4.0 adamw
,train,,,,,,,xent_beta-4_adamw_seed17,xent,adamw,4.0,0.4287507047508046,1.5809087753295898,0.0009614856803571156,492.7234535217285,750.0,1538048.0,,1.1141152049817777,,,,,,,,,,,,,,,,,,,,,,,,,,,,,,3.110945701599121,1.5809087753295898,6.323635101318359,,,,,4.0,xent beta=4.0 adamw
,train,,,,,,,xent_beta-4_adamw_seed17,xent,adamw,4.0,0.4390118058319034,1.4491819143295288,0.0009603093760356507,499.22762751579285,760.0,1558528.0,,1.0294647712026852,,,,,,,,,,,,,,,,,,,,,,,,,,,,,,2.549250364303589,1.4491819143295288,5.796727657318115,,,,,4.0,xent beta=4.0 adamw
,train,,,,,,,xent_beta-4_adamw_seed17,xent,adamw,4.0,0.3883124016643929,1.6077120304107666,0.0009591162055028088,505.22385597229004,770.0,1579008.0,,0.9557770750722768,,,,,,,,,,,,,,,,,,,,,,,,,,,,,,3.187117576599121,1.6077120304107666,6.430848121643066,,,,,4.0,xent beta=4.0 adamw
,train,,,,,,,xent_beta-4_adamw_seed17,xent,adamw,4.0,0.34987748679617015,1.5645663738250732,0.0009579062178051572,509.9845736026764,780.0,1599488.0,,0.954537473735916,,,,,,,,,,,,,,,,,,,,,,,,,,,,,,3.0188865661621094,1.5645663738250732,6.258265495300293,,,,,4.0,xent beta=4.0 adamw
,train,,,,,,,xent_beta-4_adamw_seed17,xent,adamw,4.0,0.35778655568188544,1.491560697555542,0.0009566794626805511,517.508462190628,790.0,1619968.0,,0.9333251798512344,,,,,,,,,,,,,,,,,,,,,,,,,,,,,,2.860945224761963,1.491560697555542,5.966242790222168,,,,,4.0,xent beta=4.0 adamw
,train,,,,,,,xent_beta-4_adamw_seed17,xent,adamw,4.0,0.42673050463558015,1.5393885374069214,0.0009554359905560886,524.4442093372345,800.0,1640448.0,,1.0737365914661092,,,,,,,,,,,,,,,,,,,,,,,,,,,,,,2.923365592956543,1.5393885374069214,6.1575541496276855,,,,,4.0,xent beta=4.0 adamw
,eval,,,,,,,xent_beta-4_adamw_seed17,xent,adamw,4.0,,,,524.4465026855469,800.0,,,,1.343829870223999,10741.603515625,1.5238839387893677,0.518395185470581,8.372665405273438,8.786602020263672,3.9109601974487305,0.9911680817594153,0.31189581751792234,4.796245574951172,11002.150390625,2422764.75,761.7112426757812,6.197409152984619,10.551259994506836,15.340658187866211,0.9999646544456482,0.2099609375,0.12178605049848557,0.1376953125,163.21095275878906,3.1589956283569336,4.11316442489624,12.27389144897461,1.2421875,0.23288176953792572,0.14453125,8.909408569335938,,,,,6.095535755157471,2.936540126800537,,,4.0,xent beta=4.0 adamw
,train,,,,,,,xent_beta-4_adamw_seed17,xent,adamw,4.0,0.3968671879102227,1.4589401483535767,0.0009541758525460386,531.2969105243683,810.0,1660928.0,,1.0577684971521581,,,,,,,,,,,,,,,,,,,,,,,,,,,,,,2.6073243618011475,1.4589401483535767,5.835760593414307,,,,,4.0,xent beta=4.0 adamw
,train,,,,,,,xent_beta-4_adamw_seed17,xent,adamw,4.0,0.42541030417470815,1.6254290342330933,0.0009528991004497389,535.6030359268188,820.0,1681408.0,,1.0141392182334457,,,,,,,,,,,,,,,,,,,,,,,,,,,,,,3.254781484603882,1.6254290342330933,6.501716136932373,,,,,4.0,xent beta=4.0 adamw
,train,,,,,,,xent_beta-4_adamw_seed17,xent,adamw,4.0,0.39524176147472523,1.520505428314209,0.0009516057867494678,539.7009980678558,830.0,1701888.0,,1.0568075128481906,,,,,,,,,,,,,,,,,,,,,,,,,,,,,,2.930307388305664,1.520505428314209,6.082021713256836,,,,,4.0,xent beta=4.0 adamw
,train,,,,,,,xent_beta-4_adamw_seed17,xent,adamw,4.0,0.43654725899293295,1.488814115524292,0.0009502959646082854,546.8262295722961,840.0,1722368.0,,1.0669010883034054,,,,,,,,,,,,,,,,,,,,,,,,,,,,,,2.768805980682373,1.488814115524292,5.955256462097168,,,,,4.0,xent beta=4.0 adamw
,train,,,,,,,xent_beta-4_adamw_seed17,xent,adamw,4.0,0.31445490382765884,1.4990980625152588,0.0009489696878678501,552.6090681552887,850.0,1742848.0,,1.1858751748057148,,,,,,,,,,,,,,,,,,,,,,,,,,,,,,2.781649589538574,1.4990980625152588,5.996392250061035,,,,,4.0,xent beta=4.0 adamw
,train,,,,,,,xent_beta-4_adamw_seed17,xent,adamw,4.0,0.5599150133618378,1.769822597503662,0.0009476270110462038,558.3121531009674,860.0,1763328.0,,1.14704672598914,,,,,,,,,,,,,,,,,,,,,,,,,,,,,,3.318446159362793,1.769822597503662,7.079290390014648,,,,,4.0,xent beta=4.0 adamw
,train,,,,,,,xent_beta-4_adamw_seed17,xent,adamw,4.0,0.3153866206137435,1.5713417530059814,0.0009462679893355321,564.9920344352722,870.0,1783808.0,,1.1791432026896917,,,,,,,,,,,,,,,,,,,,,,,,,,,,,,3.0268137454986572,1.5713417530059814,6.285367012023926,,,,,4.0,xent beta=4.0 adamw
,train,,,,,,,xent_beta-4_adamw_seed17,xent,adamw,4.0,0.36670937261874226,1.5407416820526123,0.0009448926785998944,572.5890972614288,880.0,1804288.0,,1.1163296712696908,,,,,,,,,,,,,,,,,,,,,,,,,,,,,,3.1119472980499268,1.5407416820526123,6.162966728210449,,,,,4.0,xent beta=4.0 adamw
,train,,,,,,,xent_beta-4_adamw_seed17,xent,adamw,4.0,0.3181991336742792,1.6221325397491455,0.0009435011353729281,577.96790766716,890.0,1824768.0,,1.1320371270404799,,,,,,,,,,,,,,,,,,,,,,,,,,,,,,3.252321481704712,1.6221325397491455,6.488530158996582,,,,,4.0,xent beta=4.0 adamw
,train,,,,,,,xent_beta-4_adamw_seed17,xent,adamw,4.0,0.35455204694659365,1.551414132118225,0.0009420934168555253,584.370564699173,900.0,1845248.0,,1.0151235550337723,,,,,,,,,,,,,,,,,,,,,,,,,,,,,,2.9956769943237305,1.551414132118225,6.2056565284729,,,,,4.0,xent beta=4.0 adamw
,eval,,,,,,,xent_beta-4_adamw_seed17,xent,adamw,4.0,,,,584.3727250099182,900.0,,,,1.34671950340271,10742.326171875,1.532638669013977,0.49382564425468445,8.437211036682129,8.850135803222656,,,,4.859813690185547,11003.6298828125,2422548.0,1002.61669921875,6.409943103790283,10.57548999786377,15.432802200317383,0.9999663233757019,0.2529296875,0.11492572724819183,0.14453125,163.21095275878906,3.1589956283569336,4.11316442489624,12.27389144897461,1.2421875,0.23288176953792572,0.14453125,8.972977638244629,,,,,6.130554676055908,2.9715588092803955,,,4.0,xent beta=4.0 adamw
,train,,,,,,,xent_beta-4_adamw_seed17,xent,adamw,4.0,0.29180101757964727,1.5553295612335205,0.0009406695809134803,588.8873431682587,910.0,1865728.0,,0.9931171503420063,,,,,,,,,,,,,,,,,,,,,,,,,,,,,,3.1174607276916504,1.5553295612335205,6.221318244934082,,,,,4.0,xent beta=4.0 adamw
,train,,,,,,,xent_beta-4_adamw_seed17,xent,adamw,4.0,0.43558569371351946,1.658233642578125,0.0009392296860751121,595.6457350254059,920.0,1886208.0,,1.074540444475121,,,,,,,,,,,,,,,,,,,,,,,,,,,,,,3.1884560585021973,1.658233642578125,6.6329345703125,,,,,4.0,xent beta=4.0 adamw
,train,,,,,,,xent_beta-4_adamw_seed17,xent,adamw,4.0,0.2856954722222121,1.5027973651885986,0.0009377737915288578,600.5484101772308,930.0,1906688.0,,0.9842652095131309,,,,,,,,,,,,,,,,,,,,,,,,,,,,,,2.824370861053467,1.5027973651885986,6.0111894607543945,,,,,4.0,xent beta=4.0 adamw
,train,,,,,,,xent_beta-4_adamw_seed17,xent,adamw,4.0,0.29700722106774863,1.5439271926879883,0.0009363019571208398,605.2865226268768,940.0,1927168.0,,1.0709697908230045,,,,,,,,,,,,,,,,,,,,,,,,,,,,,,3.1909170150756836,1.5439271926879883,6.175708770751953,,,,,4.0,xent beta=4.0 adamw
,train,,,,,,,xent_beta-4_adamw_seed17,xent,adamw,4.0,0.4536990972505958,1.4700483083724976,0.0009348142433524058,612.0251631736755,950.0,1947648.0,,1.1598427780077722,,,,,,,,,,,,,,,,,,,,,,,,,,,,,,2.823185443878174,1.4700483083724976,5.88019323348999,,,,,4.0,xent beta=4.0 adamw
,train,,,,,,,xent_beta-4_adamw_seed17,xent,adamw,4.0,0.4470437199006559,1.795894742012024,0.000933310711377642,618.7354784011841,960.0,1968128.0,,1.356375732834239,,,,,,,,,,,,,,,,,,,,,,,,,,,,,,4.135310173034668,1.795894742012024,7.183578968048096,,,,,4.0,xent beta=4.0 adamw
,train,,,,,,,xent_beta-4_adamw_seed17,xent,adamw,4.0,0.2822607608682514,1.5476492643356323,0.0009317914230008586,624.4905831813812,970.0,1988608.0,,1.1018747808272924,,,,,,,,,,,,,,,,,,,,,,,,,,,,,,3.030160427093506,1.5476492643356323,6.190597057342529,,,,,4.0,xent beta=4.0 adamw
,train,,,,,,,xent_beta-4_adamw_seed17,xent,adamw,4.0,0.29933532685214415,1.4989413022994995,0.0009302564406740506,630.4011137485504,980.0,2009088.0,,0.9907403888380356,,,,,,,,,,,,,,,,,,,,,,,,,,,,,,2.8427703380584717,1.4989413022994995,5.995765209197998,,,,,4.0,xent beta=4.0 adamw
,train,,,,,,,xent_beta-4_adamw_seed17,xent,adamw,4.0,0.3267446153386115,1.5535478591918945,0.000928705827494329,637.3617062568665,990.0,2029568.0,,1.0080889568036595,,,,,,,,,,,,,,,,,,,,,,,,,,,,,,2.992400646209717,1.5535478591918945,6.214191436767578,,,,,4.0,xent beta=4.0 adamw
,train,,,,,,,xent_beta-4_adamw_seed17,xent,adamw,4.0,0.3873024409361955,1.5862541198730469,0.0009271396472013282,644.6917231082916,1000.0,2050048.0,,1.0597195955864174,,,,,,,,,,,,,,,,,,,,,,,,,,,,,,3.104762315750122,1.5862541198730469,6.3450164794921875,,,,,4.0,xent beta=4.0 adamw
,eval,,,,,,,xent_beta-4_adamw_seed17,xent,adamw,4.0,,,,644.6938076019287,1000.0,,,,1.3560855388641357,10741.3349609375,1.5065162181854248,0.5161588191986084,8.340507507324219,8.773833274841309,4.176155090332031,0.9928320646276082,0.32477548718419974,4.771663665771484,11002.1015625,2422811.5,744.2315063476562,6.111369609832764,10.556133270263672,15.314315795898438,0.999964714050293,0.232421875,0.1325678527355194,0.1455078125,163.21095275878906,3.1589956283569336,4.11316442489624,12.27389144897461,1.2421875,0.23288176953792572,0.14453125,8.884828567504883,,,,,6.026064872741699,2.8670687675476074,,,4.0,xent beta=4.0 adamw
,train,,,,,,,xent_beta-4_adamw_seed17,xent,adamw,4.0,0.35878555517987476,1.4895801544189453,0.0009255579641745861,652.0681595802307,1010.0,2070528.0,,0.996940596361334,,,,,,,,,,,,,,,,,,,,,,,,,,,,,,2.803446054458618,1.4895801544189453,5.958320617675781,,,,,4.0,xent beta=4.0 adamw
,train,,,,,,,xent_beta-4_adamw_seed17,xent,adamw,4.0,0.39706563456911964,1.686374545097351,0.0009239608434308968,656.8761034011841,1020.0,2091008.0,,1.2187186274363415,,,,,,,,,,,,,,,,,,,,,,,,,,,,,,3.634733200073242,1.686374545097351,6.745498180389404,,,,,4.0,xent beta=4.0 adamw
,train,,,,,,,xent_beta-4_adamw_seed17,xent,adamw,4.0,0.5286986253289871,1.5550991296768188,0.0009223483506216384,663.5391247272491,1030.0,2111488.0,,1.2805326393701872,,,,,,,,,,,,,,,,,,,,,,,,,,,,,,3.2778031826019287,1.5550991296768188,6.220396518707275,,,,,4.0,xent beta=4.0 adamw
,train,,,,,,,xent_beta-4_adamw_seed17,xent,adamw,4.0,0.3173353648662338,1.6787302494049072,0.0009207205520300746,670.9911496639252,1040.0,2131968.0,,1.1320470418465303,,,,,,,,,,,,,,,,,,,,,,,,,,,,,,3.4208874702453613,1.6787302494049072,6.714920997619629,,,,,4.0,xent beta=4.0 adamw
,train,,,,,,,xent_beta-4_adamw_seed17,xent,adamw,4.0,0.3466616294597362,1.5072977542877197,0.0009190775145686302,675.9817845821381,1050.0,2152448.0,,0.9539026612210152,,,,,,,,,,,,,,,,,,,,,,,,,,,,,,2.8489742279052734,1.5072977542877197,6.029191017150879,,,,,4.0,xent beta=4.0 adamw
,train,,,,,,,xent_beta-4_adamw_seed17,xent,adamw,4.0,0.28083897818021863,1.564099907875061,0.0009174193057761394,682.5292391777039,1060.0,2172928.0,,0.963836161308209,,,,,,,,,,,,,,,,,,,,,,,,,,,,,,3.0826878547668457,1.564099907875061,6.256399631500244,,,,,4.0,xent beta=4.0 adamw
,train,,,,,,,xent_beta-4_adamw_seed17,xent,adamw,4.0,0.3624069822894317,1.507657527923584,0.0009157459938150713,690.6017868518829,1070.0,2193408.0,,0.9470298930112633,,,,,,,,,,,,,,,,,,,,,,,,,,,,,,2.843761682510376,1.507657527923584,6.030630111694336,,,,,4.0,xent beta=4.0 adamw
,train,,,,,,,xent_beta-4_adamw_seed17,xent,adamw,4.0,0.5707590203255248,1.5741586685180664,0.0009140576474687263,696.0058746337891,1080.0,2213888.0,,1.0087619381695558,,,,,,,,,,,,,,,,,,,,,,,,,,,,,,3.4249932765960693,1.5741586685180664,6.296634674072266,,,,,4.0,xent beta=4.0 adamw
,train,,,,,,,xent_beta-4_adamw_seed17,xent,adamw,4.0,0.337077875611512,1.5833954811096191,0.0009123543361384103,701.0785140991211,1090.0,2234368.0,,0.9733910589165362,,,,,,,,,,,,,,,,,,,,,,,,,,,,,,2.871586561203003,1.5833954811096191,6.333581924438477,,,,,4.0,xent beta=4.0 adamw
,train,,,,,,,xent_beta-4_adamw_seed17,xent,adamw,4.0,0.35262559607997024,1.5090346336364746,0.0009106361298405805,707.0608921051025,1100.0,2254848.0,,0.958343969764967,,,,,,,,,,,,,,,,,,,,,,,,,,,,,,2.94667649269104,1.5090346336364746,6.036138534545898,,,,,4.0,xent beta=4.0 adamw
,eval,,,,,,,xent_beta-4_adamw_seed17,xent,adamw,4.0,,,,707.0631482601166,1100.0,,,,1.3426036834716797,10741.3408203125,1.492814302444458,0.5301132798194885,8.309944152832031,8.711133003234863,,,,4.710425853729248,11001.6640625,2422976.75,669.0115356445312,6.033324718475342,10.537637710571289,15.290916442871094,0.999963104724884,0.2158203125,0.13080739974975586,0.1484375,163.21095275878906,3.1589956283569336,4.11316442489624,12.27389144897461,1.2421875,0.23288176953792572,0.14453125,8.823589324951172,,,,,5.971257209777832,2.8122615814208984,,,4.0,xent beta=4.0 adamw
,train,,,,,,,xent_beta-4_adamw_seed17,xent,adamw,4.0,0.4550712501720675,1.434410572052002,0.000908903099203968,712.9314939975739,1110.0,2275328.0,,1.000473901038852,,,,,,,,,,,,,,,,,,,,,,,,,,,,,,2.5329174995422363,1.434410572052002,5.737642288208008,,,,,4.0,xent beta=4.0 adamw
,train,,,,,,,xent_beta-4_adamw_seed17,xent,adamw,4.0,0.31172586683457887,1.5481672286987305,0.0009071553154666746,720.7532501220703,1120.0,2295808.0,,0.9703732916394199,,,,,,,,,,,,,,,,,,,,,,,,,,,,,,2.8394064903259277,1.5481672286987305,6.192668914794922,,,,,4.0,xent beta=4.0 adamw
,train,,,,,,,xent_beta-4_adamw_seed17,xent,adamw,4.0,0.5143244925423233,1.5266523361206055,0.000905392850473244,729.0628454685211,1130.0,2316288.0,,1.0138705652510769,,,,,,,,,,,,,,,,,,,,,,,,,,,,,,2.8600120544433594,1.5266523361206055,6.106609344482422,,,,,4.0,xent beta=4.0 adamw
,train,,,,,,,xent_beta-4_adamw_seed17,xent,adamw,4.0,0.33499645834893077,1.5609833002090454,0.0009036157766717091,735.1904618740082,1140.0,2336768.0,,1.1235664356387542,,,,,,,,,,,,,,,,,,,,,,,,,,,,,,3.0021471977233887,1.5609833002090454,6.243933200836182,,,,,4.0,xent beta=4.0 adamw
,train,,,,,,,xent_beta-4_adamw_seed17,xent,adamw,4.0,0.3410275008871512,1.5549569129943848,0.0009018241671106134,740.6702470779419,1150.0,2357248.0,,1.0555838815551102,,,,,,,,,,,,,,,,,,,,,,,,,,,,,,2.825051784515381,1.5549569129943848,6.219827651977539,,,,,4.0,xent beta=4.0 adamw
,train,,,,,,,xent_beta-4_adamw_seed17,xent,adamw,4.0,0.2733207242485186,1.5074341297149658,0.0009000180954360087,746.5679488182068,1160.0,2377728.0,,0.9542337918971822,,,,,,,,,,,,,,,,,,,,,,,,,,,,,,2.7429404258728027,1.5074341297149658,6.029736518859863,,,,,4.0,xent beta=4.0 adamw
,train,,,,,,,xent_beta-4_adamw_seed17,xent,adamw,4.0,0.6653748841662509,1.5858056545257568,0.0008981976358884281,752.5530369281769,1170.0,2398208.0,,1.113307477054142,,,,,,,,,,,,,,,,,,,,,,,,,,,,,,2.971876621246338,1.5858056545257568,6.343222618103027,,,,,4.0,xent beta=4.0 adamw
,train,,,,,,,xent_beta-4_adamw_seed17,xent,adamw,4.0,0.27719254469537974,1.534579873085022,0.0008963628632998327,758.7035503387451,1180.0,2418688.0,,0.9684405713858891,,,,,,,,,,,,,,,,,,,,,,,,,,,,,,2.8883731365203857,1.534579873085022,6.138319492340088,,,,,4.0,xent beta=4.0 adamw
,train,,,,,,,xent_beta-4_adamw_seed17,xent,adamw,4.0,0.31173019120335094,1.5010267496109009,0.0008945138530905375,766.4344396591187,1190.0,2439168.0,,1.00542396554744,,,,,,,,,,,,,,,,,,,,,,,,,,,,,,2.7542366981506348,1.5010267496109009,6.0041069984436035,,,,,4.0,xent beta=4.0 adamw
,train,,,,,,,xent_beta-4_adamw_seed17,xent,adamw,4.0,0.3878815865214572,1.534019947052002,0.0008926506812661105,773.1863703727722,1200.0,2459648.0,,0.9920524573873667,,,,,,,,,,,,,,,,,,,,,,,,,,,,,,3.0148470401763916,1.534019947052002,6.136079788208008,,,,,4.0,xent beta=4.0 adamw
,eval,,,,,,,xent_beta-4_adamw_seed17,xent,adamw,4.0,,,,773.1885001659393,1200.0,,,,1.3428430557250977,10742.4482421875,1.4822732210159302,0.5374758839607239,8.33808708190918,8.715364456176758,4.683746337890625,0.9931602473940602,0.3451308515742458,4.725591659545898,11003.1015625,2422976.5,728.8807983398438,6.042992115020752,10.549718856811523,15.174922943115234,0.99996417760849,0.236328125,0.13737328350543976,0.154296875,163.21095275878906,3.1589956283569336,4.11316442489624,12.27389144897461,1.2421875,0.23288176953792572,0.14453125,8.838756561279297,,,,,5.929092884063721,2.770097255706787,,,4.0,xent beta=4.0 adamw
,train,,,,,,,xent_beta-4_adamw_seed17,xent,adamw,4.0,0.3862856831798316,1.635887622833252,0.0008907734244142474,780.121833562851,1210.0,2480128.0,,1.0187499032617913,,,,,,,,,,,,,,,,,,,,,,,,,,,,,,3.3758020401000977,1.635887622833252,6.543550491333008,,,,,4.0,xent beta=4.0 adamw
,train,,,,,,,xent_beta-4_adamw_seed17,xent,adamw,4.0,0.3221349993307467,1.4812977313995361,0.000888882159701625,787.4227826595306,1220.0,2500608.0,,1.0802009115244762,,,,,,,,,,,,,,,,,,,,,,,,,,,,,,2.852480888366699,1.4812977313995361,5.9251909255981445,,,,,4.0,xent beta=4.0 adamw
,train,,,,,,,xent_beta-4_adamw_seed17,xent,adamw,4.0,0.29083445100631955,1.5326851606369019,0.0008869769648707276,795.397376537323,1230.0,2521088.0,,0.96674270934591,,,,,,,,,,,,,,,,,,,,,,,,,,,,,,2.946484088897705,1.5326851606369019,6.130740642547607,,,,,4.0,xent beta=4.0 adamw
,train,,,,,,,xent_beta-4_adamw_seed17,xent,adamw,4.0,0.28751613444920177,1.519486665725708,0.0008850579182366531,803.9609179496765,1240.0,2541568.0,,0.9694244432898766,,,,,,,,,,,,,,,,,,,,,,,,,,,,,,2.9290413856506348,1.519486665725708,6.077946662902832,,,,,4.0,xent beta=4.0 adamw
,train,,,,,,,xent_beta-4_adamw_seed17,xent,adamw,4.0,0.32543687069705335,1.4561495780944824,0.000883125098683892,812.011736869812,1250.0,2562048.0,,0.9580532835417835,,,,,,,,,,,,,,,,,,,,,,,,,,,,,,2.7326455116271973,1.4561495780944824,5.82459831237793,,,,,4.0,xent beta=4.0 adamw
,train,,,,,,,xent_beta-4_adamw_seed17,xent,adamw,4.0,0.29165839788729786,1.433911681175232,0.0008811785856630859,818.4201622009277,1260.0,2582528.0,,0.9046189759416178,,,,,,,,,,,,,,,,,,,,,,,,,,,,,,2.4626307487487793,1.433911681175232,5.735646724700928,,,,,4.0,xent beta=4.0 adamw
,train,,,,,,,xent_beta-4_adamw_seed17,xent,adamw,4.0,0.3629548122230168,1.4987359046936035,0.0008792184591877607,823.8624947071075,1270.0,2603008.0,,0.9947487823599799,,,,,,,,,,,,,,,,,,,,,,,,,,,,,,2.7976951599121094,1.4987359046936035,5.994943618774414,,,,,4.0,xent beta=4.0 adamw
,train,,,,,,,xent_beta-4_adamw_seed17,xent,adamw,4.0,0.3358685426532994,1.4927868843078613,0.0008772447998310388,830.9671337604523,1280.0,2623488.0,,1.0368629527729658,,,,,,,,,,,,,,,,,,,,,,,,,,,,,,2.8631744384765625,1.4927868843078613,5.971147537231445,,,,,4.0,xent beta=4.0 adamw
,train,,,,,,,xent_beta-4_adamw_seed17,xent,adamw,4.0,0.3848469167791617,1.4234510660171509,0.0008752576887223263,835.0682234764099,1290.0,2643968.0,,1.0013995693138578,,,,,,,,,,,,,,,,,,,,,,,,,,,,,,2.654000759124756,1.4234510660171509,5.6938042640686035,,,,,4.0,xent beta=4.0 adamw
,train,,,,,,,xent_beta-4_adamw_seed17,xent,adamw,4.0,0.2863483591814284,1.5556894540786743,0.0008732572075439775,841.3884551525116,1300.0,2664448.0,,0.9550878441596111,,,,,,,,,,,,,,,,,,,,,,,,,,,,,,3.0124776363372803,1.5556894540786743,6.222757816314697,,,,,4.0,xent beta=4.0 adamw
,eval,,,,,,,xent_beta-4_adamw_seed17,xent,adamw,4.0,,,,841.3904933929443,1300.0,,,,1.3482511043548584,10744.353515625,1.4836645126342773,0.5273197889328003,8.298648834228516,8.683622360229492,,,,4.701291561126709,11005.033203125,2423035.5,654.0036010742188,5.936253547668457,10.546682357788086,15.268150329589844,0.999963641166687,0.216796875,0.13402453064918518,0.169921875,163.21095275878906,3.1589956283569336,4.11316442489624,12.27389144897461,1.2421875,0.23288176953792572,0.14453125,8.814455032348633,,,,,5.934658050537109,2.7756619453430176,,,4.0,xent beta=4.0 adamw
,train,,,,,,,xent_beta-4_adamw_seed17,xent,adamw,4.0,0.3296776856736514,1.5156748294830322,0.0008712434385279384,848.1881585121155,1310.0,2684928.0,,1.0544981101545714,,,,,,,,,,,,,,,,,,,,,,,,,,,,,,2.7762739658355713,1.5156748294830322,6.062699317932129,,,,,4.0,xent beta=4.0 adamw
,train,,,,,,,xent_beta-4_adamw_seed17,xent,adamw,4.0,0.41776855041955946,1.5826776027679443,0.000869216464452366,856.2165379524231,1320.0,2705408.0,,0.9389104778306545,,,,,,,,,,,,,,,,,,,,,,,,,,,,,,3.2093348503112793,1.5826776027679443,6.330710411071777,,,,,4.0,xent beta=4.0 adamw
,train,,,,,,,xent_beta-4_adamw_seed17,xent,adamw,4.0,0.37168873343143793,1.4722601175308228,0.0008671763686382254,862.2601330280304,1330.0,2725888.0,,0.9197034218638024,,,,,,,,,,,,,,,,,,,,,,,,,,,,,,2.6210110187530518,1.4722601175308228,5.889040470123291,,,,,4.0,xent beta=4.0 adamw
,train,,,,,,,xent_beta-4_adamw_seed17,xent,adamw,4.0,0.3029155094588072,1.5356996059417725,0.0008651232349458647,869.3778071403503,1340.0,2746368.0,,0.9384223122598601,,,,,,,,,,,,,,,,,,,,,,,,,,,,,,2.8012337684631348,1.5356996059417725,6.14279842376709,,,,,4.0,xent beta=4.0 adamw
,train,,,,,,,xent_beta-4_adamw_seed17,xent,adamw,4.0,0.2886985139606928,1.423467993736267,0.0008630571477715689,874.9246854782104,1350.0,2766848.0,,0.9847595892287015,,,,,,,,,,,,,,,,,,,,,,,,,,,,,,2.5682501792907715,1.423467993736267,5.693871974945068,,,,,4.0,xent beta=4.0 adamw
,train,,,,,,,xent_beta-4_adamw_seed17,xent,adamw,4.0,0.3150020548171091,1.5468900203704834,0.0008609781920440892,879.5575687885284,1360.0,2787328.0,,1.1195894544650402,,,,,,,,,,,,,,,,,,,,,,,,,,,,,,2.8118462562561035,1.5468900203704834,6.187560081481934,,,,,4.0,xent beta=4.0 adamw
,train,,,,,,,xent_beta-4_adamw_seed17,xent,adamw,4.0,0.32521277143052396,1.4746026992797852,0.0008588864532211527,884.6291570663452,1370.0,2807808.0,,1.0826392476149889,,,,,,,,,,,,,,,,,,,,,,,,,,,,,,2.661893844604492,1.4746026992797852,5.898410797119141,,,,,4.0,xent beta=4.0 adamw
,train,,,,,,,xent_beta-4_adamw_seed17,xent,adamw,4.0,0.3085318874812428,1.5295042991638184,0.0008567820172859497,891.7577242851257,1380.0,2828288.0,,1.0200627080458875,,,,,,,,,,,,,,,,,,,,,,,,,,,,,,2.817634105682373,1.5295042991638184,6.118017196655273,,,,,4.0,xent beta=4.0 adamw
,train,,,,,,,xent_beta-4_adamw_seed17,xent,adamw,4.0,0.2815730756426119,1.5174264907836914,0.0008546649707435993,899.9217412471771,1390.0,2848768.0,,0.9315710111057783,,,,,,,,,,,,,,,,,,,,,,,,,,,,,,2.823219060897827,1.5174264907836914,6.069705963134766,,,,,4.0,xent beta=4.0 adamw
,train,,,,,,,xent_beta-4_adamw_seed17,xent,adamw,4.0,0.40677797204616406,1.389129638671875,0.0008525354006175926,905.7627122402191,1400.0,2869248.0,,0.8950137433119706,,,,,,,,,,,,,,,,,,,,,,,,,,,,,,2.500351905822754,1.389129638671875,5.5565185546875,,,,,4.0,xent beta=4.0 adamw
,eval,,,,,,,xent_beta-4_adamw_seed17,xent,adamw,4.0,,,,905.7649664878845,1400.0,,,,1.3508435487747192,10742.087890625,1.484984278678894,0.5316624641418457,8.317858695983887,8.71212387084961,5.098331451416016,0.9909886121739967,0.36093997955286167,4.719154357910156,11002.60546875,2423088.25,722.8671875,6.006594657897949,10.547052383422852,15.205181121826172,0.9999639391899109,0.212890625,0.13954243063926697,0.1669921875,163.21095275878906,3.1589956283569336,4.11316442489624,12.27389144897461,1.2421875,0.23288176953792572,0.14453125,8.832317352294922,,,,,5.939937114715576,2.7809414863586426,,,4.0,xent beta=4.0 adamw
,train,,,,,,,xent_beta-4_adamw_seed17,xent,adamw,4.0,0.32144672896893156,1.4919780492782593,0.0008503933944462166,912.7087144851685,1410.0,2889728.0,,0.9617218374149458,,,,,,,,,,,,,,,,,,,,,,,,,,,,,,2.801563262939453,1.4919780492782593,5.967912197113037,,,,,4.0,xent beta=4.0 adamw
,train,,,,,,,xent_beta-4_adamw_seed17,xent,adamw,4.0,0.23471494918975924,1.44961678981781,0.0008482390402789554,919.3175182342529,1420.0,2910208.0,,0.8647240120927437,,,,,,,,,,,,,,,,,,,,,,,,,,,,,,2.653130054473877,1.44961678981781,5.79846715927124,,,,,4.0,xent beta=4.0 adamw
,train,,,,,,,xent_beta-4_adamw_seed17,xent,adamw,4.0,0.30421505157635925,1.4867656230926514,0.0008460724266728708,926.5605297088623,1430.0,2930688.0,,0.9401034934147983,,,,,,,,,,,,,,,,,,,,,,,,,,,,,,2.7575507164001465,1.4867656230926514,5.9470624923706055,,,,,4.0,xent beta=4.0 adamw
,train,,,,,,,xent_beta-4_adamw_seed17,xent,adamw,4.0,0.38483913639923134,1.4945404529571533,0.0008438936426889618,933.3373532295227,1440.0,2951168.0,,0.9056148407172802,,,,,,,,,,,,,,,,,,,,,,,,,,,,,,2.7843260765075684,1.4945404529571533,5.978161811828613,,,,,4.0,xent beta=4.0 adamw
,train,,,,,,,xent_beta-4_adamw_seed17,xent,adamw,4.0,0.2838042606923132,1.4821186065673828,0.0008417027778885047,937.6024129390717,1450.0,2971648.0,,0.9526359521356433,,,,,,,,,,,,,,,,,,,,,,,,,,,,,,2.653620481491089,1.4821186065673828,5.928474426269531,,,,,4.0,xent beta=4.0 adamw
cuda,start,76751360.0,xent_beta-10_adamw_seed17,/n/netscratch/pehlevan_lab/Lab/sab/teacher_logit_cache/eleutherai-pythia-70m-deduped_allenai-c4_seed17_bs16_seq128_bf16_f440db3ba4861202,4.0,readwrite,8.0,xent_beta-10_adamw_seed17,xent,adamw,10,,,,,,,,,,,,,,,,,,,,,,,,,,,,,,,,,,,,,,,,,,,,,10,xent beta=10 adamw
,train,,,,,,,xent_beta-10_adamw_seed17,xent,adamw,10.0,5.2069014645461005,1.5992052555084229,1e-05,1.0681352615356445,0.0,2048.0,,0.048066002707006145,,,,,,,,,,,,,,,,,,,,,,,,,,,,,,12.74798583984375,1.5992052555084229,15.99205207824707,,,,,10.0,xent beta=10.0 adamw
,eval,,,,,,,xent_beta-10_adamw_seed17,xent,adamw,10.0,,,,1.7376065254211426,0.0,,,,4.127394676208496,10769.9462890625,1.5183374881744385,1.0952556133270264,10.625683784484863,10.8239107131958,4.771388053894043,0.9999019503525004,0.3325360715385926,6.7052202224731445,11037.5419921875,2417634.25,516.9325561523438,6.074287414550781,10.774806022644043,96.54190063476562,0.9999779462814331,0.0,0.11986008286476135,0.0,163.21095275878906,3.1589956283569336,4.11316442489624,76.7118148803711,1.2421875,0.23288176953792572,0.14453125,10.818384170532227,,,,,15.183374404907227,12.02437973022461,,,10.0,xent beta=10.0 adamw
,train,,,,,,,xent_beta-10_adamw_seed17,xent,adamw,10.0,7.49651851064952,1.1913301944732666,0.00011,4.27617073059082,10.0,22528.0,,0.18013868675240066,,,,,,,,,,,,,,,,,,,,,,,,,,,,,,8.584403991699219,1.1913301944732666,11.913301467895508,,,,,10.0,xent beta=10.0 adamw
,train,,,,,,,xent_beta-10_adamw_seed17,xent,adamw,10.0,1.8772084144454027,0.8696848154067993,0.00021,4.6516852378845215,20.0,43008.0,,0.3038841647276445,,,,,,,,,,,,,,,,,,,,,,,,,,,,,,5.350818634033203,0.8696848154067993,8.696847915649414,,,,,10.0,xent beta=10.0 adamw
,train,,,,,,,xent_beta-10_adamw_seed17,xent,adamw,10.0,1.1511188334983853,0.7715243697166443,0.00031,5.061192512512207,30.0,63488.0,,0.32662781693048776,,,,,,,,,,,,,,,,,,,,,,,,,,,,,,4.520462989807129,0.7715243697166443,7.715243339538574,,,,,10.0,xent beta=10.0 adamw
,train,,,,,,,xent_beta-10_adamw_seed17,xent,adamw,10.0,0.995818467916547,0.774438202381134,0.00041,5.438581228256226,40.0,83968.0,,0.32307461717781916,,,,,,,,,,,,,,,,,,,,,,,,,,,,,,4.487396240234375,0.774438202381134,7.744381904602051,,,,,10.0,xent beta=10.0 adamw
,train,,,,,,,xent_beta-10_adamw_seed17,xent,adamw,10.0,2.1758199961384226,0.6855155229568481,0.00051,5.821158170700073,50.0,104448.0,,0.4808417856577776,,,,,,,,,,,,,,,,,,,,,,,,,,,,,,4.298929214477539,0.6855155229568481,6.855154991149902,,,,,10.0,xent beta=10.0 adamw
,train,,,,,,,xent_beta-10_adamw_seed17,xent,adamw,10.0,1.7920417329362064,0.571436882019043,0.00061,6.230648040771484,60.0,124928.0,,0.5506269558319998,,,,,,,,,,,,,,,,,,,,,,,,,,,,,,3.2019166946411133,0.571436882019043,5.71436882019043,,,,,10.0,xent beta=10.0 adamw
,train,,,,,,,xent_beta-10_adamw_seed17,xent,adamw,10.0,1.1573910109982724,0.7998688817024231,0.00071,6.610898971557617,70.0,145408.0,,0.6858425407347681,,,,,,,,,,,,,,,,,,,,,,,,,,,,,,4.764297962188721,0.7998688817024231,7.998688697814941,,,,,10.0,xent beta=10.0 adamw
,train,,,,,,,xent_beta-10_adamw_seed17,xent,adamw,10.0,0.8569885249047983,0.7715896964073181,0.0008100000000000001,7.003668546676636,80.0,165888.0,,0.7048618362905391,,,,,,,,,,,,,,,,,,,,,,,,,,,,,,4.446490287780762,0.7715896964073181,7.7158966064453125,,,,,10.0,xent beta=10.0 adamw
,train,,,,,,,xent_beta-10_adamw_seed17,xent,adamw,10.0,0.8146449822963261,0.7536610960960388,0.00091,7.414186000823975,90.0,186368.0,,0.7446069653425771,,,,,,,,,,,,,,,,,,,,,,,,,,,,,,4.327521324157715,0.7536610960960388,7.5366106033325195,,,,,10.0,xent beta=10.0 adamw
,train,,,,,,,xent_beta-10_adamw_seed17,xent,adamw,10.0,0.8025652980268034,0.7323141098022461,0.001,7.796729564666748,100.0,206848.0,,0.8290038582345629,,,,,,,,,,,,,,,,,,,,,,,,,,,,,,4.153848171234131,0.7323141098022461,7.323141098022461,,,,,10.0,xent beta=10.0 adamw
,eval,,,,,,,xent_beta-10_adamw_seed17,xent,adamw,10.0,,,,7.798743009567261,100.0,,,,3.67877197265625,10761.0,0.7355272173881531,0.23981529474258423,9.833322525024414,10.121526718139648,,,,6.048575401306152,11028.890625,2418188.5,775.670654296875,6.330243110656738,10.784533500671387,96.3514404296875,0.9999784231185913,0.275390625,0.1365240216255188,0.091796875,163.21095275878906,3.1589956283569336,4.11316442489624,76.7118148803711,1.2421875,0.23288176953792572,0.14453125,10.161739349365234,,,,,7.35527229309082,4.1962761878967285,,,10.0,xent beta=10.0 adamw
,train,,,,,,,xent_beta-10_adamw_seed17,xent,adamw,10.0,0.7618111193866697,0.7019321322441101,0.000999938487246611,8.206163167953491,110.0,227328.0,,0.7954433048526024,,,,,,,,,,,,,,,,,,,,,,,,,,,,,,3.7953224182128906,0.7019321322441101,7.019321441650391,,,,,10.0,xent beta=10.0 adamw
,train,,,,,,,xent_beta-10_adamw_seed17,xent,adamw,10.0,0.9481800218691683,0.7241958975791931,0.0009997539658034168,8.611465454101562,120.0,247808.0,,0.892349943541296,,,,,,,,,,,,,,,,,,,,,,,,,,,,,,3.997134208679199,0.7241958975791931,7.241959095001221,,,,,10.0,xent beta=10.0 adamw
,train,,,,,,,xent_beta-10_adamw_seed17,xent,adamw,10.0,0.7636705891251679,0.742254376411438,0.0009994464861167371,8.992727756500244,130.0,268288.0,,0.8300288476974966,,,,,,,,,,,,,,,,,,,,,,,,,,,,,,4.201051235198975,0.742254376411438,7.422543525695801,,,,,10.0,xent beta=10.0 adamw
,train,,,,,,,xent_beta-10_adamw_seed17,xent,adamw,10.0,0.8664251301161887,0.6915479898452759,0.0009990161322484487,9.3930025100708,140.0,288768.0,,0.79930690635852,,,,,,,,,,,,,,,,,,,,,,,,,,,,,,3.8208556175231934,0.6915479898452759,6.91547966003418,,,,,10.0,xent beta=10.0 adamw
,train,,,,,,,xent_beta-10_adamw_seed17,xent,adamw,10.0,0.7046231993036843,0.6999548077583313,0.0009984630218530014,9.79116678237915,150.0,309248.0,,0.8390425387167735,,,,,,,,,,,,,,,,,,,,,,,,,,,,,,3.7490906715393066,0.6999548077583313,6.999547958374023,,,,,10.0,xent beta=10.0 adamw
,train,,,,,,,xent_beta-10_adamw_seed17,xent,adamw,10.0,0.7353290415286944,0.7319468855857849,0.0009977873061452552,10.174158573150635,160.0,329728.0,,0.8366771296537295,,,,,,,,,,,,,,,,,,,,,,,,,,,,,,4.17098331451416,0.7319468855857849,7.3194684982299805,,,,,10.0,xent beta=10.0 adamw
,train,,,,,,,xent_beta-10_adamw_seed17,xent,adamw,10.0,1.2807782463161477,0.7127389907836914,0.0009969891698591372,10.577926874160767,170.0,350208.0,,0.8609436563505645,,,,,,,,,,,,,,,,,,,,,,,,,,,,,,3.894587516784668,0.7127389907836914,7.127389907836914,,,,,10.0,xent beta=10.0 adamw
,train,,,,,,,xent_beta-10_adamw_seed17,xent,adamw,10.0,0.7015533534473024,0.6680108904838562,0.0009960688311971388,10.974309921264648,180.0,370688.0,,0.882686601767483,,,,,,,,,,,,,,,,,,,,,,,,,,,,,,3.4121782779693604,0.6680108904838562,6.680109024047852,,,,,10.0,xent beta=10.0 adamw
,train,,,,,,,xent_beta-10_adamw_seed17,xent,adamw,10.0,0.9566669956634044,0.7151361107826233,0.0009950265417706609,11.356945514678955,190.0,391168.0,,0.9338935566912344,,,,,,,,,,,,,,,,,,,,,,,,,,,,,,3.972731351852417,0.7151361107826233,7.151360988616943,,,,,10.0,xent beta=10.0 adamw
,train,,,,,,,xent_beta-10_adamw_seed17,xent,adamw,10.0,0.9525811974236995,0.6749165058135986,0.0009938625865312252,11.760708808898926,200.0,411648.0,,0.9579441362837438,,,,,,,,,,,,,,,,,,,,,,,,,,,,,,3.6210222244262695,0.6749165058135986,6.749165058135986,,,,,10.0,xent beta=10.0 adamw
,eval,,,,,,,xent_beta-10_adamw_seed17,xent,adamw,10.0,,,,11.762756824493408,200.0,,,,3.520693778991699,10759.0888671875,0.6976646184921265,0.23559552431106567,9.837929725646973,10.066301345825195,3.274087429046631,0.9689888339622365,0.2892860472199408,5.997596740722656,11026.861328125,2418621.0,958.8367309570312,6.466353416442871,10.781095504760742,96.43649291992188,0.9999783039093018,0.2666015625,0.1231030821800232,0.1201171875,163.21095275878906,3.1589956283569336,4.11316442489624,76.7118148803711,1.2421875,0.23288176953792572,0.14453125,10.110761642456055,,,,,6.9766459465026855,3.817650318145752,,,10.0,xent beta=10.0 adamw
,train,,,,,,,xent_beta-10_adamw_seed17,xent,adamw,10.0,0.6891533030756113,0.6889286041259766,0.000992577283692572,13.728959798812866,210.0,432128.0,,0.8920467803091601,,,,,,,,,,,,,,,,,,,,,,,,,,,,,,3.675928831100464,0.6889286041259766,6.889286041259766,,,,,10.0,xent beta=10.0 adamw
,train,,,,,,,xent_beta-10_adamw_seed17,xent,adamw,10.0,0.7515734987507242,0.6793944239616394,0.0009911709846436641,14.112517595291138,220.0,452608.0,,0.9202798662357673,,,,,,,,,,,,,,,,,,,,,,,,,,,,,,3.533939838409424,0.6793944239616394,6.793944358825684,,,,,10.0,xent beta=10.0 adamw
,train,,,,,,,xent_beta-10_adamw_seed17,xent,adamw,10.0,1.0722831462173605,0.776198148727417,0.0009896440738526198,14.519414901733398,230.0,473088.0,,0.8837236317202826,,,,,,,,,,,,,,,,,,,,,,,,,,,,,,4.4026336669921875,0.776198148727417,7.76198148727417,,,,,10.0,xent beta=10.0 adamw
,train,,,,,,,xent_beta-10_adamw_seed17,xent,adamw,10.0,0.5902547677761406,0.6603910326957703,0.0009879969687616025,14.908943891525269,240.0,493568.0,,0.9567060017257792,,,,,,,,,,,,,,,,,,,,,,,,,,,,,,3.374833345413208,0.6603910326957703,6.603910446166992,,,,,10.0,xent beta=10.0 adamw
,train,,,,,,,xent_beta-10_adamw_seed17,xent,adamw,10.0,1.763777011476374,0.6559182405471802,0.0009862301196726987,15.2972731590271,250.0,514048.0,,0.8833577868494092,,,,,,,,,,,,,,,,,,,,,,,,,,,,,,3.4368417263031006,0.6559182405471802,6.559182167053223,,,,,10.0,xent beta=10.0 adamw
,train,,,,,,,xent_beta-10_adamw_seed17,xent,adamw,10.0,0.6116661020449232,0.6500563621520996,0.0009843440096248069,15.705174922943115,260.0,534528.0,,0.8492937081822988,,,,,,,,,,,,,,,,,,,,,,,,,,,,,,3.406341314315796,0.6500563621520996,6.500563621520996,,,,,10.0,xent beta=10.0 adamw
,train,,,,,,,xent_beta-10_adamw_seed17,xent,adamw,10.0,0.6560808648754007,0.6933074593544006,0.0009823391542615816,16.089033603668213,270.0,555008.0,,0.9020270795738765,,,,,,,,,,,,,,,,,,,,,,,,,,,,,,3.643986225128174,0.6933074593544006,6.933074474334717,,,,,10.0,xent beta=10.0 adamw
,train,,,,,,,xent_beta-10_adamw_seed17,xent,adamw,10.0,0.5291199351329344,0.6537723541259766,0.0009802161016904609,16.471101760864258,280.0,575488.0,,0.9159712925427506,,,,,,,,,,,,,,,,,,,,,,,,,,,,,,3.3173060417175293,0.6537723541259766,6.537723541259766,,,,,10.0,xent beta=10.0 adamw
,train,,,,,,,xent_beta-10_adamw_seed17,xent,adamw,10.0,0.6104350479212399,0.6181078553199768,0.0009779754323328191,17.03276801109314,290.0,595968.0,,0.8871313642261177,,,,,,,,,,,,,,,,,,,,,,,,,,,,,,3.006564140319824,0.6181078553199768,6.1810784339904785,,,,,10.0,xent beta=10.0 adamw
,train,,,,,,,xent_beta-10_adamw_seed17,xent,adamw,10.0,0.6064577890154359,0.6366198062896729,0.0009756177587652855,17.398057460784912,300.0,616448.0,,0.9259589051410901,,,,,,,,,,,,,,,,,,,,,,,,,,,,,,3.1671266555786133,0.6366198062896729,6.3661980628967285,,,,,10.0,xent beta=10.0 adamw
,eval,,,,,,,xent_beta-10_adamw_seed17,xent,adamw,10.0,,,,17.400421857833862,300.0,,,,3.426914930343628,10757.6611328125,0.6653425693511963,0.23340165615081787,9.83788013458252,10.022860527038574,,,,5.958815574645996,11025.3623046875,2418889.0,1154.428955078125,6.5081377029418945,10.779050827026367,95.79158020019531,0.9999781847000122,0.20703125,0.1257980763912201,0.1201171875,163.21095275878906,3.1589956283569336,4.11316442489624,76.7118148803711,1.2421875,0.23288176953792572,0.14453125,10.071979522705078,,,,,6.653425693511963,3.4944300651550293,,,10.0,xent beta=10.0 adamw
,train,,,,,,,xent_beta-10_adamw_seed17,xent,adamw,10.0,2.371236671704813,0.8503751754760742,0.0009731437255522725,17.79946541786194,310.0,636928.0,,1.072558875309629,,,,,,,,,,,,,,,,,,,,,,,,,,,,,,5.587798595428467,0.8503751754760742,8.503751754760742,,,,,10.0,xent beta=10.0 adamw
,train,,,,,,,xent_beta-10_adamw_seed17,xent,adamw,10.0,0.9513145532239123,0.7470864653587341,0.0009705540090697574,18.18288493156433,320.0,657408.0,,1.117777516959573,,,,,,,,,,,,,,,,,,,,,,,,,,,,,,4.526778697967529,0.7470864653587341,7.470864772796631,,,,,10.0,xent beta=10.0 adamw
,train,,,,,,,xent_beta-10_adamw_seed17,xent,adamw,10.0,0.5495226914307221,0.6580241322517395,0.0009678493173203682,18.580888748168945,330.0,677888.0,,1.0804314441439618,,,,,,,,,,,,,,,,,,,,,,,,,,,,,,3.3731062412261963,0.6580241322517395,6.5802412033081055,,,,,10.0,xent beta=10.0 adamw
,train,,,,,,,xent_beta-10_adamw_seed17,xent,adamw,10.0,0.44322056446102776,0.6658543944358826,0.0009650303897398232,18.971834182739258,340.0,698368.0,,0.9473102675351064,,,,,,,,,,,,,,,,,,,,,,,,,,,,,,3.3730735778808594,0.6658543944358826,6.658544063568115,,,,,10.0,xent beta=10.0 adamw
,train,,,,,,,xent_beta-10_adamw_seed17,xent,adamw,10.0,0.7731634378680854,0.6771988272666931,0.0009620979969947759,19.364360570907593,350.0,718848.0,,1.0196528683432156,,,,,,,,,,,,,,,,,,,,,,,,,,,,,,3.6033105850219727,0.6771988272666931,6.7719879150390625,,,,,10.0,xent beta=10.0 adamw
,train,,,,,,,xent_beta-10_adamw_seed17,xent,adamw,10.0,0.4438031172577911,0.6815642714500427,0.0009590529407721231,19.75967836380005,360.0,739328.0,,0.9199555888412482,,,,,,,,,,,,,,,,,,,,,,,,,,,,,,3.7378411293029785,0.6815642714500427,6.815642356872559,,,,,10.0,xent beta=10.0 adamw
,train,,,,,,,xent_beta-10_adamw_seed17,xent,adamw,10.0,0.5906238732103828,0.6814579367637634,0.0009558960535598316,20.169726610183716,370.0,759808.0,,0.8854550831371303,,,,,,,,,,,,,,,,,,,,,,,,,,,,,,3.649176597595215,0.6814579367637634,6.814579010009766,,,,,10.0,xent beta=10.0 adamw
,train,,,,,,,xent_beta-10_adamw_seed17,xent,adamw,10.0,0.5778115994820945,0.6342746019363403,0.0009526281984193435,20.596745491027832,380.0,780288.0,,1.0134661125451971,,,,,,,,,,,,,,,,,,,,,,,,,,,,,,3.199626922607422,0.6342746019363403,6.342745780944824,,,,,10.0,xent beta=10.0 adamw
,train,,,,,,,xent_beta-10_adamw_seed17,xent,adamw,10.0,0.5932550321386633,0.7195135951042175,0.0009492502687496253,20.986492156982422,390.0,800768.0,,0.997304228001101,,,,,,,,,,,,,,,,,,,,,,,,,,,,,,3.730210304260254,0.7195135951042175,7.195136070251465,,,,,10.0,xent beta=10.0 adamw
,train,,,,,,,xent_beta-10_adamw_seed17,xent,adamw,10.0,0.4597383341285075,0.6775952577590942,0.0009457631880429201,21.374894380569458,400.0,821248.0,,1.0367533928714188,,,,,,,,,,,,,,,,,,,,,,,,,,,,,,3.4384605884552,0.6775952577590942,6.775952339172363,,,,,10.0,xent beta=10.0 adamw
,eval,,,,,,,xent_beta-10_adamw_seed17,xent,adamw,10.0,,,,21.376898288726807,400.0,,,,3.474919319152832,10757.017578125,0.6673656702041626,0.20666572451591492,9.798978805541992,10.024030685424805,3.297089099884033,0.9699556213581174,0.29079234600038056,5.9567365646362305,11024.76171875,2419132.25,930.2762451171875,6.356164932250977,10.780406951904297,95.97332763671875,0.9999783039093018,0.26171875,0.12694135308265686,0.1240234375,163.21095275878906,3.1589956283569336,4.11316442489624,76.7118148803711,1.2421875,0.23288176953792572,0.14453125,10.069900512695312,,,,,6.673656463623047,3.5146610736846924,,,10.0,xent beta=10.0 adamw
,train,,,,,,,xent_beta-10_adamw_seed17,xent,adamw,10.0,0.39633758625147153,0.6144773364067078,0.0009421679096322747,23.561596155166626,410.0,841728.0,,0.9328008448726723,,,,,,,,,,,,,,,,,,,,,,,,,,,,,,2.917546510696411,0.6144773364067078,6.144773483276367,,,,,10.0,xent beta=10.0 adamw
,train,,,,,,,xent_beta-10_adamw_seed17,xent,adamw,10.0,0.561267745919908,0.5988935828208923,0.0009384654164309083,23.95699191093445,420.0,862208.0,,0.95558192711482,,,,,,,,,,,,,,,,,,,,,,,,,,,,,,2.772135019302368,0.5988935828208923,5.988935470581055,,,,,10.0,xent beta=10.0 adamw
,train,,,,,,,xent_beta-10_adamw_seed17,xent,adamw,10.0,0.4616519774687871,0.6600871086120605,0.0009346567206634926,24.38660192489624,430.0,882688.0,,0.9372754151299559,,,,,,,,,,,,,,,,,,,,,,,,,,,,,,3.4398488998413086,0.6600871086120605,6.6008710861206055,,,,,10.0,xent beta=10.0 adamw
,train,,,,,,,xent_beta-10_adamw_seed17,xent,adamw,10.0,0.42137797665886034,0.6513529419898987,0.0009307428635894209,24.780823945999146,440.0,903168.0,,0.9381812314579112,,,,,,,,,,,,,,,,,,,,,,,,,,,,,,3.3782272338867188,0.6513529419898987,6.513529300689697,,,,,10.0,xent beta=10.0 adamw
,train,,,,,,,xent_beta-10_adamw_seed17,xent,adamw,10.0,0.4045443253010996,0.6581417322158813,0.0009267249152181378,25.17551851272583,450.0,923648.0,,1.0190814062232474,,,,,,,,,,,,,,,,,,,,,,,,,,,,,,3.301262855529785,0.6581417322158813,6.581417083740234,,,,,10.0,xent beta=10.0 adamw
,train,,,,,,,xent_beta-10_adamw_seed17,xent,adamw,10.0,0.32827965994441066,0.635707676410675,0.000922603974016609,25.621235847473145,460.0,944128.0,,0.911205053958254,,,,,,,,,,,,,,,,,,,,,,,,,,,,,,3.1073617935180664,0.635707676410675,6.357076644897461,,,,,10.0,xent beta=10.0 adamw
,train,,,,,,,xent_beta-10_adamw_seed17,xent,adamw,10.0,0.36107600703007625,0.6527506709098816,0.0009183811666090118,26.014240503311157,470.0,964608.0,,1.1062578636265037,,,,,,,,,,,,,,,,,,,,,,,,,,,,,,3.2920403480529785,0.6527506709098816,6.5275068283081055,,,,,10.0,xent beta=10.0 adamw
,train,,,,,,,xent_beta-10_adamw_seed17,xent,adamw,10.0,0.5881177027566559,0.6506487727165222,0.0009140576474687263,26.40873646736145,480.0,985088.0,,0.989349709906231,,,,,,,,,,,,,,,,,,,,,,,,,,,,,,3.1628026962280273,0.6506487727165222,6.506487846374512,,,,,10.0,xent beta=10.0 adamw
,train,,,,,,,xent_beta-10_adamw_seed17,xent,adamw,10.0,0.3614102645746083,0.646080493927002,0.0009096345986027161,26.860827207565308,490.0,1005568.0,,1.0282036794048117,,,,,,,,,,,,,,,,,,,,,,,,,,,,,,3.2625837326049805,0.646080493927002,6.4608049392700195,,,,,10.0,xent beta=10.0 adamw
,train,,,,,,,xent_beta-10_adamw_seed17,xent,adamw,10.0,0.37428502900287564,0.6416689157485962,0.0009051132292283771,27.252217292785645,500.0,1026048.0,,0.9879406141902383,,,,,,,,,,,,,,,,,,,,,,,,,,,,,,3.321213722229004,0.6416689157485962,6.416688919067383,,,,,10.0,xent beta=10.0 adamw
,eval,,,,,,,xent_beta-10_adamw_seed17,xent,adamw,10.0,,,,27.254230976104736,500.0,,,,3.3799405097961426,10756.4716796875,0.6371755003929138,0.22010409832000732,9.821004867553711,9.993946075439453,,,,5.929562568664551,11024.216796875,2419242.75,995.0250244140625,6.405126571655273,10.780750274658203,96.15724182128906,0.9999783039093018,0.205078125,0.11862041801214218,0.1357421875,163.21095275878906,3.1589956283569336,4.11316442489624,76.7118148803711,1.2421875,0.23288176953792572,0.14453125,10.04272747039795,,,,,6.3717546463012695,3.212759017944336,,,10.0,xent beta=10.0 adamw
,train,,,,,,,xent_beta-10_adamw_seed17,xent,adamw,10.0,0.7008636257971295,0.6677512526512146,0.0009004947754429507,27.647677183151245,510.0,1046528.0,,0.9906067252409575,,,,,,,,,,,,,,,,,,,,,,,,,,,,,,3.456918239593506,0.6677512526512146,6.677512168884277,,,,,10.0,xent beta=10.0 adamw
,train,,,,,,,xent_beta-10_adamw_seed17,xent,adamw,10.0,1.1819595141346804,0.7507885098457336,0.0008957804998855866,28.36085796356201,520.0,1067008.0,,1.3208356853665641,,,,,,,,,,,,,,,,,,,,,,,,,,,,,,4.089241027832031,0.7507885098457336,7.507884979248047,,,,,10.0,xent beta=10.0 adamw
,train,,,,,,,xent_beta-10_adamw_seed17,xent,adamw,10.0,1.416696356142501,1.0389193296432495,0.0008909716913921507,29.508501529693604,530.0,1087488.0,,1.500548793347217,,,,,,,,,,,,,,,,,,,,,,,,,,,,,,7.62833833694458,1.0389193296432495,10.389192581176758,,,,,10.0,xent beta=10.0 adamw
,train,,,,,,,xent_beta-10_adamw_seed17,xent,adamw,10.0,1.059434707457087,0.8148738741874695,0.0008860696646428693,31.08563780784607,540.0,1107968.0,,1.649438611776356,,,,,,,,,,,,,,,,,,,,,,,,,,,,,,4.75760555267334,0.8148738741874695,8.148738861083984,,,,,10.0,xent beta=10.0 adamw
,train,,,,,,,xent_beta-10_adamw_seed17,xent,adamw,10.0,0.5434329863776205,0.6751405000686646,0.0008810757598029093,32.96878981590271,550.0,1128448.0,,1.1204828781642047,,,,,,,,,,,,,,,,,,,,,,,,,,,,,,3.7279224395751953,0.6751405000686646,6.751404762268066,,,,,10.0,xent beta=10.0 adamw
,train,,,,,,,xent_beta-10_adamw_seed17,xent,adamw,10.0,0.4162454323468603,0.6843329668045044,0.0008759913421559901,34.70889735221863,560.0,1148928.0,,0.8167608729837758,,,,,,,,,,,,,,,,,,,,,,,,,,,,,,3.6203980445861816,0.6843329668045044,6.843329429626465,,,,,10.0,xent beta=10.0 adamw
,train,,,,,,,xent_beta-10_adamw_seed17,xent,adamw,10.0,0.40642754178032475,0.6340312957763672,0.0008708178017311287,36.50845742225647,570.0,1169408.0,,0.7311049862699043,,,,,,,,,,,,,,,,,,,,,,,,,,,,,,3.236098289489746,0.6340312957763672,6.340312957763672,,,,,10.0,xent beta=10.0 adamw
,train,,,,,,,xent_beta-10_adamw_seed17,xent,adamw,10.0,0.4272762197107119,0.6779543161392212,0.0008655565529226198,38.16113996505737,580.0,1189888.0,,0.7473440262114501,,,,,,,,,,,,,,,,,,,,,,,,,,,,,,3.5785064697265625,0.6779543161392212,6.779542922973633,,,,,10.0,xent beta=10.0 adamw
,train,,,,,,,xent_beta-10_adamw_seed17,xent,adamw,10.0,0.43663304168398914,0.6099370718002319,0.0008602090341033546,39.06920027732849,590.0,1210368.0,,0.8429213849541644,,,,,,,,,,,,,,,,,,,,,,,,,,,,,,2.914057493209839,0.6099370718002319,6.09937047958374,,,,,10.0,xent beta=10.0 adamw
,train,,,,,,,xent_beta-10_adamw_seed17,xent,adamw,10.0,0.5721719593072383,0.6500820517539978,0.0008547767072315835,41.15982484817505,600.0,1230848.0,,0.8210197552178516,,,,,,,,,,,,,,,,,,,,,,,,,,,,,,3.2072877883911133,0.6500820517539978,6.500820159912109,,,,,10.0,xent beta=10.0 adamw
,eval,,,,,,,xent_beta-10_adamw_seed17,xent,adamw,10.0,,,,41.16181492805481,600.0,,,,3.4233150482177734,10756.38671875,0.6407047510147095,0.22203141450881958,9.807453155517578,9.995269775390625,3.344172477722168,0.9716000523080675,0.2932470317627258,5.929385185241699,11024.20703125,2419366.5,929.660888671875,6.235344886779785,10.7827787399292,95.26624298095703,0.9999783635139465,0.2373046875,0.1363394558429718,0.1435546875,163.21095275878906,3.1589956283569336,4.11316442489624,76.7118148803711,1.2421875,0.23288176953792572,0.14453125,10.042549133300781,,,,,6.407047271728516,3.248051643371582,,,10.0,xent beta=10.0 adamw
,train,,,,,,,xent_beta-10_adamw_seed17,xent,adamw,10.0,0.35937846792817096,0.652514636516571,0.0008492610574512317,44.81299066543579,610.0,1251328.0,,0.7329744919926842,,,,,,,,,,,,,,,,,,,,,,,,,,,,,,3.2825517654418945,0.652514636516571,6.525146484375,,,,,10.0,xent beta=10.0 adamw
,train,,,,,,,xent_beta-10_adamw_seed17,xent,adamw,10.0,0.31341397658604836,0.6247883439064026,0.0008436635926858759,45.19180989265442,620.0,1271808.0,,0.7521214228185483,,,,,,,,,,,,,,,,,,,,,,,,,,,,,,3.1073999404907227,0.6247883439064026,6.247883319854736,,,,,10.0,xent beta=10.0 adamw
,train,,,,,,,xent_beta-10_adamw_seed17,xent,adamw,10.0,0.468127389623003,0.6422621607780457,0.0008379858432264925,46.35041689872742,630.0,1292288.0,,0.7887413509830995,,,,,,,,,,,,,,,,,,,,,,,,,,,,,,3.160193920135498,0.6422621607780457,6.422621726989746,,,,,10.0,xent beta=10.0 adamw
,train,,,,,,,xent_beta-10_adamw_seed17,xent,adamw,10.0,0.34472894182180436,0.6348472237586975,0.0008322293613130917,47.404348850250244,640.0,1312768.0,,0.8554116710732285,,,,,,,,,,,,,,,,,,,,,,,,,,,,,,3.151797294616699,0.6348472237586975,6.3484721183776855,,,,,10.0,xent beta=10.0 adamw
,train,,,,,,,xent_beta-10_adamw_seed17,xent,adamw,10.0,0.37552889639568193,0.6566247344017029,0.0008263957207103506,48.689374685287476,650.0,1333248.0,,0.83170448829882,,,,,,,,,,,,,,,,,,,,,,,,,,,,,,3.3198177814483643,0.6566247344017029,6.566247463226318,,,,,10.0,xent beta=10.0 adamw
,train,,,,,,,xent_beta-10_adamw_seed17,xent,adamw,10.0,0.3321978862551067,0.6306547522544861,0.0008204865162773613,49.90104818344116,660.0,1353728.0,,0.8034419282188152,,,,,,,,,,,,,,,,,,,,,,,,,,,,,,3.0130584239959717,0.6306547522544861,6.306547164916992,,,,,10.0,xent beta=10.0 adamw
,train,,,,,,,xent_beta-10_adamw_seed17,xent,adamw,10.0,0.49246005917838087,0.648166835308075,0.000814503363531613,51.100908517837524,670.0,1374208.0,,0.8343500932752067,,,,,,,,,,,,,,,,,,,,,,,,,,,,,,3.1798553466796875,0.648166835308075,6.481667995452881,,,,,10.0,xent beta=10.0 adamw
,train,,,,,,,xent_beta-10_adamw_seed17,xent,adamw,10.0,0.24605977009917676,0.6371936798095703,0.0008084478982073247,52.36116695404053,680.0,1394688.0,,0.7711640384352072,,,,,,,,,,,,,,,,,,,,,,,,,,,,,,3.0884625911712646,0.6371936798095703,6.371936798095703,,,,,10.0,xent beta=10.0 adamw
,train,,,,,,,xent_beta-10_adamw_seed17,xent,adamw,10.0,0.5480465235255678,0.623816192150116,0.0008023217758082529,53.62470030784607,690.0,1415168.0,,0.8816428903960079,,,,,,,,,,,,,,,,,,,,,,,,,,,,,,3.249258518218994,0.623816192150116,6.238161563873291,,,,,10.0,xent beta=10.0 adamw
,train,,,,,,,xent_beta-10_adamw_seed17,xent,adamw,10.0,0.338654778074297,0.624018132686615,0.0007961266711550922,55.255980014801025,700.0,1435648.0,,0.8103871092945769,,,,,,,,,,,,,,,,,,,,,,,,,,,,,,3.0507445335388184,0.624018132686615,6.240180969238281,,,,,10.0,xent beta=10.0 adamw
,eval,,,,,,,xent_beta-10_adamw_seed17,xent,adamw,10.0,,,,55.258354902267456,700.0,,,,3.3950541019439697,10757.4736328125,0.6195812225341797,0.22083774209022522,9.81506633758545,9.970237731933594,,,,5.903639793395996,11025.302734375,2419485.0,968.7636108398438,6.420001029968262,10.782377243041992,96.74725341796875,0.9999783039093018,0.166015625,0.11483220756053925,0.1396484375,163.21095275878906,3.1589956283569336,4.11316442489624,76.7118148803711,1.2421875,0.23288176953792572,0.14453125,10.016803741455078,,,,,6.195812225341797,3.036816120147705,,,10.0,xent beta=10.0 adamw
,train,,,,,,,xent_beta-10_adamw_seed17,xent,adamw,10.0,0.30844447052916696,0.6135324835777283,0.0007898642779275972,56.79268145561218,710.0,1456128.0,,0.7702119424424223,,,,,,,,,,,,,,,,,,,,,,,,,,,,,,2.9676759243011475,0.6135324835777283,6.135324954986572,,,,,10.0,xent beta=10.0 adamw
,train,,,,,,,xent_beta-10_adamw_seed17,xent,adamw,10.0,0.26081242813233724,0.5810993909835815,0.0007835363082015469,58.093756914138794,720.0,1476608.0,,0.8159937778346724,,,,,,,,,,,,,,,,,,,,,,,,,,,,,,2.7204713821411133,0.5810993909835815,5.810993671417236,,,,,10.0,xent beta=10.0 adamw
,train,,,,,,,xent_beta-10_adamw_seed17,xent,adamw,10.0,0.2712304998027747,0.6486343145370483,0.0007771444919806797,59.863550662994385,730.0,1497088.0,,0.9540973572280456,,,,,,,,,,,,,,,,,,,,,,,,,,,,,,3.1404941082000732,0.6486343145370483,6.486342906951904,,,,,10.0,xent beta=10.0 adamw
,train,,,,,,,xent_beta-10_adamw_seed17,xent,adamw,10.0,0.8590858118106367,0.704646110534668,0.0007706905767237288,61.18972206115723,740.0,1517568.0,,1.0766357041483987,,,,,,,,,,,,,,,,,,,,,,,,,,,,,,4.006501197814941,0.704646110534668,7.04646110534668,,,,,10.0,xent beta=10.0 adamw
,train,,,,,,,xent_beta-10_adamw_seed17,xent,adamw,10.0,0.315224612181046,0.6281115412712097,0.0007641763268666831,63.07916831970215,750.0,1538048.0,,0.878392442024225,,,,,,,,,,,,,,,,,,,,,,,,,,,,,,3.0684261322021484,0.6281115412712097,6.281115531921387,,,,,10.0,xent beta=10.0 adamw
,train,,,,,,,xent_beta-10_adamw_seed17,xent,adamw,10.0,0.3265726126448545,0.5766794085502625,0.0007576035233404096,65.2897720336914,760.0,1558528.0,,0.8216790619933696,,,,,,,,,,,,,,,,,,,,,,,,,,,,,,2.5193169116973877,0.5766794085502625,5.766794204711914,,,,,10.0,xent beta=10.0 adamw
,train,,,,,,,xent_beta-10_adamw_seed17,xent,adamw,10.0,0.31587491325120165,0.6410032510757446,0.000750973963083763,66.178870677948,770.0,1579008.0,,0.7473953917533916,,,,,,,,,,,,,,,,,,,,,,,,,,,,,,3.1663012504577637,0.6410032510757446,6.410032272338867,,,,,10.0,xent beta=10.0 adamw
,train,,,,,,,xent_beta-10_adamw_seed17,xent,adamw,10.0,0.27933843098822414,0.6231194138526917,0.0007442894585523217,67.80079579353333,780.0,1599488.0,,0.7070221723534543,,,,,,,,,,,,,,,,,,,,,,,,,,,,,,2.9918155670166016,0.6231194138526917,6.231194019317627,,,,,10.0,xent beta=10.0 adamw
,train,,,,,,,xent_beta-10_adamw_seed17,xent,adamw,10.0,0.30479396982338575,0.5932337045669556,0.0007375518372228807,69.83726024627686,790.0,1619968.0,,0.7325733118434564,,,,,,,,,,,,,,,,,,,,,,,,,,,,,,2.8270387649536133,0.5932337045669556,5.932336807250977,,,,,10.0,xent beta=10.0 adamw
,train,,,,,,,xent_beta-10_adamw_seed17,xent,adamw,10.0,0.3264183194890698,0.6101202368736267,0.0007307629410938364,71.1721248626709,800.0,1640448.0,,0.8449119569290053,,,,,,,,,,,,,,,,,,,,,,,,,,,,,,2.867013931274414,0.6101202368736267,6.101202487945557,,,,,10.0,xent beta=10.0 adamw
,eval,,,,,,,xent_beta-10_adamw_seed17,xent,adamw,10.0,,,,71.17450952529907,800.0,,,,3.362208604812622,10757.42578125,0.604421079158783,0.21843504905700684,9.765210151672363,9.916979789733887,3.424999237060547,0.9745324238846347,0.2962934374806302,5.853281497955322,11025.1396484375,2419631.5,741.5853271484375,6.14520263671875,10.778619766235352,95.54022979736328,0.9999781250953674,0.1982421875,0.12886640429496765,0.146484375,163.21095275878906,3.1589956283569336,4.11316442489624,76.7118148803711,1.2421875,0.23288176953792572,0.14453125,9.966445922851562,,,,,6.044210433959961,2.885214328765869,,,10.0,xent beta=10.0 adamw
,train,,,,,,,xent_beta-10_adamw_seed17,xent,adamw,10.0,0.3259426919397757,0.5815653800964355,0.0007239246261816035,74.90208601951599,810.0,1660928.0,,0.7651825667284559,,,,,,,,,,,,,,,,,,,,,,,,,,,,,,2.5872178077697754,0.5815653800964355,5.8156538009643555,,,,,10.0,xent beta=10.0 adamw
,train,,,,,,,xent_beta-10_adamw_seed17,xent,adamw,10.0,0.42438295365099105,0.6470643281936646,0.0007170387620131993,76.05424618721008,820.0,1681408.0,,0.739155930866616,,,,,,,,,,,,,,,,,,,,,,,,,,,,,,3.223708152770996,0.6470643281936646,6.470643043518066,,,,,10.0,xent beta=10.0 adamw
,train,,,,,,,xent_beta-10_adamw_seed17,xent,adamw,10.0,0.3249046306953311,0.6044248342514038,0.0007101072311151324,77.28242588043213,830.0,1701888.0,,0.7551936910640538,,,,,,,,,,,,,,,,,,,,,,,,,,,,,,2.892533540725708,0.6044248342514038,6.044248104095459,,,,,10.0,xent beta=10.0 adamw
,train,,,,,,,xent_beta-10_adamw_seed17,xent,adamw,10.0,0.3460020177714826,0.5926362872123718,0.0007031319284987394,78.6110851764679,840.0,1722368.0,,0.7467741426047417,,,,,,,,,,,,,,,,,,,,,,,,,,,,,,2.739912748336792,0.5926362872123718,5.926362991333008,,,,,10.0,xent beta=10.0 adamw
,train,,,,,,,xent_beta-10_adamw_seed17,xent,adamw,10.0,0.29188646090325254,0.5974188446998596,0.0006961147611421076,80.01789379119873,850.0,1742848.0,,0.866065320196878,,,,,,,,,,,,,,,,,,,,,,,,,,,,,,2.7594454288482666,0.5974188446998596,5.974188327789307,,,,,10.0,xent beta=10.0 adamw
,train,,,,,,,xent_beta-10_adamw_seed17,xent,adamw,10.0,0.4554590746480145,0.7000448107719421,0.0006890576474687264,81.49621891975403,860.0,1763328.0,,0.8399634736454038,,,,,,,,,,,,,,,,,,,,,,,,,,,,,,3.2396035194396973,0.7000448107719421,7.000447750091553,,,,,10.0,xent beta=10.0 adamw
,train,,,,,,,xent_beta-10_adamw_seed17,xent,adamw,10.0,0.23360179787502558,0.6255154609680176,0.0006819625168230092,83.38303089141846,870.0,1783808.0,,0.8225986041577246,,,,,,,,,,,,,,,,,,,,,,,,,,,,,,2.9966020584106445,0.6255154609680176,6.255154609680176,,,,,10.0,xent beta=10.0 adamw
,train,,,,,,,xent_beta-10_adamw_seed17,xent,adamw,10.0,0.28524022495221274,0.6145760416984558,0.0006748313089428301,85.51250123977661,880.0,1804288.0,,0.7922132223884698,,,,,,,,,,,,,,,,,,,,,,,,,,,,,,3.0947399139404297,0.6145760416984558,6.1457600593566895,,,,,10.0,xent beta=10.0 adamw
,train,,,,,,,xent_beta-10_adamw_seed17,xent,adamw,10.0,0.2700447071684311,0.6415546536445618,0.0006676659734292189,87.09409761428833,890.0,1824768.0,,0.8016637262028786,,,,,,,,,,,,,,,,,,,,,,,,,,,,,,3.1801843643188477,0.6415546536445618,6.415546417236328,,,,,10.0,xent beta=10.0 adamw
,train,,,,,,,xent_beta-10_adamw_seed17,xent,adamw,10.0,0.28136273780210425,0.6167075037956238,0.0006604684692133597,89.31019711494446,900.0,1845248.0,,0.6960169558927669,,,,,,,,,,,,,,,,,,,,,,,,,,,,,,2.958096981048584,0.6167075037956238,6.167074680328369,,,,,10.0,xent beta=10.0 adamw
,eval,,,,,,,xent_beta-10_adamw_seed17,xent,adamw,10.0,,,,89.3126962184906,900.0,,,,3.3197836875915527,10757.923828125,0.6063951849937439,0.19273944199085236,9.782486915588379,9.938251495361328,,,,5.875404357910156,11025.73828125,2419653.75,902.09814453125,6.347908973693848,10.781636238098145,96.53284454345703,0.9999783039093018,0.2294921875,0.1083168089389801,0.15234375,163.21095275878906,3.1589956283569336,4.11316442489624,76.7118148803711,1.2421875,0.23288176953792572,0.14453125,9.988569259643555,,,,,6.06395149230957,2.904956102371216,,,10.0,xent beta=10.0 adamw
,train,,,,,,,xent_beta-10_adamw_seed17,xent,adamw,10.0,0.22262298761922683,0.6164795160293579,0.0006532407640210383,90.44358658790588,910.0,1865728.0,,0.6781381419457889,,,,,,,,,,,,,,,,,,,,,,,,,,,,,,3.0609374046325684,0.6164795160293579,6.164794921875,,,,,10.0,xent beta=10.0 adamw
,train,,,,,,,xent_beta-10_adamw_seed17,xent,adamw,10.0,0.3123290201636419,0.6587954759597778,0.0006459848338346861,91.77658486366272,920.0,1886208.0,,0.7520465318826757,,,,,,,,,,,,,,,,,,,,,,,,,,,,,,3.1434764862060547,0.6587954759597778,6.587954521179199,,,,,10.0,xent beta=10.0 adamw
,train,,,,,,,xent_beta-10_adamw_seed17,xent,adamw,10.0,0.22753908147298868,0.5962315201759338,0.0006387026623531661,93.63646101951599,930.0,1906688.0,,0.6595417944334735,,,,,,,,,,,,,,,,,,,,,,,,,,,,,,2.775496482849121,0.5962315201759338,5.962315082550049,,,,,10.0,xent beta=10.0 adamw
,train,,,,,,,xent_beta-10_adamw_seed17,xent,adamw,10.0,0.22577084229511968,0.6128557920455933,0.0006313962404494495,95.41896843910217,940.0,1927168.0,,0.7094708837403042,,,,,,,,,,,,,,,,,,,,,,,,,,,,,,3.143766164779663,0.6128557920455933,6.1285576820373535,,,,,10.0,xent beta=10.0 adamw
,train,,,,,,,xent_beta-10_adamw_seed17,xent,adamw,10.0,0.3250358014007118,0.5814382433891296,0.0006240675656263302,97.20084524154663,950.0,1947648.0,,0.7958964867899114,,,,,,,,,,,,,,,,,,,,,,,,,,,,,,2.7573747634887695,0.5814382433891296,5.814382553100586,,,,,10.0,xent beta=10.0 adamw
,train,,,,,,,xent_beta-10_adamw_seed17,xent,adamw,10.0,0.3696561744561316,0.7176511883735657,0.0006167186414703288,98.9500982761383,960.0,1968128.0,,0.9061669933074971,,,,,,,,,,,,,,,,,,,,,,,,,,,,,,4.128242492675781,0.7176511883735657,7.176511764526367,,,,,10.0,xent beta=10.0 adamw
,train,,,,,,,xent_beta-10_adamw_seed17,xent,adamw,10.0,0.2371889618550307,0.6143833994865417,0.0006093514771039312,100.84701204299927,970.0,1988608.0,,0.7292160438759615,,,,,,,,,,,,,,,,,,,,,,,,,,,,,,2.9833974838256836,0.6143833994865417,6.143834114074707,,,,,10.0,xent beta=10.0 adamw
,train,,,,,,,xent_beta-10_adamw_seed17,xent,adamw,10.0,0.2156316333457952,0.5954977869987488,0.0006019680866363138,102.5463216304779,980.0,2009088.0,,0.6520254288458435,,,,,,,,,,,,,,,,,,,,,,,,,,,,,,2.801982879638672,0.5954977869987488,5.954977989196777,,,,,10.0,xent beta=10.0 adamw
,train,,,,,,,xent_beta-10_adamw_seed17,xent,adamw,10.0,0.27924193572379574,0.6176690459251404,0.0005945704886127083,104.18845748901367,990.0,2029568.0,,0.6361510545040318,,,,,,,,,,,,,,,,,,,,,,,,,,,,,,2.954899311065674,0.6176690459251404,6.176690101623535,,,,,10.0,xent beta=10.0 adamw
,train,,,,,,,xent_beta-10_adamw_seed17,xent,adamw,10.0,0.34264435084799333,0.6289971470832825,0.0005871607054625496,105.57225346565247,1000.0,2050048.0,,0.6631915526449034,,,,,,,,,,,,,,,,,,,,,,,,,,,,,,3.0497169494628906,0.6289971470832825,6.289971351623535,,,,,10.0,xent beta=10.0 adamw
,eval,,,,,,,xent_beta-10_adamw_seed17,xent,adamw,10.0,,,,105.57449126243591,1000.0,,,,3.368934154510498,10757.5517578125,0.5961402058601379,0.20717620849609375,9.737237930297852,9.90188980102539,3.593003988265991,0.9789506780465993,0.3017550706860386,5.837689399719238,11025.302734375,2419753.0,680.878662109375,6.02711296081543,10.779537200927734,95.0366439819336,0.9999781847000122,0.236328125,0.13873262703418732,0.1533203125,163.21095275878906,3.1589956283569336,4.11316442489624,76.7118148803711,1.2421875,0.23288176953792572,0.14453125,9.950854301452637,,,,,5.96140193939209,2.8024063110351562,,,10.0,xent beta=10.0 adamw
,train,,,,,,,xent_beta-10_adamw_seed17,xent,adamw,10.0,0.23000792213563917,0.5905267000198364,0.0005797407629465648,109.27478504180908,1010.0,2070528.0,,0.6022129299961331,,,,,,,,,,,,,,,,,,,,,,,,,,,,,,2.750392198562622,0.5905267000198364,5.905266761779785,,,,,10.0,xent beta=10.0 adamw
,train,,,,,,,xent_beta-10_adamw_seed17,xent,adamw,10.0,0.28646503741307194,0.6721906065940857,0.00057231268960295,109.7572660446167,1020.0,2091008.0,,0.7673112592840818,,,,,,,,,,,,,,,,,,,,,,,,,,,,,,3.611473798751831,0.6721906065940857,6.721905708312988,,,,,10.0,xent beta=10.0 adamw
,train,,,,,,,xent_beta-10_adamw_seed17,xent,adamw,10.0,0.3938560512840594,0.6148240566253662,0.0005648785161927887,111.36483097076416,1030.0,2111488.0,,0.7624760174748462,,,,,,,,,,,,,,,,,,,,,,,,,,,,,,3.2056469917297363,0.6148240566253662,6.148240566253662,,,,,10.0,xent beta=10.0 adamw
,train,,,,,,,xent_beta-10_adamw_seed17,xent,adamw,10.0,0.21974378406361428,0.6641625761985779,0.0005574402751448614,113.0478720664978,1040.0,2131968.0,,0.687085394088474,,,,,,,,,,,,,,,,,,,,,,,,,,,,,,3.3482584953308105,0.6641625761985779,6.64162540435791,,,,,10.0,xent beta=10.0 adamw
,train,,,,,,,xent_beta-10_adamw_seed17,xent,adamw,10.0,0.270677724333656,0.5966707468032837,0.00055,114.42488622665405,1050.0,2152448.0,,0.5754391284102245,,,,,,,,,,,,,,,,,,,,,,,,,,,,,,2.7864904403686523,0.5966707468032837,5.966707229614258,,,,,10.0,xent beta=10.0 adamw
,train,,,,,,,xent_beta-10_adamw_seed17,xent,adamw,10.0,0.22785915119765976,0.6196490526199341,0.0005425597248551387,116.02411556243896,1060.0,2172928.0,,0.5529302483662508,,,,,,,,,,,,,,,,,,,,,,,,,,,,,,3.0227787494659424,0.6196490526199341,6.196490287780762,,,,,10.0,xent beta=10.0 adamw
,train,,,,,,,xent_beta-10_adamw_seed17,xent,adamw,10.0,0.2735663993911377,0.5965806245803833,0.0005351214838072113,117.86057925224304,1070.0,2193408.0,,0.5422404327805759,,,,,,,,,,,,,,,,,,,,,,,,,,,,,,2.7789368629455566,0.5965806245803833,5.965806007385254,,,,,10.0,xent beta=10.0 adamw
,train,,,,,,,xent_beta-10_adamw_seed17,xent,adamw,10.0,0.3786575837281348,0.6206957697868347,0.00052768731039705,120.26424217224121,1080.0,2213888.0,,0.5783699520351944,,,,,,,,,,,,,,,,,,,,,,,,,,,,,,3.3353171348571777,0.6206957697868347,6.206957817077637,,,,,10.0,xent beta=10.0 adamw
,train,,,,,,,xent_beta-10_adamw_seed17,xent,adamw,10.0,0.23727274646703805,0.6256207823753357,0.0005202592370534354,121.48092889785767,1090.0,2234368.0,,0.5599583865674599,,,,,,,,,,,,,,,,,,,,,,,,,,,,,,2.7942123413085938,0.6256207823753357,6.256207466125488,,,,,10.0,xent beta=10.0 adamw
,train,,,,,,,xent_beta-10_adamw_seed17,xent,adamw,10.0,0.26594996228817797,0.5947882533073425,0.0005128392945374505,123.9750862121582,1100.0,2254848.0,,0.5405985296882174,,,,,,,,,,,,,,,,,,,,,,,,,,,,,,2.8584203720092773,0.5947882533073425,5.947882652282715,,,,,10.0,xent beta=10.0 adamw
,eval,,,,,,,xent_beta-10_adamw_seed17,xent,adamw,10.0,,,,123.97741413116455,1100.0,,,,3.3383166790008545,10757.1552734375,0.5903707146644592,0.2157273292541504,9.719959259033203,9.869584083557129,,,,5.806352138519287,11024.8271484375,2419807.25,598.0946655273438,5.924297332763672,10.776884078979492,95.35774230957031,0.9999780654907227,0.220703125,0.13487815856933594,0.1630859375,163.21095275878906,3.1589956283569336,4.11316442489624,76.7118148803711,1.2421875,0.23288176953792572,0.14453125,9.919515609741211,,,,,5.903707027435303,2.744711399078369,,,10.0,xent beta=10.0 adamw
,train,,,,,,,xent_beta-10_adamw_seed17,xent,adamw,10.0,0.3840990457068255,0.5683194994926453,0.0005054295113872917,125.21984386444092,1110.0,2275328.0,,0.5840762785963151,,,,,,,,,,,,,,,,,,,,,,,,,,,,,,2.4784703254699707,0.5683194994926453,5.683195114135742,,,,,10.0,xent beta=10.0 adamw
,train,,,,,,,xent_beta-10_adamw_seed17,xent,adamw,10.0,0.2213778995062688,0.6148381233215332,0.0004980319133636862,126.58327436447144,1120.0,2295808.0,,0.5147324401002243,,,,,,,,,,,,,,,,,,,,,,,,,,,,,,2.7951183319091797,0.6148381233215332,6.148381233215332,,,,,10.0,xent beta=10.0 adamw
,train,,,,,,,xent_beta-10_adamw_seed17,xent,adamw,10.0,0.34015502162695804,0.6080392003059387,0.000490648522896069,128.5127251148224,1130.0,2316288.0,,0.5726975030218882,,,,,,,,,,,,,,,,,,,,,,,,,,,,,,2.833794355392456,0.6080392003059387,6.080391883850098,,,,,10.0,xent beta=10.0 adamw
,train,,,,,,,xent_beta-10_adamw_seed17,xent,adamw,10.0,0.23116054228293662,0.6173856854438782,0.000483281358529671,129.55210161209106,1140.0,2336768.0,,0.6022792872806566,,,,,,,,,,,,,,,,,,,,,,,,,,,,,,2.9321436882019043,0.6173856854438782,6.173856735229492,,,,,10.0,xent beta=10.0 adamw
,train,,,,,,,xent_beta-10_adamw_seed17,xent,adamw,10.0,0.221491025150811,0.6156488656997681,0.0004759324343736697,132.24764037132263,1150.0,2357248.0,,0.5338436607614321,,,,,,,,,,,,,,,,,,,,,,,,,,,,,,2.7617127895355225,0.6156488656997681,6.156488418579102,,,,,10.0,xent beta=10.0 adamw
,train,,,,,,,xent_beta-10_adamw_seed17,xent,adamw,10.0,0.16838377216645692,0.5954930186271667,0.00046860375955055066,133.92618250846863,1160.0,2377728.0,,0.48767092846944665,,,,,,,,,,,,,,,,,,,,,,,,,,,,,,2.6681342124938965,0.5954930186271667,5.954930305480957,,,,,10.0,xent beta=10.0 adamw
,train,,,,,,,xent_beta-10_adamw_seed17,xent,adamw,10.0,0.5303936665747009,0.6293007731437683,0.0004612973376468339,134.92641973495483,1170.0,2398208.0,,0.6092808174583895,,,,,,,,,,,,,,,,,,,,,,,,,,,,,,2.921661853790283,0.6293007731437683,6.293007850646973,,,,,10.0,xent beta=10.0 adamw
,train,,,,,,,xent_beta-10_adamw_seed17,xent,adamw,10.0,0.2061835246921831,0.6081992983818054,0.00045401516616531403,136.2626986503601,1180.0,2418688.0,,0.4806980876554925,,,,,,,,,,,,,,,,,,,,,,,,,,,,,,2.8320465087890625,0.6081992983818054,6.081993103027344,,,,,10.0,xent beta=10.0 adamw
,train,,,,,,,xent_beta-10_adamw_seed17,xent,adamw,10.0,0.214900020133067,0.5938758254051208,0.0004467592359789618,138.10106229782104,1190.0,2439168.0,,0.46872120771490117,,,,,,,,,,,,,,,,,,,,,,,,,,,,,,2.688887596130371,0.5938758254051208,5.93875789642334,,,,,10.0,xent beta=10.0 adamw
,train,,,,,,,xent_beta-10_adamw_seed17,xent,adamw,10.0,0.2689716111835188,0.6050935983657837,0.00043953153078664045,139.66727948188782,1200.0,2459648.0,,0.48234532014900666,,,,,,,,,,,,,,,,,,,,,,,,,,,,,,2.9297027587890625,0.6050935983657837,6.050935745239258,,,,,10.0,xent beta=10.0 adamw
,eval,,,,,,,xent_beta-10_adamw_seed17,xent,adamw,10.0,,,,139.66927886009216,1200.0,,,,3.368095636367798,10757.654296875,0.5853076577186584,0.20934879779815674,9.71774959564209,9.872556686401367,3.8566665649414062,0.9841843228550002,0.3111347145515379,5.8105316162109375,11025.3876953125,2419847.75,627.1558837890625,5.906366348266602,10.778684616088867,94.64403533935547,0.9999780654907227,0.2421875,0.14382949471473694,0.166015625,163.21095275878906,3.1589956283569336,4.11316442489624,76.7118148803711,1.2421875,0.23288176953792572,0.14453125,9.92369556427002,,,,,5.853076457977295,2.6940808296203613,,,10.0,xent beta=10.0 adamw
,train,,,,,,,xent_beta-10_adamw_seed17,xent,adamw,10.0,0.2827348543175027,0.6475732326507568,0.00043233402657078115,143.4309720993042,1210.0,2480128.0,,0.49632219414671797,,,,,,,,,,,,,,,,,,,,,,,,,,,,,,3.307983875274658,0.6475732326507568,6.475732326507568,,,,,10.0,xent beta=10.0 adamw
,train,,,,,,,xent_beta-10_adamw_seed17,xent,adamw,10.0,0.254993790074776,0.5853134989738464,0.00042516869105717006,144.34921383857727,1220.0,2500608.0,,0.5038425025850333,,,,,,,,,,,,,,,,,,,,,,,,,,,,,,2.780424118041992,0.5853134989738464,5.853134632110596,,,,,10.0,xent beta=10.0 adamw
,train,,,,,,,xent_beta-10_adamw_seed17,xent,adamw,10.0,0.24907884186541185,0.6061957478523254,0.000418037483176991,146.13518476486206,1230.0,2521088.0,,0.4399976797972619,,,,,,,,,,,,,,,,,,,,,,,,,,,,,,2.8777008056640625,0.6061957478523254,6.061957359313965,,,,,10.0,xent beta=10.0 adamw
,train,,,,,,,xent_beta-10_adamw_seed17,xent,adamw,10.0,0.1989401036636749,0.5989014506340027,0.0004109423525312738,147.79851770401,1240.0,2541568.0,,0.46239191678731223,,,,,,,,,,,,,,,,,,,,,,,,,,,,,,2.8401098251342773,0.5989014506340027,5.989014625549316,,,,,10.0,xent beta=10.0 adamw
,train,,,,,,,xent_beta-10_adamw_seed17,xent,adamw,10.0,0.24276269701471517,0.5747577548027039,0.00040388523885789254,149.18317699432373,1250.0,2562048.0,,0.43122141776496603,,,,,,,,,,,,,,,,,,,,,,,,,,,,,,2.655625104904175,0.5747577548027039,5.747577667236328,,,,,10.0,xent beta=10.0 adamw
,train,,,,,,,xent_beta-10_adamw_seed17,xent,adamw,10.0,0.23293006275281794,0.5687910318374634,0.00039686807150126057,150.50971865653992,1260.0,2582528.0,,0.40615454490900227,,,,,,,,,,,,,,,,,,,,,,,,,,,,,,2.4148945808410645,0.5687910318374634,5.687910079956055,,,,,10.0,xent beta=10.0 adamw
,train,,,,,,,xent_beta-10_adamw_seed17,xent,adamw,10.0,0.2302372080942639,0.5920778512954712,0.0003898927688848676,151.75128388404846,1270.0,2603008.0,,0.44932993205420396,,,,,,,,,,,,,,,,,,,,,,,,,,,,,,2.7235302925109863,0.5920778512954712,5.920778274536133,,,,,10.0,xent beta=10.0 adamw
,train,,,,,,,xent_beta-10_adamw_seed17,xent,adamw,10.0,0.23181927559104662,0.5907567143440247,0.0003829612379868006,153.37952733039856,1280.0,2623488.0,,0.4563782415723345,,,,,,,,,,,,,,,,,,,,,,,,,,,,,,2.7995948791503906,0.5907567143440247,5.907567024230957,,,,,10.0,xent beta=10.0 adamw
,train,,,,,,,xent_beta-10_adamw_seed17,xent,adamw,10.0,0.2969868145468746,0.5615796446800232,0.0003760753738183966,155.2357976436615,1290.0,2643968.0,,0.43620390436691037,,,,,,,,,,,,,,,,,,,,,,,,,,,,,,2.575993061065674,0.5615796446800232,5.615796089172363,,,,,10.0,xent beta=10.0 adamw
,train,,,,,,,xent_beta-10_adamw_seed17,xent,adamw,10.0,0.2047432749338537,0.6146736145019531,0.00036923705890616387,157.1123673915863,1300.0,2664448.0,,0.3982220317433922,,,,,,,,,,,,,,,,,,,,,,,,,,,,,,2.9364562034606934,0.6146736145019531,6.146736145019531,,,,,10.0,xent beta=10.0 adamw
,eval,,,,,,,xent_beta-10_adamw_seed17,xent,adamw,10.0,,,,157.11440324783325,1300.0,,,,3.343540668487549,10758.578125,0.5862565040588379,0.2208588421344757,9.716114044189453,9.85722541809082,,,,5.798707008361816,11026.3203125,2419924.75,558.6279296875,5.847130298614502,10.778507232666016,94.98798370361328,0.9999780654907227,0.1962890625,0.1387459933757782,0.173828125,163.21095275878906,3.1589956283569336,4.11316442489624,76.7118148803711,1.2421875,0.23288176953792572,0.14453125,9.911871910095215,,,,,5.862565040588379,2.703568935394287,,,10.0,xent beta=10.0 adamw
,train,,,,,,,xent_beta-10_adamw_seed17,xent,adamw,10.0,0.2526806602864599,0.595461368560791,0.00036244816277711944,158.9021782875061,1310.0,2684928.0,,0.4584749271882346,,,,,,,,,,,,,,,,,,,,,,,,,,,,,,2.6681880950927734,0.595461368560791,5.95461368560791,,,,,10.0,xent beta=10.0 adamw
,train,,,,,,,xent_beta-10_adamw_seed17,xent,adamw,10.0,0.3060171825684365,0.623708188533783,0.0003557105414476782,160.9097650051117,1320.0,2705408.0,,0.38489804460697336,,,,,,,,,,,,,,,,,,,,,,,,,,,,,,3.1157069206237793,0.623708188533783,6.237082004547119,,,,,10.0,xent beta=10.0 adamw
,train,,,,,,,xent_beta-10_adamw_seed17,xent,adamw,10.0,0.23350426918000586,0.5807351469993591,0.00034902603691623716,162.70770263671875,1330.0,2725888.0,,0.36125639027504386,,,,,,,,,,,,,,,,,,,,,,,,,,,,,,2.5409350395202637,0.5807351469993591,5.807351112365723,,,,,10.0,xent beta=10.0 adamw
,train,,,,,,,xent_beta-10_adamw_seed17,xent,adamw,10.0,0.20731673874556247,0.6104390025138855,0.00034239647665959056,163.8316307067871,1340.0,2746368.0,,0.387669852652293,,,,,,,,,,,,,,,,,,,,,,,,,,,,,,2.7628254890441895,0.6104390025138855,6.1043901443481445,,,,,10.0,xent beta=10.0 adamw
,train,,,,,,,xent_beta-10_adamw_seed17,xent,adamw,10.0,0.22916981175577628,0.5657669305801392,0.0003358236731333169,165.8623604774475,1350.0,2766848.0,,0.4034193785958579,,,,,,,,,,,,,,,,,,,,,,,,,,,,,,2.5320467948913574,0.5657669305801392,5.6576690673828125,,,,,10.0,xent beta=10.0 adamw
,train,,,,,,,xent_beta-10_adamw_seed17,xent,adamw,10.0,0.17246839173953418,0.6070577502250671,0.0003293094232762715,166.81960368156433,1360.0,2787328.0,,0.4311660631362009,,,,,,,,,,,,,,,,,,,,,,,,,,,,,,2.6948633193969727,0.6070577502250671,6.070577144622803,,,,,10.0,xent beta=10.0 adamw
,train,,,,,,,xent_beta-10_adamw_seed17,xent,adamw,10.0,0.24365123524700646,0.5862657427787781,0.00032285550801932044,168.2864818572998,1370.0,2807808.0,,0.41021881130579724,,,,,,,,,,,,,,,,,,,,,,,,,,,,,,2.6262664794921875,0.5862657427787781,5.86265754699707,,,,,10.0,xent beta=10.0 adamw
,train,,,,,,,xent_beta-10_adamw_seed17,xent,adamw,10.0,0.2154972398999604,0.6030944585800171,0.00031646369179845333,169.0761239528656,1380.0,2828288.0,,0.38552174330279265,,,,,,,,,,,,,,,,,,,,,,,,,,,,,,2.7305614948272705,0.6030944585800171,6.030944347381592,,,,,10.0,xent beta=10.0 adamw
,train,,,,,,,xent_beta-10_adamw_seed17,xent,adamw,10.0,0.19878752653604795,0.5962029695510864,0.0003101357220724029,170.65181469917297,1390.0,2848768.0,,0.3466284858408954,,,,,,,,,,,,,,,,,,,,,,,,,,,,,,2.715542793273926,0.5962029695510864,5.962029457092285,,,,,10.0,xent beta=10.0 adamw
,train,,,,,,,xent_beta-10_adamw_seed17,xent,adamw,10.0,0.24946435098480524,0.5481706857681274,0.00030387332884490803,172.27932167053223,1400.0,2869248.0,,0.33551331893973213,,,,,,,,,,,,,,,,,,,,,,,,,,,,,,2.425539970397949,0.5481706857681274,5.481706619262695,,,,,10.0,xent beta=10.0 adamw
,eval,,,,,,,xent_beta-10_adamw_seed17,xent,adamw,10.0,,,,172.28155875205994,1400.0,,,,3.315349578857422,10757.6943359375,0.5813113451004028,0.21059170365333557,9.714115142822266,9.861700057983398,4.012022972106934,0.9862171999335679,0.3155782520767871,5.798200607299805,11025.4111328125,2419905.25,611.7279052734375,5.900066375732422,10.778047561645508,95.14283752441406,0.9999780654907227,0.240234375,0.13708063960075378,0.1796875,163.21095275878906,3.1589956283569336,4.11316442489624,76.7118148803711,1.2421875,0.23288176953792572,0.14453125,9.911365509033203,,,,,5.813113212585449,2.6541175842285156,,,10.0,xent beta=10.0 adamw
,train,,,,,,,xent_beta-10_adamw_seed17,xent,adamw,10.0,0.19913147311670332,0.5867649912834167,0.0002976782241917473,175.9244260787964,1410.0,2889728.0,,0.34541863999360295,,,,,,,,,,,,,,,,,,,,,,,,,,,,,,2.7013003826141357,0.5867649912834167,5.867649555206299,,,,,10.0,xent beta=10.0 adamw
,train,,,,,,,xent_beta-10_adamw_seed17,xent,adamw,10.0,0.17539023238800444,0.5705072283744812,0.00029155210179267546,176.66270351409912,1420.0,2910208.0,,0.3147962023644307,,,,,,,,,,,,,,,,,,,,,,,,,,,,,,2.5597352981567383,0.5705072283744812,5.705072402954102,,,,,10.0,xent beta=10.0 adamw
,train,,,,,,,xent_beta-10_adamw_seed17,xent,adamw,10.0,0.20163771735215677,0.584134042263031,0.0002854966364683872,177.98172903060913,1430.0,2930688.0,,0.3254273728078979,,,,,,,,,,,,,,,,,,,,,,,,,,,,,,2.6518373489379883,0.584134042263031,5.8413405418396,,,,,10.0,xent beta=10.0 adamw
,train,,,,,,,xent_beta-10_adamw_seed17,xent,adamw,10.0,0.285169678514701,0.5907079577445984,0.0002795134837226387,179.92343258857727,1440.0,2951168.0,,0.3106082784277699,,,,,,,,,,,,,,,,,,,,,,,,,,,,,,2.7132439613342285,0.5907079577445984,5.907079696655273,,,,,10.0,xent beta=10.0 adamw
,train,,,,,,,xent_beta-10_adamw_seed17,xent,adamw,10.0,0.2020896960174825,0.5838826894760132,0.0002736042792896495,181.81334471702576,1450.0,2971648.0,,0.33646345960393875,,,,,,,,,,,,,,,,,,,,,,,,,,,,,,2.5639734268188477,0.5838826894760132,5.838826656341553,,,,,10.0,xent beta=10.0 adamw
,train,,,,,,,xent_beta-10_adamw_seed17,xent,adamw,10.0,0.3084268247151363,0.5898039937019348,0.00026777063868690834,183.51460790634155,1460.0,2992128.0,,0.34960281637402796,,,,,,,,,,,,,,,,,,,,,,,,,,,,,,3.0341358184814453,0.5898039937019348,5.898039817810059,,,,,10.0,xent beta=10.0 adamw
,train,,,,,,,xent_beta-10_adamw_seed17,xent,adamw,10.0,0.22795033351735947,0.5670620799064636,0.00026201415677350756,185.43752193450928,1470.0,3012608.0,,0.29102333404629555,,,,,,,,,,,,,,,,,,,,,,,,,,,,,,2.4920859336853027,0.5670620799064636,5.670620918273926,,,,,10.0,xent beta=10.0 adamw
,train,,,,,,,xent_beta-10_adamw_seed17,xent,adamw,10.0,0.31980777467973004,0.6081939339637756,0.0002563364073141241,187.18413543701172,1480.0,3033088.0,,0.28632208165190864,,,,,,,,,,,,,,,,,,,,,,,,,,,,,,2.824921131134033,0.6081939339637756,6.081939220428467,,,,,10.0,xent beta=10.0 adamw
,train,,,,,,,xent_beta-10_adamw_seed17,xent,adamw,10.0,0.28766915623063033,0.5612849593162537,0.0002507389425487683,188.98705983161926,1490.0,3053568.0,,0.3112501877122082,,,,,,,,,,,,,,,,,,,,,,,,,,,,,,2.54921293258667,0.5612849593162537,5.612849235534668,,,,,10.0,xent beta=10.0 adamw
,train,,,,,,,xent_beta-10_adamw_seed17,xent,adamw,10.0,0.18089744550504294,0.5947818160057068,0.00024522329276841664,190.59246706962585,1500.0,3074048.0,,0.2634405855694693,,,,,,,,,,,,,,,,,,,,,,,,,,,,,,2.632791042327881,0.5947818160057068,5.947817802429199,,,,,10.0,xent beta=10.0 adamw
,eval,,,,,,,xent_beta-10_adamw_seed17,xent,adamw,10.0,,,,190.59479689598083,1500.0,,,,3.2826356887817383,10757.5537109375,0.5751942992210388,0.20159122347831726,9.692567825317383,9.839773178100586,,,,5.77937126159668,11025.2294921875,2419933.75,553.9937133789062,5.834959030151367,10.776750564575195,95.22511291503906,0.9999780058860779,0.220703125,0.13231408596038818,0.169921875,163.21095275878906,3.1589956283569336,4.11316442489624,76.7118148803711,1.2421875,0.23288176953792572,0.14453125,9.892534255981445,,,,,5.7519426345825195,2.592947244644165,,,10.0,xent beta=10.0 adamw
,train,,,,,,,xent_beta-10_adamw_seed17,xent,adamw,10.0,0.2506029708814453,0.5670799612998962,0.0002397909658966454,192.40377950668335,1510.0,3094528.0,,0.27224055709584244,,,,,,,,,,,,,,,,,,,,,,,,,,,,,,2.5886831283569336,0.5670799612998962,5.670799732208252,,,,,10.0,xent beta=10.0 adamw
,train,,,,,,,xent_beta-10_adamw_seed17,xent,adamw,10.0,0.2216081445697074,0.5663818120956421,0.00023444344707738017,194.1943507194519,1520.0,3115008.0,,0.25061635358869383,,,,,,,,,,,,,,,,,,,,,,,,,,,,,,2.456819534301758,0.5663818120956421,5.663817882537842,,,,,10.0,xent beta=10.0 adamw
,train,,,,,,,xent_beta-10_adamw_seed17,xent,adamw,10.0,0.19686127878316761,0.5749562978744507,0.00022918219826887135,195.66193199157715,1530.0,3135488.0,,0.2875856427808488,,,,,,,,,,,,,,,,,,,,,,,,,,,,,,2.565744400024414,0.5749562978744507,5.749562740325928,,,,,10.0,xent beta=10.0 adamw
,train,,,,,,,xent_beta-10_adamw_seed17,xent,adamw,10.0,0.2575313502266615,0.603115975856781,0.00022400865784400997,197.19756054878235,1540.0,3155968.0,,0.3334239728142933,,,,,,,,,,,,,,,,,,,,,,,,,,,,,,2.9042558670043945,0.603115975856781,6.0311598777771,,,,,10.0,xent beta=10.0 adamw
,train,,,,,,,xent_beta-10_adamw_seed17,xent,adamw,10.0,0.19275020765435127,0.5848628282546997,0.0002189242401970908,198.5597848892212,1550.0,3176448.0,,0.2807318305067045,,,,,,,,,,,,,,,,,,,,,,,,,,,,,,2.6999053955078125,0.5848628282546997,5.848628044128418,,,,,10.0,xent beta=10.0 adamw
,train,,,,,,,xent_beta-10_adamw_seed17,xent,adamw,10.0,0.39219408010123136,0.5661503076553345,0.0002139303353571309,199.85497212409973,1560.0,3196928.0,,0.2575949477919354,,,,,,,,,,,,,,,,,,,,,,,,,,,,,,2.6166229248046875,0.5661503076553345,5.661502838134766,,,,,10.0,xent beta=10.0 adamw
,train,,,,,,,xent_beta-10_adamw_seed17,xent,adamw,10.0,0.17813046660978396,0.5933929681777954,0.0002090283086078495,201.58411598205566,1570.0,3217408.0,,0.2472645958847077,,,,,,,,,,,,,,,,,,,,,,,,,,,,,,2.7716426849365234,0.5933929681777954,5.933929443359375,,,,,10.0,xent beta=10.0 adamw
,train,,,,,,,xent_beta-10_adamw_seed17,xent,adamw,10.0,0.16841401233703937,0.5838006138801575,0.00020421950011441354,203.48900723457336,1580.0,3237888.0,,0.23614848463553337,,,,,,,,,,,,,,,,,,,,,,,,,,,,,,2.677591323852539,0.5838006138801575,5.838006019592285,,,,,10.0,xent beta=10.0 adamw
,train,,,,,,,xent_beta-10_adamw_seed17,xent,adamw,10.0,0.17809730042860553,0.5896093249320984,0.00019950522455704944,204.24448800086975,1590.0,3258368.0,,0.22198539419132995,,,,,,,,,,,,,,,,,,,,,,,,,,,,,,2.5124759674072266,0.5896093249320984,5.896093368530273,,,,,10.0,xent beta=10.0 adamw
,train,,,,,,,xent_beta-10_adamw_seed17,xent,adamw,10.0,0.20724953372218022,0.5953777432441711,0.00019488677077162295,206.36397075653076,1600.0,3278848.0,,0.239854787730673,,,,,,,,,,,,,,,,,,,,,,,,,,,,,,2.718183994293213,0.5953777432441711,5.953777313232422,,,,,10.0,xent beta=10.0 adamw
,eval,,,,,,,xent_beta-10_adamw_seed17,xent,adamw,10.0,,,,206.3660740852356,1600.0,,,,3.2823610305786133,10758.33203125,0.5711835622787476,0.21020714938640594,9.705059051513672,9.841620445251465,4.33109712600708,0.9903373116445957,0.31901311874357746,5.782001972198486,11026.07421875,2419970.0,561.6068115234375,5.838434219360352,10.778590202331543,95.01426696777344,0.9999780654907227,0.2158203125,0.1375846266746521,0.1708984375,163.21095275878906,3.1589956283569336,4.11316442489624,76.7118148803711,1.2421875,0.23288176953792572,0.14453125,9.895166397094727,,,,,5.7118353843688965,2.552839756011963,,,10.0,xent beta=10.0 adamw
,train,,,,,,,xent_beta-10_adamw_seed17,xent,adamw,10.0,0.17277726558606835,0.5793868899345398,0.00019036540139728388,210.02906107902527,1610.0,3299328.0,,0.21678271264157342,,,,,,,,,,,,,,,,,,,,,,,,,,,,,,2.6493289470672607,0.5793868899345398,5.7938690185546875,,,,,10.0,xent beta=10.0 adamw
,train,,,,,,,xent_beta-10_adamw_seed17,xent,adamw,10.0,0.19685202279450212,0.5769872069358826,0.00018594235253127373,210.7006983757019,1620.0,3319808.0,,0.2114477304590174,,,,,,,,,,,,,,,,,,,,,,,,,,,,,,2.611206531524658,0.5769872069358826,5.769872188568115,,,,,10.0,xent beta=10.0 adamw
,train,,,,,,,xent_beta-10_adamw_seed17,xent,adamw,10.0,0.17606269549969386,0.5779494643211365,0.00018161883339098844,211.92963123321533,1630.0,3340288.0,,0.20897155463178674,,,,,,,,,,,,,,,,,,,,,,,,,,,,,,2.5323328971862793,0.5779494643211365,5.779494762420654,,,,,10.0,xent beta=10.0 adamw
,train,,,,,,,xent_beta-10_adamw_seed17,xent,adamw,10.0,0.21934590464871676,0.616741418838501,0.000177396025983391,213.40690231323242,1640.0,3360768.0,,0.19793296740541905,,,,,,,,,,,,,,,,,,,,,,,,,,,,,,2.7784695625305176,0.616741418838501,6.16741418838501,,,,,10.0,xent beta=10.0 adamw
,train,,,,,,,xent_beta-10_adamw_seed17,xent,adamw,10.0,0.18404666939193898,0.5297681093215942,0.00017327508478186216,214.5013346672058,1650.0,3381248.0,,0.18637883592019838,,,,,,,,,,,,,,,,,,,,,,,,,,,,,,2.199347496032715,0.5297681093215942,5.297680854797363,,,,,10.0,xent beta=10.0 adamw
,train,,,,,,,xent_beta-10_adamw_seed17,xent,adamw,10.0,0.19945942161573185,0.6190736889839172,0.000169257136410579,215.45761227607727,1660.0,3401728.0,,0.1894872777873047,,,,,,,,,,,,,,,,,,,,,,,,,,,,,,2.67358660697937,0.6190736889839172,6.190736770629883,,,,,10.0,xent beta=10.0 adamw
,train,,,,,,,xent_beta-10_adamw_seed17,xent,adamw,10.0,0.20134768416955565,0.5922880172729492,0.00016534327933650738,216.98755884170532,1670.0,3422208.0,,0.23218115724398566,,,,,,,,,,,,,,,,,,,,,,,,,,,,,,2.801509380340576,0.5922880172729492,5.922880172729492,,,,,10.0,xent beta=10.0 adamw
,train,,,,,,,xent_beta-10_adamw_seed17,xent,adamw,10.0,0.227076202880385,0.5037326812744141,0.00016153458356909175,218.360004901886,1680.0,3442688.0,,0.19858325233430474,,,,,,,,,,,,,,,,,,,,,,,,,,,,,,1.9657020568847656,0.5037326812744141,5.037326812744141,,,,,10.0,xent beta=10.0 adamw
,train,,,,,,,xent_beta-10_adamw_seed17,xent,adamw,10.0,0.1719151454837136,0.5758792757987976,0.0001578320903677252,220.32180452346802,1690.0,3463168.0,,0.19565078699260505,,,,,,,,,,,,,,,,,,,,,,,,,,,,,,2.5141701698303223,0.5758792757987976,5.758792877197266,,,,,10.0,xent beta=10.0 adamw
,train,,,,,,,xent_beta-10_adamw_seed17,xent,adamw,10.0,0.24051660191078447,0.6158767938613892,0.00015423681195707997,221.4504840373993,1700.0,3483648.0,,0.19878894524199683,,,,,,,,,,,,,,,,,,,,,,,,,,,,,,2.8784732818603516,0.6158767938613892,6.1587677001953125,,,,,10.0,xent beta=10.0 adamw
,eval,,,,,,,xent_beta-10_adamw_seed17,xent,adamw,10.0,,,,221.45301413536072,1700.0,,,,3.254150629043579,10757.865234375,0.5698321461677551,0.20948627591133118,9.701373100280762,9.833044052124023,,,,5.774051666259766,11025.5576171875,2419875.5,581.452392578125,5.855993270874023,10.777061462402344,94.70765686035156,0.9999780654907227,0.2236328125,0.13908694684505463,0.18359375,163.21095275878906,3.1589956283569336,4.11316442489624,76.7118148803711,1.2421875,0.23288176953792572,0.14453125,9.887215614318848,,,,,5.698321342468262,2.5393261909484863,,,10.0,xent beta=10.0 adamw
,train,,,,,,,xent_beta-10_adamw_seed17,xent,adamw,10.0,0.2455671137500452,0.5970922708511353,0.0001507497312503747,222.92997288703918,1710.0,3504128.0,,0.1810273542408151,,,,,,,,,,,,,,,,,,,,,,,,,,,,,,2.8059659004211426,0.5970922708511353,5.970922470092773,,,,,10.0,xent beta=10.0 adamw
,train,,,,,,,xent_beta-10_adamw_seed17,xent,adamw,10.0,0.18651815730791135,0.5971577763557434,0.00014737180158065643,224.23306131362915,1720.0,3524608.0,,0.1760883615459677,,,,,,,,,,,,,,,,,,,,,,,,,,,,,,2.8549795150756836,0.5971577763557434,5.9715776443481445,,,,,10.0,xent beta=10.0 adamw
,train,,,,,,,xent_beta-10_adamw_seed17,xent,adamw,10.0,0.17196952131634535,0.5814166069030762,0.0001441039464401685,225.6730501651764,1730.0,3545088.0,,0.1700782605413758,,,,,,,,,,,,,,,,,,,,,,,,,,,,,,2.5087385177612305,0.5814166069030762,5.814166069030762,,,,,10.0,xent beta=10.0 adamw
,train,,,,,,,xent_beta-10_adamw_seed17,xent,adamw,10.0,0.1687003147476227,0.5730000734329224,0.00014094705922787688,227.08391284942627,1740.0,3565568.0,,0.17375517807326474,,,,,,,,,,,,,,,,,,,,,,,,,,,,,,2.5993151664733887,0.5730000734329224,5.7300004959106445,,,,,10.0,xent beta=10.0 adamw
,train,,,,,,,xent_beta-10_adamw_seed17,xent,adamw,10.0,0.19477959100313222,0.5619964003562927,0.00013790200300522413,228.87978625297546,1750.0,3586048.0,,0.15629900348215556,,,,,,,,,,,,,,,,,,,,,,,,,,,,,,2.4723122119903564,0.5619964003562927,5.619963645935059,,,,,10.0,xent beta=10.0 adamw
,train,,,,,,,xent_beta-10_adamw_seed17,xent,adamw,10.0,0.20313968304727226,0.548893392086029,0.00013496961026017687,229.8487901687622,1760.0,3606528.0,,0.14747910385342922,,,,,,,,,,,,,,,,,,,,,,,,,,,,,,2.459475040435791,0.548893392086029,5.488933563232422,,,,,10.0,xent beta=10.0 adamw
,train,,,,,,,xent_beta-10_adamw_seed17,xent,adamw,10.0,0.285222959156843,0.6248635053634644,0.00013215068267963186,231.883159160614,1770.0,3627008.0,,0.16210483042129928,,,,,,,,,,,,,,,,,,,,,,,,,,,,,,2.9463579654693604,0.6248635053634644,6.2486348152160645,,,,,10.0,xent beta=10.0 adamw
,train,,,,,,,xent_beta-10_adamw_seed17,xent,adamw,10.0,0.17978946016545608,0.5633775591850281,0.00012944599093024268,233.7565586566925,1780.0,3647488.0,,0.15012138170695388,,,,,,,,,,,,,,,,,,,,,,,,,,,,,,2.3468761444091797,0.5633775591850281,5.63377571105957,,,,,10.0,xent beta=10.0 adamw
,train,,,,,,,xent_beta-10_adamw_seed17,xent,adamw,10.0,0.3219319890349058,0.620069682598114,0.0001268562744477275,235.01410055160522,1790.0,3667968.0,,0.15641866333497895,,,,,,,,,,,,,,,,,,,,,,,,,,,,,,2.7287726402282715,0.620069682598114,6.2006964683532715,,,,,10.0,xent beta=10.0 adamw
,train,,,,,,,xent_beta-10_adamw_seed17,xent,adamw,10.0,0.2904612032863711,0.6000922322273254,0.00012438224123471442,236.4089593887329,1800.0,3688448.0,,0.1554925471853949,,,,,,,,,,,,,,,,,,,,,,,,,,,,,,2.9474802017211914,0.6000922322273254,6.000922203063965,,,,,10.0,xent beta=10.0 adamw
,eval,,,,,,,xent_beta-10_adamw_seed17,xent,adamw,10.0,,,,236.41114377975464,1800.0,,,,3.2408852577209473,10758.0498046875,0.5638747215270996,0.2060127556324005,9.679597854614258,9.816280364990234,4.657924175262451,0.9899757492503423,0.3184679936446339,5.756738662719727,11025.732421875,2419927.25,524.6422119140625,5.7533769607543945,10.776679992675781,94.5601577758789,0.9999779462814331,0.2138671875,0.1424647569656372,0.18359375,163.21095275878906,3.1589956283569336,4.11316442489624,76.7118148803711,1.2421875,0.23288176953792572,0.14453125,9.869903564453125,,,,,5.638747215270996,2.4797520637512207,,,10.0,xent beta=10.0 adamw
,train,,,,,,,xent_beta-10_adamw_seed17,xent,adamw,10.0,0.19577626799642653,0.5785280466079712,0.00012202456766718093,239.88841342926025,1810.0,3708928.0,,0.17376675537644293,,,,,,,,,,,,,,,,,,,,,,,,,,,,,,2.6312427520751953,0.5785280466079712,5.785280227661133,,,,,10.0,xent beta=10.0 adamw
,train,,,,,,,xent_beta-10_adamw_seed17,xent,adamw,10.0,0.1744327213847263,0.5580620765686035,0.00011978389830953906,240.5815544128418,1820.0,3729408.0,,0.13711306723975067,,,,,,,,,,,,,,,,,,,,,,,,,,,,,,2.43790602684021,0.5580620765686035,5.580620765686035,,,,,10.0,xent beta=10.0 adamw
,train,,,,,,,xent_beta-10_adamw_seed17,xent,adamw,10.0,0.3217098639590197,0.5879786610603333,0.00011766084573841834,241.94559836387634,1830.0,3749888.0,,0.1453392402848741,,,,,,,,,,,,,,,,,,,,,,,,,,,,,,2.866471767425537,0.5879786610603333,5.879786491394043,,,,,10.0,xent beta=10.0 adamw
,train,,,,,,,xent_beta-10_adamw_seed17,xent,adamw,10.0,0.22209832993297163,0.5801652669906616,0.00011565599037519315,243.64511680603027,1840.0,3770368.0,,0.13517054930312006,,,,,,,,,,,,,,,,,,,,,,,,,,,,,,2.685493230819702,0.5801652669906616,5.801652431488037,,,,,10.0,xent beta=10.0 adamw
,train,,,,,,,xent_beta-10_adamw_seed17,xent,adamw,10.0,0.23255719144447667,0.564746081829071,0.00011376988032730135,244.88379549980164,1850.0,3790848.0,,0.1310616326812369,,,,,,,,,,,,,,,,,,,,,,,,,,,,,,2.6061339378356934,0.564746081829071,5.6474609375,,,,,10.0,xent beta=10.0 adamw
,train,,,,,,,xent_beta-10_adamw_seed17,xent,adamw,10.0,0.21469297268652648,0.5853749513626099,0.00011200303123839741,246.43719625473022,1860.0,3811328.0,,0.12978044666985109,,,,,,,,,,,,,,,,,,,,,,,,,,,,,,2.4047024250030518,0.5853749513626099,5.8537492752075195,,,,,10.0,xent beta=10.0 adamw
,train,,,,,,,xent_beta-10_adamw_seed17,xent,adamw,10.0,0.19688574747884174,0.5769340395927429,0.00011035592614738034,248.24836111068726,1870.0,3831808.0,,0.1277801157067564,,,,,,,,,,,,,,,,,,,,,,,,,,,,,,2.631524085998535,0.5769340395927429,5.769340515136719,,,,,10.0,xent beta=10.0 adamw
,train,,,,,,,xent_beta-10_adamw_seed17,xent,adamw,10.0,0.161674177895052,0.5598761439323425,0.0001088290153563358,248.88919162750244,1880.0,3852288.0,,0.12326783546598614,,,,,,,,,,,,,,,,,,,,,,,,,,,,,,2.4417285919189453,0.5598761439323425,5.598761558532715,,,,,10.0,xent beta=10.0 adamw
,train,,,,,,,xent_beta-10_adamw_seed17,xent,adamw,10.0,0.20763610121608603,0.5602914690971375,0.00010742271630742795,250.28550553321838,1890.0,3872768.0,,0.12086238786022618,,,,,,,,,,,,,,,,,,,,,,,,,,,,,,2.4550437927246094,0.5602914690971375,5.602914810180664,,,,,10.0,xent beta=10.0 adamw
,train,,,,,,,xent_beta-10_adamw_seed17,xent,adamw,10.0,0.26548645910122115,0.5897696614265442,0.00010613741346877497,251.95677065849304,1900.0,3893248.0,,0.1326661590252238,,,,,,,,,,,,,,,,,,,,,,,,,,,,,,2.7597765922546387,0.5897696614265442,5.897696495056152,,,,,10.0,xent beta=10.0 adamw
,eval,,,,,,,xent_beta-10_adamw_seed17,xent,adamw,10.0,,,,251.95885014533997,1900.0,,,,3.251995325088501,10758.20703125,0.5633314251899719,0.20969656109809875,9.665247917175293,9.799455642700195,,,,5.741207122802734,11025.857421875,2419904.5,487.9955749511719,5.679304122924805,10.775333404541016,94.60054016113281,0.9999779462814331,0.216796875,0.14346082508563995,0.1796875,163.21095275878906,3.1589956283569336,4.11316442489624,76.7118148803711,1.2421875,0.23288176953792572,0.14453125,9.854372024536133,,,,,5.63331413269043,2.474318504333496,,,10.0,xent beta=10.0 adamw
,train,,,,,,,xent_beta-10_adamw_seed17,xent,adamw,10.0,0.20547551490470972,0.5564572811126709,0.00010497345822933918,252.9202263355255,1910.0,3913728.0,,0.14285963978155694,,,,,,,,,,,,,,,,,,,,,,,,,,,,,,2.4534010887145996,0.5564572811126709,5.564572811126709,,,,,10.0,xent beta=10.0 adamw
,train,,,,,,,xent_beta-10_adamw_seed17,xent,adamw,10.0,0.2927418091688354,0.575288712978363,0.00010393116880286118,254.64390182495117,1920.0,3934208.0,,0.13515287014716107,,,,,,,,,,,,,,,,,,,,,,,,,,,,,,2.747338056564331,0.575288712978363,5.752886772155762,,,,,10.0,xent beta=10.0 adamw
,train,,,,,,,xent_beta-10_adamw_seed17,xent,adamw,10.0,0.19960854948935405,0.5712926983833313,0.00010301083014086285,255.98860836029053,1930.0,3954688.0,,0.11856024692122522,,,,,,,,,,,,,,,,,,,,,,,,,,,,,,2.515357255935669,0.5712926983833313,5.712926864624023,,,,,10.0,xent beta=10.0 adamw
,train,,,,,,,xent_beta-10_adamw_seed17,xent,adamw,10.0,0.1961650168201075,0.578425407409668,0.00010221269385474486,257.6787955760956,1940.0,3975168.0,,0.11872233157440733,,,,,,,,,,,,,,,,,,,,,,,,,,,,,,2.6588988304138184,0.578425407409668,5.78425407409668,,,,,10.0,xent beta=10.0 adamw
,train,,,,,,,xent_beta-10_adamw_seed17,xent,adamw,10.0,0.1605294667186711,0.594728410243988,0.00010153697814699858,258.63228845596313,1950.0,3995648.0,,0.11889455538310689,,,,,,,,,,,,,,,,,,,,,,,,,,,,,,2.5454277992248535,0.594728410243988,5.947283744812012,,,,,10.0,xent beta=10.0 adamw
,train,,,,,,,xent_beta-10_adamw_seed17,xent,adamw,10.0,0.20363963370267035,0.5945725440979004,0.00010098386775155147,259.9313588142395,1960.0,4016128.0,,0.11995251982297434,,,,,,,,,,,,,,,,,,,,,,,,,,,,,,2.6826419830322266,0.5945725440979004,5.945725440979004,,,,,10.0,xent beta=10.0 adamw
,train,,,,,,,xent_beta-10_adamw_seed17,xent,adamw,10.0,0.24880894312663723,0.5668429136276245,0.00010055351388326289,261.90170645713806,1970.0,4036608.0,,0.12796648531567126,,,,,,,,,,,,,,,,,,,,,,,,,,,,,,2.417238712310791,0.5668429136276245,5.668428897857666,,,,,10.0,xent beta=10.0 adamw
,train,,,,,,,xent_beta-10_adamw_seed17,xent,adamw,10.0,0.1938120061352794,0.5828953385353088,0.0001002460341965833,262.84653997421265,1980.0,4057088.0,,0.11416260210304842,,,,,,,,,,,,,,,,,,,,,,,,,,,,,,2.7186365127563477,0.5828953385353088,5.828953266143799,,,,,10.0,xent beta=10.0 adamw
,train,,,,,,,xent_beta-10_adamw_seed17,xent,adamw,10.0,0.1729404695013439,0.5651883482933044,0.00010006151275338896,264.5963292121887,1990.0,4077568.0,,0.11124703111718094,,,,,,,,,,,,,,,,,,,,,,,,,,,,,,2.412846565246582,0.5651883482933044,5.651883602142334,,,,,10.0,xent beta=10.0 adamw
,eval,,,,,,,xent_beta-10_adamw_seed17,xent,adamw,10.0,,,,265.76411724090576,1999.0,,,,3.2697529792785645,10758.375,0.5621530413627625,0.20880642533302307,9.682668685913086,9.81296157836914,4.809896945953369,0.988275767070518,0.3123959824563738,5.755423545837402,11026.083984375,2419911.5,522.0305786132812,5.763543605804443,10.777236938476562,94.85014343261719,0.9999780058860779,0.1982421875,0.1413554549217224,0.1904296875,163.21095275878906,3.1589956283569336,4.11316442489624,76.7118148803711,1.2421875,0.23288176953792572,0.14453125,9.868587493896484,,,,,5.621530532836914,2.4625349044799805,,,10.0,xent beta=10.0 adamw
,weights_saved,,,,,,,xent_beta-10_adamw_seed17,xent,adamw,10,,,,,2000.0,,,,,,,,,,,,,,,,,,,,,,,,,,,,,,,,/n/netscratch/pehlevan_lab/Lab/sab/xent_beta-10_adamw_seed17_student_final.pt,,,,,,,,10,xent beta=10 adamw
,done,,,,,,,xent_beta-10_adamw_seed17,xent,adamw,10,,,,272.5565724372864,2000.0,,,,,,,,,,,,,,,,,,,,,,,,,,,,,,,,,,,,,,,,10,xent beta=10 adamw
cuda,start,76751360.0,mse_beta-1_adamw_seed17,/n/netscratch/pehlevan_lab/Lab/sab/teacher_logit_cache/eleutherai-pythia-70m-deduped_allenai-c4_seed17_bs16_seq128_bf16_f440db3ba4861202,4.0,readwrite,8.0,mse_beta-1_adamw_seed17,mse,adamw,1,,,,,,,,,,,,,,,,,,,,,,,,,,,,,,,,,,,,,,,,,,,,,1,mse beta=1 adamw
,train,,,,,,,mse_beta-1_adamw_seed17,mse,adamw,1.0,58.55317300828418,10742.91015625,1e-05,10.73574447631836,0.0,2048.0,,0.04861823226379638,,,,,,,,,,,,,,,,,,,,,,,,,,,,,,,,,,,10742.91015625,2410193.0,1.0,mse beta=1.0 adamw
,eval,,,,,,,mse_beta-1_adamw_seed17,mse,adamw,1.0,,,,14.555330991744995,0.0,,,,0.29424214363098145,10769.0673828125,10.876956939697266,1.297830581665039,10.818819999694824,10.900484085083008,4.679952144622803,0.9996926188275723,0.32256158128715573,6.763792037963867,11036.66015625,2417629.75,47797.12109375,10.774721145629883,10.774721145629883,0.9999779462814331,0.9999779462814331,0.0,7.361076859524474e-05,0.0,215.62985229492188,4.11316442489624,4.11316442489624,0.8355464935302734,1.2421875,0.19242222607135773,0.14453125,10.876956939697266,,,,,10.876956939697266,6.763792037963867,,,1.0,mse beta=1.0 adamw
,train,,,,,,,mse_beta-1_adamw_seed17,mse,adamw,1.0,21.18402125829785,10719.0458984375,0.00011,15.473907470703125,10.0,22528.0,,0.3104125592511365,,,,,,,,,,,,,,,,,,,,,,,,,,,,,,,,,,,10719.0458984375,2407577.0,1.0,mse beta=1.0 adamw
,train,,,,,,,mse_beta-1_adamw_seed17,mse,adamw,1.0,21.010515491398092,10756.857421875,0.00021,16.42419719696045,20.0,43008.0,,0.5511287209799535,,,,,,,,,,,,,,,,,,,,,,,,,,,,,,,,,,,10756.857421875,2418369.75,1.0,mse beta=1.0 adamw
,train,,,,,,,mse_beta-1_adamw_seed17,mse,adamw,1.0,21.07368465537422,10718.0283203125,0.00031,17.866408824920654,30.0,63488.0,,0.8081750150958632,,,,,,,,,,,,,,,,,,,,,,,,,,,,,,,,,,,10718.0283203125,2411688.5,1.0,mse beta=1.0 adamw
,train,,,,,,,mse_beta-1_adamw_seed17,mse,adamw,1.0,21.289016339364544,10693.033203125,0.00041,19.478958129882812,40.0,83968.0,,1.0623443296874813,,,,,,,,,,,,,,,,,,,,,,,,,,,,,,,,,,,10693.033203125,2412550.5,1.0,mse beta=1.0 adamw
,train,,,,,,,mse_beta-1_adamw_seed17,mse,adamw,1.0,21.58000106348662,10564.1904296875,0.00051,20.31335759162903,50.0,104448.0,,1.3076121923104793,,,,,,,,,,,,,,,,,,,,,,,,,,,,,,,,,,,10564.1904296875,2394355.25,1.0,mse beta=1.0 adamw
,train,,,,,,,mse_beta-1_adamw_seed17,mse,adamw,1.0,22.2476865181666,10511.8896484375,0.00061,21.301214933395386,60.0,124928.0,,1.546911289388882,,,,,,,,,,,,,,,,,,,,,,,,,,,,,,,,,,,10511.8896484375,2388752.0,1.0,mse beta=1.0 adamw
,train,,,,,,,mse_beta-1_adamw_seed17,mse,adamw,1.0,23.34030064746875,10541.4140625,0.00071,22.36743474006653,70.0,145408.0,,1.779091373933467,,,,,,,,,,,,,,,,,,,,,,,,,,,,,,,,,,,10541.4140625,2397675.0,1.0,mse beta=1.0 adamw
,train,,,,,,,mse_beta-1_adamw_seed17,mse,adamw,1.0,24.707881134155002,10474.2490234375,0.0008100000000000001,23.382685661315918,80.0,165888.0,,1.9980660035015723,,,,,,,,,,,,,,,,,,,,,,,,,,,,,,,,,,,10474.2490234375,2392224.25,1.0,mse beta=1.0 adamw
,train,,,,,,,mse_beta-1_adamw_seed17,mse,adamw,1.0,26.543828384896404,10390.41015625,0.00091,23.880383729934692,90.0,186368.0,,2.2270469676455624,,,,,,,,,,,,,,,,,,,,,,,,,,,,,,,,,,,10390.41015625,2382552.0,1.0,mse beta=1.0 adamw
,train,,,,,,,mse_beta-1_adamw_seed17,mse,adamw,1.0,28.59144202764848,10322.3330078125,0.001,24.555366039276123,100.0,206848.0,,2.4073480382421293,,,,,,,,,,,,,,,,,,,,,,,,,,,,,,,,,,,10322.3330078125,2377816.5,1.0,mse beta=1.0 adamw
,eval,,,,,,,mse_beta-1_adamw_seed17,mse,adamw,1.0,,,,24.55742835998535,100.0,,,,0.2942284047603607,10312.908203125,10.767062187194824,1.38519287109375,10.734177589416504,10.796921730041504,,,,6.653897762298584,10570.998046875,2376269.5,46341.86328125,10.74380111694336,10.74380111694336,0.9999771118164062,0.9999771118164062,0.0,8.705382788321003e-05,0.0,215.62985229492188,4.11316442489624,4.11316442489624,0.8355464935302734,1.2421875,0.19242222607135773,0.14453125,10.767062187194824,,,,,10.767062187194824,6.653897762298584,,,1.0,mse beta=1.0 adamw
,train,,,,,,,mse_beta-1_adamw_seed17,mse,adamw,1.0,31.01869994126832,10243.9072265625,0.000999938487246611,25.620686292648315,110.0,227328.0,,2.3857135444398496,,,,,,,,,,,,,,,,,,,,,,,,,,,,,,,,,,,10243.9072265625,2371348.0,1.0,mse beta=1.0 adamw
,train,,,,,,,mse_beta-1_adamw_seed17,mse,adamw,1.0,33.48799619075887,10145.556640625,0.0009997539658034168,26.657423973083496,120.0,247808.0,,2.3654121087856756,,,,,,,,,,,,,,,,,,,,,,,,,,,,,,,,,,,10145.556640625,2361300.75,1.0,mse beta=1.0 adamw
,train,,,,,,,mse_beta-1_adamw_seed17,mse,adamw,1.0,36.09920388044054,10038.373046875,0.0009994464861167371,28.270641326904297,130.0,268288.0,,2.3416604233581864,,,,,,,,,,,,,,,,,,,,,,,,,,,,,,,,,,,10038.373046875,2349324.75,1.0,mse beta=1.0 adamw
,train,,,,,,,mse_beta-1_adamw_seed17,mse,adamw,1.0,38.76761863878176,9958.931640625,0.0009990161322484487,29.95051860809326,140.0,288768.0,,2.338593055190152,,,,,,,,,,,,,,,,,,,,,,,,,,,,,,,,,,,9958.931640625,2341209.5,1.0,mse beta=1.0 adamw
,train,,,,,,,mse_beta-1_adamw_seed17,mse,adamw,1.0,41.39062282100428,9860.2587890625,0.0009984630218530014,30.977783918380737,150.0,309248.0,,2.3257591068685874,,,,,,,,,,,,,,,,,,,,,,,,,,,,,,,,,,,9860.2587890625,2333510.0,1.0,mse beta=1.0 adamw
,train,,,,,,,mse_beta-1_adamw_seed17,mse,adamw,1.0,44.12213973382684,9747.201171875,0.0009977873061452552,32.5566143989563,160.0,329728.0,,2.3421947995009877,,,,,,,,,,,,,,,,,,,,,,,,,,,,,,,,,,,9747.201171875,2321221.5,1.0,mse beta=1.0 adamw
,train,,,,,,,mse_beta-1_adamw_seed17,mse,adamw,1.0,46.925682875002195,9696.7421875,0.0009969891698591372,34.370240688323975,170.0,350208.0,,2.332274375636829,,,,,,,,,,,,,,,,,,,,,,,,,,,,,,,,,,,9696.7421875,2319983.75,1.0,mse beta=1.0 adamw
,train,,,,,,,mse_beta-1_adamw_seed17,mse,adamw,1.0,49.70907863743407,9616.625,0.0009960688311971388,35.33690023422241,180.0,370688.0,,2.3408057244174425,,,,,,,,,,,,,,,,,,,,,,,,,,,,,,,,,,,9616.625,2310105.0,1.0,mse beta=1.0 adamw
,train,,,,,,,mse_beta-1_adamw_seed17,mse,adamw,1.0,52.342982716737346,9473.52734375,0.0009950265417706609,36.18683886528015,190.0,391168.0,,2.353683517960872,,,,,,,,,,,,,,,,,,,,,,,,,,,,,,,,,,,9473.52734375,2294177.5,1.0,mse beta=1.0 adamw
,train,,,,,,,mse_beta-1_adamw_seed17,mse,adamw,1.0,55.175695199649404,9394.9072265625,0.0009938625865312252,37.34878492355347,200.0,411648.0,,2.35378312415962,,,,,,,,,,,,,,,,,,,,,,,,,,,,,,,,,,,9394.9072265625,2288177.5,1.0,mse beta=1.0 adamw
,eval,,,,,,,mse_beta-1_adamw_seed17,mse,adamw,1.0,,,,37.35113835334778,200.0,,,,0.29420655965805054,9392.1806640625,10.647382736206055,1.4814453125,10.617997169494629,10.730790138244629,3.1992533206939697,0.9661716798636598,0.2800247240078465,6.534218788146973,9636.3017578125,2289143.75,45321.7109375,10.721541404724121,10.721541404724121,0.9999761581420898,0.9999761581420898,0.0,0.00010765853221528232,0.0,215.62985229492188,4.11316442489624,4.11316442489624,0.8355464935302734,1.2421875,0.19242222607135773,0.14453125,10.647382736206055,,,,,10.647382736206055,6.534218788146973,,,1.0,mse beta=1.0 adamw
,train,,,,,,,mse_beta-1_adamw_seed17,mse,adamw,1.0,57.879885851616116,9286.1708984375,0.000992577283692572,38.57867240905762,210.0,432128.0,,2.356425825095331,,,,,,,,,,,,,,,,,,,,,,,,,,,,,,,,,,,9286.1708984375,2278740.75,1.0,mse beta=1.0 adamw
,train,,,,,,,mse_beta-1_adamw_seed17,mse,adamw,1.0,60.657650977217536,9188.0693359375,0.0009911709846436641,38.96150207519531,220.0,452608.0,,2.3684941385358513,,,,,,,,,,,,,,,,,,,,,,,,,,,,,,,,,,,9188.0693359375,2267076.5,1.0,mse beta=1.0 adamw
,train,,,,,,,mse_beta-1_adamw_seed17,mse,adamw,1.0,63.28647904957547,9078.3056640625,0.0009896440738526198,40.285361528396606,230.0,473088.0,,2.3711649032436872,,,,,,,,,,,,,,,,,,,,,,,,,,,,,,,,,,,9078.3056640625,2259815.25,1.0,mse beta=1.0 adamw
,train,,,,,,,mse_beta-1_adamw_seed17,mse,adamw,1.0,66.13632585946966,9007.076171875,0.0009879969687616025,42.015732526779175,240.0,493568.0,,2.369568770729764,,,,,,,,,,,,,,,,,,,,,,,,,,,,,,,,,,,9007.076171875,2250588.5,1.0,mse beta=1.0 adamw
,train,,,,,,,mse_beta-1_adamw_seed17,mse,adamw,1.0,68.8333113354728,8907.1767578125,0.0009862301196726987,43.16629385948181,250.0,514048.0,,2.379401785998538,,,,,,,,,,,,,,,,,,,,,,,,,,,,,,,,,,,8907.1767578125,2242415.5,1.0,mse beta=1.0 adamw
,train,,,,,,,mse_beta-1_adamw_seed17,mse,adamw,1.0,71.48190999308262,8800.51953125,0.0009843440096248069,43.84431767463684,260.0,534528.0,,2.380726824261904,,,,,,,,,,,,,,,,,,,,,,,,,,,,,,,,,,,8800.51953125,2228871.75,1.0,mse beta=1.0 adamw
,train,,,,,,,mse_beta-1_adamw_seed17,mse,adamw,1.0,74.03791331831376,8678.34375,0.0009823391542615816,44.85795760154724,270.0,555008.0,,2.3842275095945102,,,,,,,,,,,,,,,,,,,,,,,,,,,,,,,,,,,8678.34375,2218302.25,1.0,mse beta=1.0 adamw
,train,,,,,,,mse_beta-1_adamw_seed17,mse,adamw,1.0,76.7136460150482,8593.1708984375,0.0009802161016904609,46.17951679229736,280.0,575488.0,,2.38347868272454,,,,,,,,,,,,,,,,,,,,,,,,,,,,,,,,,,,8593.1708984375,2211127.0,1.0,mse beta=1.0 adamw
,train,,,,,,,mse_beta-1_adamw_seed17,mse,adamw,1.0,79.39089585516064,8511.599609375,0.0009779754323328191,47.308499813079834,290.0,595968.0,,2.384972114079686,,,,,,,,,,,,,,,,,,,,,,,,,,,,,,,,,,,8511.599609375,2204933.5,1.0,mse beta=1.0 adamw
,train,,,,,,,mse_beta-1_adamw_seed17,mse,adamw,1.0,81.84533956655893,8390.12109375,0.0009756177587652855,48.58328986167908,300.0,616448.0,,2.383662876910966,,,,,,,,,,,,,,,,,,,,,,,,,,,,,,,,,,,8390.12109375,2191743.0,1.0,mse beta=1.0 adamw
,eval,,,,,,,mse_beta-1_adamw_seed17,mse,adamw,1.0,,,,48.585407733917236,300.0,,,,0.2941879332065582,8370.3642578125,10.53481388092041,1.59130859375,10.395476341247559,10.683073997497559,,,,6.42164945602417,8598.6962890625,2189112.75,43644.53125,10.683834075927734,10.683834075927734,0.9999746084213257,0.9999746084213257,0.0,0.00015010754577815533,0.0,215.62985229492188,4.11316442489624,4.11316442489624,0.8355464935302734,1.2421875,0.19242222607135773,0.14453125,10.53481388092041,,,,,10.53481388092041,6.42164945602417,,,1.0,mse beta=1.0 adamw
,train,,,,,,,mse_beta-1_adamw_seed17,mse,adamw,1.0,83.84221737362955,8200.2939453125,0.0009731437255522725,50.537381172180176,310.0,636928.0,,2.3939579010582266,,,,,,,,,,,,,,,,,,,,,,,,,,,,,,,,,,,8200.2939453125,2167983.5,1.0,mse beta=1.0 adamw
,train,,,,,,,mse_beta-1_adamw_seed17,mse,adamw,1.0,86.08139443451624,8058.93896484375,0.0009705540090697574,51.52435302734375,320.0,657408.0,,2.3863021694560715,,,,,,,,,,,,,,,,,,,,,,,,,,,,,,,,,,,8058.93896484375,2149491.25,1.0,mse beta=1.0 adamw
,train,,,,,,,mse_beta-1_adamw_seed17,mse,adamw,1.0,89.09212135704587,8061.3134765625,0.0009678493173203682,52.69045686721802,330.0,677888.0,,2.380837899189656,,,,,,,,,,,,,,,,,,,,,,,,,,,,,,,,,,,8061.3134765625,2158425.5,1.0,mse beta=1.0 adamw
,train,,,,,,,mse_beta-1_adamw_seed17,mse,adamw,1.0,91.39370153570748,7949.25,0.0009650303897398232,54.26652479171753,340.0,698368.0,,2.368332513829957,,,,,,,,,,,,,,,,,,,,,,,,,,,,,,,,,,,7949.25,2147244.75,1.0,mse beta=1.0 adamw
,train,,,,,,,mse_beta-1_adamw_seed17,mse,adamw,1.0,93.58563255666031,7838.17919921875,0.0009620979969947759,55.3813853263855,350.0,718848.0,,2.3693002417619238,,,,,,,,,,,,,,,,,,,,,,,,,,,,,,,,,,,7838.17919921875,2134537.25,1.0,mse beta=1.0 adamw
,train,,,,,,,mse_beta-1_adamw_seed17,mse,adamw,1.0,95.7201188978749,7699.12451171875,0.0009590529407721231,56.24384427070618,360.0,739328.0,,2.3681989304464746,,,,,,,,,,,,,,,,,,,,,,,,,,,,,,,,,,,7699.12451171875,2118002.0,1.0,mse beta=1.0 adamw
,train,,,,,,,mse_beta-1_adamw_seed17,mse,adamw,1.0,97.90891074802083,7591.462890625,0.0009558960535598316,57.4240038394928,370.0,759808.0,,2.3652491430155345,,,,,,,,,,,,,,,,,,,,,,,,,,,,,,,,,,,7591.462890625,2105702.75,1.0,mse beta=1.0 adamw
,train,,,,,,,mse_beta-1_adamw_seed17,mse,adamw,1.0,100.34781208618757,7522.2470703125,0.0009526281984193435,58.58262395858765,380.0,780288.0,,2.3587454715531884,,,,,,,,,,,,,,,,,,,,,,,,,,,,,,,,,,,7522.2470703125,2103020.25,1.0,mse beta=1.0 adamw
,train,,,,,,,mse_beta-1_adamw_seed17,mse,adamw,1.0,102.2460929313858,7391.39111328125,0.0009492502687496253,59.53203535079956,390.0,800768.0,,2.3540536769606324,,,,,,,,,,,,,,,,,,,,,,,,,,,,,,,,,,,7391.39111328125,2090947.375,1.0,mse beta=1.0 adamw
,train,,,,,,,mse_beta-1_adamw_seed17,mse,adamw,1.0,104.87733306701689,7294.38671875,0.0009457631880429201,60.64325284957886,400.0,821248.0,,2.5038570675421346,,,,,,,,,,,,,,,,,,,,,,,,,,,,,,,,,,,7294.38671875,2080189.25,1.0,mse beta=1.0 adamw
,eval,,,,,,,mse_beta-1_adamw_seed17,mse,adamw,1.0,,,,60.64563512802124,400.0,,,,0.29415327310562134,7290.7177734375,10.387229919433594,1.47705078125,10.24397087097168,10.60529899597168,3.198033332824707,0.9659684259844177,0.28008598447842914,6.274065017700195,7502.30029296875,2078987.125,42189.24609375,10.649920463562012,10.649920463562012,0.9999731779098511,0.9999731779098511,0.0,0.00015580886974930763,0.0,215.62985229492188,4.11316442489624,4.11316442489624,0.8355464935302734,1.2421875,0.19242222607135773,0.14453125,10.387229919433594,,,,,10.387229919433594,6.274065017700195,,,1.0,mse beta=1.0 adamw
,train,,,,,,,mse_beta-1_adamw_seed17,mse,adamw,1.0,106.61884397263732,7201.55810546875,0.0009421679096322747,62.580628395080566,410.0,841728.0,,2.371158086281704,,,,,,,,,,,,,,,,,,,,,,,,,,,,,,,,,,,7201.55810546875,2070741.0,1.0,mse beta=1.0 adamw
,train,,,,,,,mse_beta-1_adamw_seed17,mse,adamw,1.0,108.42424846613983,7100.4833984375,0.0009384654164309083,62.880385398864746,420.0,862208.0,,2.330481773592304,,,,,,,,,,,,,,,,,,,,,,,,,,,,,,,,,,,7100.4833984375,2059311.75,1.0,mse beta=1.0 adamw
,train,,,,,,,mse_beta-1_adamw_seed17,mse,adamw,1.0,110.19236993267921,6969.482421875,0.0009346567206634926,63.64729452133179,430.0,882688.0,,2.337114305156392,,,,,,,,,,,,,,,,,,,,,,,,,,,,,,,,,,,6969.482421875,2045299.25,1.0,mse beta=1.0 adamw
,train,,,,,,,mse_beta-1_adamw_seed17,mse,adamw,1.0,111.89271835635009,6855.6298828125,0.0009307428635894209,64.61346530914307,440.0,903168.0,,2.3091607766917037,,,,,,,,,,,,,,,,,,,,,,,,,,,,,,,,,,,6855.6298828125,2031185.25,1.0,mse beta=1.0 adamw
,train,,,,,,,mse_beta-1_adamw_seed17,mse,adamw,1.0,113.58222879422274,6746.05810546875,0.0009267249152181378,65.66931986808777,450.0,923648.0,,2.2973872291496784,,,,,,,,,,,,,,,,,,,,,,,,,,,,,,,,,,,6746.05810546875,2020505.375,1.0,mse beta=1.0 adamw
,train,,,,,,,mse_beta-1_adamw_seed17,mse,adamw,1.0,115.51398399645393,6657.2314453125,0.000922603974016609,66.53631615638733,460.0,944128.0,,2.287055733960364,,,,,,,,,,,,,,,,,,,,,,,,,,,,,,,,,,,6657.2314453125,2013910.75,1.0,mse beta=1.0 adamw
,train,,,,,,,mse_beta-1_adamw_seed17,mse,adamw,1.0,116.88976027021961,6531.81689453125,0.0009183811666090118,67.48849892616272,470.0,964608.0,,2.255584159338049,,,,,,,,,,,,,,,,,,,,,,,,,,,,,,,,,,,6531.81689453125,1998814.5,1.0,mse beta=1.0 adamw
,train,,,,,,,mse_beta-1_adamw_seed17,mse,adamw,1.0,118.66403702869643,6433.00439453125,0.0009140576474687263,68.64440274238586,480.0,985088.0,,2.2445476390856083,,,,,,,,,,,,,,,,,,,,,,,,,,,,,,,,,,,6433.00439453125,1987016.0,1.0,mse beta=1.0 adamw
,train,,,,,,,mse_beta-1_adamw_seed17,mse,adamw,1.0,119.99985208453678,6306.82568359375,0.0009096345986027161,69.59442019462585,490.0,1005568.0,,2.2375380304111823,,,,,,,,,,,,,,,,,,,,,,,,,,,,,,,,,,,6306.82568359375,1973231.375,1.0,mse beta=1.0 adamw
,train,,,,,,,mse_beta-1_adamw_seed17,mse,adamw,1.0,121.58248510409635,6212.4892578125,0.0009051132292283771,71.15367841720581,500.0,1026048.0,,2.2304810104991337,,,,,,,,,,,,,,,,,,,,,,,,,,,,,,,,,,,6212.4892578125,1962549.125,1.0,mse beta=1.0 adamw
,eval,,,,,,,mse_beta-1_adamw_seed17,mse,adamw,1.0,,,,71.15585947036743,500.0,,,,0.29411572217941284,6205.44189453125,10.23965072631836,1.013671875,9.954919815063477,10.506677627563477,,,,6.126486301422119,6397.88671875,1962964.75,39058.26171875,10.572809219360352,10.572809219360352,0.9999693632125854,0.9999693632125854,0.03515625,0.0001308820501435548,0.0068359375,215.62985229492188,4.11316442489624,4.11316442489624,0.8355464935302734,1.2421875,0.19242222607135773,0.14453125,10.23965072631836,,,,,10.23965072631836,6.126486301422119,,,1.0,mse beta=1.0 adamw
,train,,,,,,,mse_beta-1_adamw_seed17,mse,adamw,1.0,122.93933276488895,6100.98583984375,0.0009004947754429507,71.64907789230347,510.0,1046528.0,,2.2277750582740037,,,,,,,,,,,,,,,,,,,,,,,,,,,,,,,,,,,6100.98583984375,1951690.375,1.0,mse beta=1.0 adamw
,train,,,,,,,mse_beta-1_adamw_seed17,mse,adamw,1.0,121.5880073371456,5816.94775390625,0.0008957804998855866,72.92114925384521,520.0,1067008.0,,2.214952804671675,,,,,,,,,,,,,,,,,,,,,,,,,,,,,,,,,,,5816.94775390625,1903828.25,1.0,mse beta=1.0 adamw
,train,,,,,,,mse_beta-1_adamw_seed17,mse,adamw,1.0,111.58008810338492,4974.84716796875,0.0008909716913921507,73.92959547042847,530.0,1087488.0,,2.1460394845565647,,,,,,,,,,,,,,,,,,,,,,,,,,,,,,,,,,,4974.84716796875,1672682.875,1.0,mse beta=1.0 adamw
,train,,,,,,,mse_beta-1_adamw_seed17,mse,adamw,1.0,126.51717156265389,5774.6455078125,0.0008860696646428693,75.10637855529785,540.0,1107968.0,,2.088324118874757,,,,,,,,,,,,,,,,,,,,,,,,,,,,,,,,,,,5774.6455078125,1914968.25,1.0,mse beta=1.0 adamw
,train,,,,,,,mse_beta-1_adamw_seed17,mse,adamw,1.0,127.41556845693405,5653.5654296875,0.0008810757598029093,76.51941347122192,550.0,1128448.0,,2.0903964258811834,,,,,,,,,,,,,,,,,,,,,,,,,,,,,,,,,,,5653.5654296875,1893796.625,1.0,mse beta=1.0 adamw
,train,,,,,,,mse_beta-1_adamw_seed17,mse,adamw,1.0,128.82656320199956,5577.49365234375,0.0008759913421559901,77.7059326171875,560.0,1148928.0,,2.100266389127408,,,,,,,,,,,,,,,,,,,,,,,,,,,,,,,,,,,5577.49365234375,1892247.0,1.0,mse beta=1.0 adamw
,train,,,,,,,mse_beta-1_adamw_seed17,mse,adamw,1.0,129.7240469125951,5463.830078125,0.0008708178017311287,78.68449234962463,570.0,1169408.0,,2.1160057954871356,,,,,,,,,,,,,,,,,,,,,,,,,,,,,,,,,,,5463.830078125,1877718.375,1.0,mse beta=1.0 adamw
,train,,,,,,,mse_beta-1_adamw_seed17,mse,adamw,1.0,130.53260026897374,5351.92236328125,0.0008655565529226198,79.76968264579773,580.0,1189888.0,,2.121609038690197,,,,,,,,,,,,,,,,,,,,,,,,,,,,,,,,,,,5351.92236328125,1865739.625,1.0,mse beta=1.0 adamw
,train,,,,,,,mse_beta-1_adamw_seed17,mse,adamw,1.0,132.13051508717297,5301.25341796875,0.0008602090341033546,80.8306336402893,590.0,1210368.0,,2.1176330211138112,,,,,,,,,,,,,,,,,,,,,,,,,,,,,,,,,,,5301.25341796875,1862675.375,1.0,mse beta=1.0 adamw
,train,,,,,,,mse_beta-1_adamw_seed17,mse,adamw,1.0,132.57258363580883,5174.2421875,0.0008547767072315835,82.28400921821594,600.0,1230848.0,,2.110702227567546,,,,,,,,,,,,,,,,,,,,,,,,,,,,,,,,,,,5174.2421875,1845605.25,1.0,mse beta=1.0 adamw
,eval,,,,,,,mse_beta-1_adamw_seed17,mse,adamw,1.0,,,,82.2863416671753,600.0,,,,0.29401713609695435,5170.673828125,9.94443130493164,0.921875,9.501904487609863,10.303662300109863,3.194664716720581,0.9654608944323478,0.28007196069164647,5.831267356872559,5339.2138671875,1846890.375,33663.0625,10.424156188964844,10.424156188964844,0.9999614953994751,0.9999614953994751,0.080078125,0.0001878249750006944,0.0078125,215.62985229492188,4.11316442489624,4.11316442489624,0.8355464935302734,1.2421875,0.19242222607135773,0.14453125,9.94443130493164,,,,,9.94443130493164,5.831267356872559,,,1.0,mse beta=1.0 adamw
,train,,,,,,,mse_beta-1_adamw_seed17,mse,adamw,1.0,133.40009177621002,5068.74365234375,0.0008492610574512317,84.40480780601501,610.0,1251328.0,,2.1041317466276257,,,,,,,,,,,,,,,,,,,,,,,,,,,,,,,,,,,5068.74365234375,1833833.875,1.0,mse beta=1.0 adamw
,train,,,,,,,mse_beta-1_adamw_seed17,mse,adamw,1.0,134.2482305349525,4978.8828125,0.0008436635926858759,85.12335681915283,620.0,1271808.0,,2.097017056930227,,,,,,,,,,,,,,,,,,,,,,,,,,,,,,,,,,,4978.8828125,1823420.875,1.0,mse beta=1.0 adamw
,train,,,,,,,mse_beta-1_adamw_seed17,mse,adamw,1.0,135.02338574059317,4883.38134765625,0.0008379858432264925,86.5206995010376,630.0,1292288.0,,2.081715914428376,,,,,,,,,,,,,,,,,,,,,,,,,,,,,,,,,,,4883.38134765625,1812247.25,1.0,mse beta=1.0 adamw
,train,,,,,,,mse_beta-1_adamw_seed17,mse,adamw,1.0,135.4106575854986,4768.30517578125,0.0008322293613130917,87.57399678230286,640.0,1312768.0,,2.072459163439744,,,,,,,,,,,,,,,,,,,,,,,,,,,,,,,,,,,4768.30517578125,1796441.375,1.0,mse beta=1.0 adamw
,train,,,,,,,mse_beta-1_adamw_seed17,mse,adamw,1.0,135.7949382846339,4659.42724609375,0.0008263957207103506,88.84886479377747,650.0,1333248.0,,2.0601855902905557,,,,,,,,,,,,,,,,,,,,,,,,,,,,,,,,,,,4659.42724609375,1783548.125,1.0,mse beta=1.0 adamw
,train,,,,,,,mse_beta-1_adamw_seed17,mse,adamw,1.0,136.79017309814847,4593.9326171875,0.0008204865162773613,90.47458410263062,660.0,1353728.0,,2.0460044811505775,,,,,,,,,,,,,,,,,,,,,,,,,,,,,,,,,,,4593.9326171875,1779289.875,1.0,mse beta=1.0 adamw
,train,,,,,,,mse_beta-1_adamw_seed17,mse,adamw,1.0,137.1456684086448,4490.18505859375,0.000814503363531613,91.69068741798401,670.0,1374208.0,,2.0297544221320347,,,,,,,,,,,,,,,,,,,,,,,,,,,,,,,,,,,4490.18505859375,1765486.875,1.0,mse beta=1.0 adamw
,train,,,,,,,mse_beta-1_adamw_seed17,mse,adamw,1.0,137.61159239195473,4399.25341796875,0.0008084478982073247,92.8724958896637,680.0,1394688.0,,2.024351862249425,,,,,,,,,,,,,,,,,,,,,,,,,,,,,,,,,,,4399.25341796875,1754700.5,1.0,mse beta=1.0 adamw
,train,,,,,,,mse_beta-1_adamw_seed17,mse,adamw,1.0,137.62129969615796,4284.7265625,0.0008023217758082529,94.42341995239258,690.0,1415168.0,,1.9999292809319469,,,,,,,,,,,,,,,,,,,,,,,,,,,,,,,,,,,4284.7265625,1732204.125,1.0,mse beta=1.0 adamw
,train,,,,,,,mse_beta-1_adamw_seed17,mse,adamw,1.0,138.26924850739093,4212.57275390625,0.0007961266711550922,95.67553114891052,700.0,1435648.0,,1.982273309260553,,,,,,,,,,,,,,,,,,,,,,,,,,,,,,,,,,,4212.57275390625,1730304.375,1.0,mse beta=1.0 adamw
,eval,,,,,,,mse_beta-1_adamw_seed17,mse,adamw,1.0,,,,95.6778793334961,700.0,,,,0.2939222455024719,4204.53759765625,9.75173568725586,1.31640625,9.02684211730957,10.163559913635254,,,,5.638572692871094,4355.32275390625,1729953.75,31145.591796875,10.346427917480469,10.346427917480469,0.9999560117721558,0.9999560117721558,0.0,0.0004481474170461297,0.0029296875,215.62985229492188,4.11316442489624,4.11316442489624,0.8355464935302734,1.2421875,0.19242222607135773,0.14453125,9.75173568725586,,,,,9.75173568725586,5.638572692871094,,,1.0,mse beta=1.0 adamw
,train,,,,,,,mse_beta-1_adamw_seed17,mse,adamw,1.0,138.15530009604146,4125.59228515625,0.0007898642779275972,96.73690438270569,710.0,1456128.0,,1.9660662490228868,,,,,,,,,,,,,,,,,,,,,,,,,,,,,,,,,,,4125.59228515625,1717025.5,1.0,mse beta=1.0 adamw
,train,,,,,,,mse_beta-1_adamw_seed17,mse,adamw,1.0,137.6737769898896,4039.50390625,0.0007835363082015469,98.12018895149231,720.0,1476608.0,,1.9514408345139898,,,,,,,,,,,,,,,,,,,,,,,,,,,,,,,,,,,4039.50390625,1702591.875,1.0,mse beta=1.0 adamw
,train,,,,,,,mse_beta-1_adamw_seed17,mse,adamw,1.0,138.66840563092256,3932.788818359375,0.0007771444919806797,98.97989320755005,730.0,1497088.0,,1.9399970531649717,,,,,,,,,,,,,,,,,,,,,,,,,,,,,,,,,,,3932.788818359375,1695338.875,1.0,mse beta=1.0 adamw
,train,,,,,,,mse_beta-1_adamw_seed17,mse,adamw,1.0,137.68885292074222,3796.5439453125,0.0007706905767237288,99.78163957595825,740.0,1517568.0,,1.9161074278353796,,,,,,,,,,,,,,,,,,,,,,,,,,,,,,,,,,,3796.5439453125,1675048.75,1.0,mse beta=1.0 adamw
,train,,,,,,,mse_beta-1_adamw_seed17,mse,adamw,1.0,138.89266379729278,3763.561767578125,0.0007641763268666831,101.60905385017395,750.0,1538048.0,,1.8799925173987964,,,,,,,,,,,,,,,,,,,,,,,,,,,,,,,,,,,3763.561767578125,1672602.5,1.0,mse beta=1.0 adamw
,train,,,,,,,mse_beta-1_adamw_seed17,mse,adamw,1.0,139.36227714239755,3701.12841796875,0.0007576035233404096,102.14186453819275,760.0,1558528.0,,1.8657138403163964,,,,,,,,,,,,,,,,,,,,,,,,,,,,,,,,,,,3701.12841796875,1666096.0,1.0,mse beta=1.0 adamw
,train,,,,,,,mse_beta-1_adamw_seed17,mse,adamw,1.0,138.75089228628588,3589.5732421875,0.000750973963083763,103.42120218276978,770.0,1579008.0,,1.8537431198956,,,,,,,,,,,,,,,,,,,,,,,,,,,,,,,,,,,3589.5732421875,1650919.25,1.0,mse beta=1.0 adamw
,train,,,,,,,mse_beta-1_adamw_seed17,mse,adamw,1.0,138.84142116526743,3515.19091796875,0.0007442894585523217,104.0516357421875,780.0,1599488.0,,1.8401872758432474,,,,,,,,,,,,,,,,,,,,,,,,,,,,,,,,,,,3515.19091796875,1639431.875,1.0,mse beta=1.0 adamw
,train,,,,,,,mse_beta-1_adamw_seed17,mse,adamw,1.0,138.7421107558487,3436.118408203125,0.0007375518372228807,104.95293974876404,790.0,1619968.0,,1.8252270382972131,,,,,,,,,,,,,,,,,,,,,,,,,,,,,,,,,,,3436.118408203125,1628820.625,1.0,mse beta=1.0 adamw
,train,,,,,,,mse_beta-1_adamw_seed17,mse,adamw,1.0,138.65377454749168,3360.076904296875,0.0007307629410938364,105.72058010101318,800.0,1640448.0,,1.8128485503226257,,,,,,,,,,,,,,,,,,,,,,,,,,,,,,,,,,,3360.076904296875,1618480.875,1.0,mse beta=1.0 adamw
,eval,,,,,,,mse_beta-1_adamw_seed17,mse,adamw,1.0,,,,105.7225911617279,800.0,,,,0.29384517669677734,3347.154541015625,9.674393653869629,0.26953125,8.779792785644531,10.176277160644531,3.190107583999634,0.9647732335049047,0.27998566984931383,5.561230659484863,3479.00634765625,1617979.75,26249.375,10.175396919250488,10.175396919250488,0.9999339580535889,0.9999339580535889,0.0595703125,0.0002013957710005343,0.0,215.62985229492188,4.11316442489624,4.11316442489624,0.8355464935302734,1.2421875,0.19242222607135773,0.14453125,9.674393653869629,,,,,9.674393653869629,5.561230659484863,,,1.0,mse beta=1.0 adamw
,train,,,,,,,mse_beta-1_adamw_seed17,mse,adamw,1.0,138.51841408527335,3283.392578125,0.0007239246261816035,107.6172788143158,810.0,1660928.0,,1.787230676920338,,,,,,,,,,,,,,,,,,,,,,,,,,,,,,,,,,,3283.392578125,1611202.5,1.0,mse beta=1.0 adamw
,train,,,,,,,mse_beta-1_adamw_seed17,mse,adamw,1.0,137.78745528420308,3186.4560546875,0.0007170387620131993,108.35490489006042,820.0,1681408.0,,1.7739610355653135,,,,,,,,,,,,,,,,,,,,,,,,,,,,,,,,,,,3186.4560546875,1595793.25,1.0,mse beta=1.0 adamw
,train,,,,,,,mse_beta-1_adamw_seed17,mse,adamw,1.0,137.78074648343554,3123.134765625,0.0007101072311151324,109.46371150016785,830.0,1701888.0,,1.7509992358624942,,,,,,,,,,,,,,,,,,,,,,,,,,,,,,,,,,,3123.134765625,1586684.375,1.0,mse beta=1.0 adamw
,train,,,,,,,mse_beta-1_adamw_seed17,mse,adamw,1.0,137.48461290904783,3050.636474609375,0.0007031319284987394,110.81145453453064,840.0,1722368.0,,1.7299956121849864,,,,,,,,,,,,,,,,,,,,,,,,,,,,,,,,,,,3050.636474609375,1575776.25,1.0,mse beta=1.0 adamw
,train,,,,,,,mse_beta-1_adamw_seed17,mse,adamw,1.0,137.16742709994563,2978.6630859375,0.0006961147611421076,112.0304274559021,850.0,1742848.0,,1.7066662646061292,,,,,,,,,,,,,,,,,,,,,,,,,,,,,,,,,,,2978.6630859375,1566865.0,1.0,mse beta=1.0 adamw
,train,,,,,,,mse_beta-1_adamw_seed17,mse,adamw,1.0,135.54608361846604,2866.8505859375,0.0006890576474687264,113.19420027732849,860.0,1763328.0,,1.6993066639844303,,,,,,,,,,,,,,,,,,,,,,,,,,,,,,,,,,,2866.8505859375,1546824.5,1.0,mse beta=1.0 adamw
,train,,,,,,,mse_beta-1_adamw_seed17,mse,adamw,1.0,135.7950141293274,2816.681640625,0.0006819625168230092,113.81634831428528,870.0,1783808.0,,1.6779496713626334,,,,,,,,,,,,,,,,,,,,,,,,,,,,,,,,,,,2816.681640625,1542699.0,1.0,mse beta=1.0 adamw
,train,,,,,,,mse_beta-1_adamw_seed17,mse,adamw,1.0,135.18019166527617,2741.860595703125,0.0006748313089428301,115.39359450340271,880.0,1804288.0,,1.662442349990853,,,,,,,,,,,,,,,,,,,,,,,,,,,,,,,,,,,2741.860595703125,1530723.625,1.0,mse beta=1.0 adamw
,train,,,,,,,mse_beta-1_adamw_seed17,mse,adamw,1.0,133.7796176261517,2679.033447265625,0.0006676659734292189,116.31881213188171,890.0,1824768.0,,1.6439208791422504,,,,,,,,,,,,,,,,,,,,,,,,,,,,,,,,,,,2679.033447265625,1520218.25,1.0,mse beta=1.0 adamw
,train,,,,,,,mse_beta-1_adamw_seed17,mse,adamw,1.0,133.20688075016858,2616.24365234375,0.0006604684692133597,117.70553493499756,900.0,1845248.0,,1.6284015167777761,,,,,,,,,,,,,,,,,,,,,,,,,,,,,,,,,,,2616.24365234375,1509108.125,1.0,mse beta=1.0 adamw
,eval,,,,,,,mse_beta-1_adamw_seed17,mse,adamw,1.0,,,,117.70755982398987,900.0,,,,0.29349732398986816,2612.0947265625,9.35969352722168,1.208984375,8.015604972839355,9.906229019165039,,,,5.246529579162598,2726.279052734375,1513522.0,20974.6171875,9.951066970825195,9.951066970825195,0.9999076128005981,0.9999076128005981,0.3330078125,0.0011064757127314806,0.037109375,215.62985229492188,4.11316442489624,4.11316442489624,0.8355464935302734,1.2421875,0.19242222607135773,0.14453125,9.35969352722168,,,,,9.35969352722168,5.246529579162598,,,1.0,mse beta=1.0 adamw
,train,,,,,,,mse_beta-1_adamw_seed17,mse,adamw,1.0,133.50037249013423,2539.75830078125,0.0006532407640210383,118.72439575195312,910.0,1865728.0,,1.6108264637108807,,,,,,,,,,,,,,,,,,,,,,,,,,,,,,,,,,,2539.75830078125,1499425.25,1.0,mse beta=1.0 adamw
,train,,,,,,,mse_beta-1_adamw_seed17,mse,adamw,1.0,133.00784832635458,2481.76953125,0.0006459848338346861,119.9718451499939,920.0,1886208.0,,1.5951603264624703,,,,,,,,,,,,,,,,,,,,,,,,,,,,,,,,,,,2481.76953125,1495315.5,1.0,mse beta=1.0 adamw
,train,,,,,,,mse_beta-1_adamw_seed17,mse,adamw,1.0,132.63481617307303,2426.25927734375,0.0006387026623531661,120.96331262588501,930.0,1906688.0,,1.5751482556764806,,,,,,,,,,,,,,,,,,,,,,,,,,,,,,,,,,,2426.25927734375,1485847.125,1.0,mse beta=1.0 adamw
,train,,,,,,,mse_beta-1_adamw_seed17,mse,adamw,1.0,131.19578809017986,2339.106201171875,0.0006313962404494495,122.21405148506165,940.0,1927168.0,,1.558048999545474,,,,,,,,,,,,,,,,,,,,,,,,,,,,,,,,,,,2339.106201171875,1466936.625,1.0,mse beta=1.0 adamw
,train,,,,,,,mse_beta-1_adamw_seed17,mse,adamw,1.0,130.97912636235228,2294.900390625,0.0006240675656263302,122.84496665000916,950.0,1947648.0,,1.5387641902479443,,,,,,,,,,,,,,,,,,,,,,,,,,,,,,,,,,,2294.900390625,1464012.875,1.0,mse beta=1.0 adamw
,train,,,,,,,mse_beta-1_adamw_seed17,mse,adamw,1.0,128.31783208182105,2176.741943359375,0.0006167186414703288,123.71663093566895,960.0,1968128.0,,1.5129339407478197,,,,,,,,,,,,,,,,,,,,,,,,,,,,,,,,,,,2176.741943359375,1435515.125,1.0,mse beta=1.0 adamw
,train,,,,,,,mse_beta-1_adamw_seed17,mse,adamw,1.0,129.28043273057037,2171.14208984375,0.0006093514771039312,124.89240217208862,970.0,1988608.0,,1.4924784677514398,,,,,,,,,,,,,,,,,,,,,,,,,,,,,,,,,,,2171.14208984375,1443873.5,1.0,mse beta=1.0 adamw
,train,,,,,,,mse_beta-1_adamw_seed17,mse,adamw,1.0,128.62144926257997,2117.788330078125,0.0006019680866363138,125.60893249511719,980.0,2009088.0,,1.475763824270784,,,,,,,,,,,,,,,,,,,,,,,,,,,,,,,,,,,2117.788330078125,1435643.75,1.0,mse beta=1.0 adamw
,train,,,,,,,mse_beta-1_adamw_seed17,mse,adamw,1.0,127.7439747119796,2060.46875,0.0005945704886127083,126.94405937194824,990.0,2029568.0,,1.456154970481241,,,,,,,,,,,,,,,,,,,,,,,,,,,,,,,,,,,2060.46875,1427413.375,1.0,mse beta=1.0 adamw
,train,,,,,,,mse_beta-1_adamw_seed17,mse,adamw,1.0,126.82545495095637,2002.7684326171875,0.0005871607054625496,127.93336868286133,1000.0,2050048.0,,1.442016378467207,,,,,,,,,,,,,,,,,,,,,,,,,,,,,,,,,,,2002.7684326171875,1416874.375,1.0,mse beta=1.0 adamw
,eval,,,,,,,mse_beta-1_adamw_seed17,mse,adamw,1.0,,,,127.93562197685242,1000.0,,,,0.29304343461990356,2003.7200927734375,9.046627044677734,0.80078125,7.510957717895508,9.614473342895508,3.1854193210601807,0.9640752651726657,0.27986528157356894,4.933462619781494,2102.2763671875,1418233.125,17680.28125,9.780203819274902,9.780203819274902,0.9998722672462463,0.9998722672462463,0.3330078125,0.0012185040395706892,0.037109375,215.62985229492188,4.11316442489624,4.11316442489624,0.8355464935302734,1.2421875,0.19242222607135773,0.14453125,9.046627044677734,,,,,9.046627044677734,4.933462619781494,,,1.0,mse beta=1.0 adamw
,train,,,,,,,mse_beta-1_adamw_seed17,mse,adamw,1.0,126.17526885828566,1954.7799072265625,0.0005797407629465648,129.95974946022034,1010.0,2070528.0,,1.4212073563645597,,,,,,,,,,,,,,,,,,,,,,,,,,,,,,,,,,,1954.7799072265625,1409212.125,1.0,mse beta=1.0 adamw
,train,,,,,,,mse_beta-1_adamw_seed17,mse,adamw,1.0,123.33712222206564,1863.8173828125,0.00057231268960295,130.2515046596527,1020.0,2091008.0,,1.3969572491096491,,,,,,,,,,,,,,,,,,,,,,,,,,,,,,,,,,,1863.8173828125,1389570.625,1.0,mse beta=1.0 adamw
,train,,,,,,,mse_beta-1_adamw_seed17,mse,adamw,1.0,123.71078061910882,1834.58935546875,0.0005648785161927887,131.02285313606262,1030.0,2111488.0,,1.3584215455846633,,,,,,,,,,,,,,,,,,,,,,,,,,,,,,,,,,,1834.58935546875,1386611.5,1.0,mse beta=1.0 adamw
,train,,,,,,,mse_beta-1_adamw_seed17,mse,adamw,1.0,122.13609563181842,1780.8551025390625,0.0005574402751448614,131.79244780540466,1040.0,2131968.0,,1.343230801673692,,,,,,,,,,,,,,,,,,,,,,,,,,,,,,,,,,,1780.8551025390625,1377285.875,1.0,mse beta=1.0 adamw
,train,,,,,,,mse_beta-1_adamw_seed17,mse,adamw,1.0,122.43562568412885,1750.83251953125,0.00055,133.1516625881195,1050.0,2152448.0,,1.323313178047875,,,,,,,,,,,,,,,,,,,,,,,,,,,,,,,,,,,1750.83251953125,1375367.625,1.0,mse beta=1.0 adamw
,train,,,,,,,mse_beta-1_adamw_seed17,mse,adamw,1.0,121.04548327528231,1692.2125244140625,0.0005425597248551387,134.3497495651245,1060.0,2172928.0,,1.3120091278081583,,,,,,,,,,,,,,,,,,,,,,,,,,,,,,,,,,,1692.2125244140625,1364254.375,1.0,mse beta=1.0 adamw
,train,,,,,,,mse_beta-1_adamw_seed17,mse,adamw,1.0,120.32194093380251,1652.271484375,0.0005351214838072113,135.85663223266602,1070.0,2193408.0,,1.3019914828861268,,,,,,,,,,,,,,,,,,,,,,,,,,,,,,,,,,,1652.271484375,1357353.375,1.0,mse beta=1.0 adamw
,train,,,,,,,mse_beta-1_adamw_seed17,mse,adamw,1.0,117.85520516217068,1571.49365234375,0.00052768731039705,136.7955298423767,1080.0,2213888.0,,1.2840359585229453,,,,,,,,,,,,,,,,,,,,,,,,,,,,,,,,,,,1571.49365234375,1338648.25,1.0,mse beta=1.0 adamw
,train,,,,,,,mse_beta-1_adamw_seed17,mse,adamw,1.0,118.29496369986393,1563.6182861328125,0.0005202592370534354,137.99811267852783,1090.0,2234368.0,,1.270307059614732,,,,,,,,,,,,,,,,,,,,,,,,,,,,,,,,,,,1563.6182861328125,1343304.0,1.0,mse beta=1.0 adamw
,train,,,,,,,mse_beta-1_adamw_seed17,mse,adamw,1.0,117.18023605445775,1516.6151123046875,0.0005128392945374505,139.07349967956543,1100.0,2254848.0,,1.2532232790859745,,,,,,,,,,,,,,,,,,,,,,,,,,,,,,,,,,,1516.6151123046875,1332124.0,1.0,mse beta=1.0 adamw
,eval,,,,,,,mse_beta-1_adamw_seed17,mse,adamw,1.0,,,,139.07559990882874,1100.0,,,,0.29292401671409607,1517.50537109375,8.999533653259277,2.44921875,7.632051944732666,9.663301467895508,,,,4.886368751525879,1602.04150390625,1333983.375,14271.6904296875,9.566032409667969,9.566032409667969,0.9997800588607788,0.9997800588607788,0.0166015625,0.0056124040856957436,0.0244140625,215.62985229492188,4.11316442489624,4.11316442489624,0.8355464935302734,1.2421875,0.19242222607135773,0.14453125,8.999533653259277,,,,,8.999533653259277,4.886368751525879,,,1.0,mse beta=1.0 adamw
,train,,,,,,,mse_beta-1_adamw_seed17,mse,adamw,1.0,116.65283921219537,1486.346435546875,0.0005054295113872917,140.17521977424622,1110.0,2275328.0,,1.2330960136694746,,,,,,,,,,,,,,,,,,,,,,,,,,,,,,,,,,,1486.346435546875,1328446.375,1.0,mse beta=1.0 adamw
,train,,,,,,,mse_beta-1_adamw_seed17,mse,adamw,1.0,115.15303997350277,1435.0528564453125,0.0004980319133636862,141.10504412651062,1120.0,2295808.0,,1.2130957983645474,,,,,,,,,,,,,,,,,,,,,,,,,,,,,,,,,,,1435.0528564453125,1318899.125,1.0,mse beta=1.0 adamw
,train,,,,,,,mse_beta-1_adamw_seed17,mse,adamw,1.0,114.10120940347537,1395.282470703125,0.000490648522896069,142.3900055885315,1130.0,2316288.0,,1.1950855569420853,,,,,,,,,,,,,,,,,,,,,,,,,,,,,,,,,,,1395.282470703125,1310282.375,1.0,mse beta=1.0 adamw
,train,,,,,,,mse_beta-1_adamw_seed17,mse,adamw,1.0,112.67747629955821,1355.09619140625,0.000483281358529671,143.95567560195923,1140.0,2336768.0,,1.1744820048756694,,,,,,,,,,,,,,,,,,,,,,,,,,,,,,,,,,,1355.09619140625,1302348.625,1.0,mse beta=1.0 adamw
,train,,,,,,,mse_beta-1_adamw_seed17,mse,adamw,1.0,111.85745835003694,1315.009521484375,0.0004759324343736697,145.15647864341736,1150.0,2357248.0,,1.1560291001409309,,,,,,,,,,,,,,,,,,,,,,,,,,,,,,,,,,,1315.009521484375,1294604.375,1.0,mse beta=1.0 adamw
,train,,,,,,,mse_beta-1_adamw_seed17,mse,adamw,1.0,110.85950790360455,1280.2393798828125,0.00046860375955055066,146.34883975982666,1160.0,2377728.0,,1.1386144843877655,,,,,,,,,,,,,,,,,,,,,,,,,,,,,,,,,,,1280.2393798828125,1288621.75,1.0,mse beta=1.0 adamw
,train,,,,,,,mse_beta-1_adamw_seed17,mse,adamw,1.0,108.38368430990322,1218.25927734375,0.0004612973376468339,147.45473337173462,1170.0,2398208.0,,1.1189316317651026,,,,,,,,,,,,,,,,,,,,,,,,,,,,,,,,,,,1218.25927734375,1270734.875,1.0,mse beta=1.0 adamw
,train,,,,,,,mse_beta-1_adamw_seed17,mse,adamw,1.0,108.43928183875953,1203.467041015625,0.00045401516616531403,148.6840410232544,1180.0,2418688.0,,1.1025817754654457,,,,,,,,,,,,,,,,,,,,,,,,,,,,,,,,,,,1203.467041015625,1272796.375,1.0,mse beta=1.0 adamw
,train,,,,,,,mse_beta-1_adamw_seed17,mse,adamw,1.0,107.53888601366283,1173.601806640625,0.0004467592359789618,149.35487461090088,1190.0,2439168.0,,1.080539003517381,,,,,,,,,,,,,,,,,,,,,,,,,,,,,,,,,,,1173.601806640625,1266591.875,1.0,mse beta=1.0 adamw
,train,,,,,,,mse_beta-1_adamw_seed17,mse,adamw,1.0,106.2872173944611,1137.6707763671875,0.00043953153078664045,150.44490599632263,1200.0,2459648.0,,1.0623091162731164,,,,,,,,,,,,,,,,,,,,,,,,,,,,,,,,,,,1137.6707763671875,1259229.75,1.0,mse beta=1.0 adamw
,eval,,,,,,,mse_beta-1_adamw_seed17,mse,adamw,1.0,,,,150.44703435897827,1200.0,,,,0.29212379455566406,1139.7044677734375,8.721826553344727,0.859375,6.841691970825195,9.425676345825195,3.1813409328460693,0.9634804682102629,0.2797427510905738,4.608662128448486,1212.364013671875,1260486.625,10753.98828125,9.283024787902832,9.283024787902832,0.99964839220047,0.99964839220047,0.3330078125,0.0025230864994227886,0.037109375,215.62985229492188,4.11316442489624,4.11316442489624,0.8355464935302734,1.2421875,0.19242222607135773,0.14453125,8.721826553344727,,,,,8.721826553344727,4.608662128448486,,,1.0,mse beta=1.0 adamw
,train,,,,,,,mse_beta-1_adamw_seed17,mse,adamw,1.0,104.27469558795778,1089.8204345703125,0.00043233402657078115,152.24281549453735,1210.0,2480128.0,,1.0466877970354227,,,,,,,,,,,,,,,,,,,,,,,,,,,,,,,,,,,1089.8204345703125,1246638.25,1.0,mse beta=1.0 adamw
,train,,,,,,,mse_beta-1_adamw_seed17,mse,adamw,1.0,104.10567495311813,1074.8966064453125,0.00042516869105717006,153.9430069923401,1220.0,2500608.0,,1.0216814884351921,,,,,,,,,,,,,,,,,,,,,,,,,,,,,,,,,,,1074.8966064453125,1244150.75,1.0,mse beta=1.0 adamw
,train,,,,,,,mse_beta-1_adamw_seed17,mse,adamw,1.0,102.90736463289831,1042.5968017578125,0.000418037483176991,155.1708629131317,1230.0,2521088.0,,1.006510879117959,,,,,,,,,,,,,,,,,,,,,,,,,,,,,,,,,,,1042.5968017578125,1238337.875,1.0,mse beta=1.0 adamw
,train,,,,,,,mse_beta-1_adamw_seed17,mse,adamw,1.0,101.78191246719476,1012.95166015625,0.0004109423525312738,156.28444600105286,1240.0,2541568.0,,0.9877982057625955,,,,,,,,,,,,,,,,,,,,,,,,,,,,,,,,,,,1012.95166015625,1231844.75,1.0,mse beta=1.0 adamw
,train,,,,,,,mse_beta-1_adamw_seed17,mse,adamw,1.0,101.12521431159108,991.8287963867188,0.00040388523885789254,157.63958263397217,1250.0,2562048.0,,0.9723385375626965,,,,,,,,,,,,,,,,,,,,,,,,,,,,,,,,,,,991.8287963867188,1228457.875,1.0,mse beta=1.0 adamw
,train,,,,,,,mse_beta-1_adamw_seed17,mse,adamw,1.0,100.28499839515518,968.0986328125,0.00039686807150126057,158.14396953582764,1260.0,2582528.0,,0.9552251863545673,,,,,,,,,,,,,,,,,,,,,,,,,,,,,,,,,,,968.0986328125,1224185.375,1.0,mse beta=1.0 adamw
,train,,,,,,,mse_beta-1_adamw_seed17,mse,adamw,1.0,98.46505580635879,928.619140625,0.0003898927688848676,158.99382638931274,1270.0,2603008.0,,0.9334915094847641,,,,,,,,,,,,,,,,,,,,,,,,,,,,,,,,,,,928.619140625,1213017.75,1.0,mse beta=1.0 adamw
,train,,,,,,,mse_beta-1_adamw_seed17,mse,adamw,1.0,97.20295714339086,901.0418090820312,0.0003829612379868006,160.2472002506256,1280.0,2623488.0,,0.9166635776787201,,,,,,,,,,,,,,,,,,,,,,,,,,,,,,,,,,,901.0418090820312,1206142.375,1.0,mse beta=1.0 adamw
,train,,,,,,,mse_beta-1_adamw_seed17,mse,adamw,1.0,96.53388946079917,882.0106811523438,0.0003760753738183966,161.17614364624023,1290.0,2643968.0,,0.8903118540048955,,,,,,,,,,,,,,,,,,,,,,,,,,,,,,,,,,,882.0106811523438,1203757.875,1.0,mse beta=1.0 adamw
,train,,,,,,,mse_beta-1_adamw_seed17,mse,adamw,1.0,95.06404180302316,851.2844848632812,0.00036923705890616387,161.73823809623718,1300.0,2664448.0,,0.8789158562769471,,,,,,,,,,,,,,,,,,,,,,,,,,,,,,,,,,,851.2844848632812,1196595.0,1.0,mse beta=1.0 adamw
,eval,,,,,,,mse_beta-1_adamw_seed17,mse,adamw,1.0,,,,161.74061036109924,1300.0,,,,0.2921617925167084,856.3536987304688,8.562015533447266,1.521484375,6.032081604003906,9.276222229003906,,,,4.448850631713867,918.2168579101562,1198455.875,6509.9970703125,8.781081199645996,8.781081199645996,0.9987140893936157,0.9987140893936157,0.3330078125,0.010992320254445076,0.037109375,215.62985229492188,4.11316442489624,4.11316442489624,0.8355464935302734,1.2421875,0.19242222607135773,0.14453125,8.562015533447266,,,,,8.562015533447266,4.448850631713867,,,1.0,mse beta=1.0 adamw
,train,,,,,,,mse_beta-1_adamw_seed17,mse,adamw,1.0,94.41019038755213,839.7865600585938,0.00036244816277711944,162.3765001296997,1310.0,2684928.0,,0.8402369566604708,,,,,,,,,,,,,,,,,,,,,,,,,,,,,,,,,,,839.7865600585938,1194033.875,1.0,mse beta=1.0 adamw
,train,,,,,,,mse_beta-1_adamw_seed17,mse,adamw,1.0,92.98697209225097,807.3109741210938,0.0003557105414476782,163.06628561019897,1320.0,2705408.0,,0.8308877191158713,,,,,,,,,,,,,,,,,,,,,,,,,,,,,,,,,,,807.3109741210938,1184437.75,1.0,mse beta=1.0 adamw
,train,,,,,,,mse_beta-1_adamw_seed17,mse,adamw,1.0,90.9513551528454,820.4530029296875,0.00034902603691623716,164.03554368019104,1330.0,2725888.0,,0.8191029755380115,,,,,,,,,,,,,,,,,,,,,,,,,,,,,,,,,,,820.4530029296875,1181649.25,1.0,mse beta=1.0 adamw
,train,,,,,,,mse_beta-1_adamw_seed17,mse,adamw,1.0,91.1374345178747,766.4414672851562,0.00034239647665959056,165.3001310825348,1340.0,2746368.0,,0.807403549517176,,,,,,,,,,,,,,,,,,,,,,,,,,,,,,,,,,,766.4414672851562,1177543.625,1.0,mse beta=1.0 adamw
,train,,,,,,,mse_beta-1_adamw_seed17,mse,adamw,1.0,90.15821677143363,745.5432739257812,0.0003358236731333169,166.61212134361267,1350.0,2766848.0,,0.7895265508129952,,,,,,,,,,,,,,,,,,,,,,,,,,,,,,,,,,,745.5432739257812,1171604.375,1.0,mse beta=1.0 adamw
,train,,,,,,,mse_beta-1_adamw_seed17,mse,adamw,1.0,88.9203943911908,723.1578979492188,0.0003293094232762715,167.36423206329346,1360.0,2787328.0,,0.7709482705145206,,,,,,,,,,,,,,,,,,,,,,,,,,,,,,,,,,,723.1578979492188,1165315.625,1.0,mse beta=1.0 adamw
,train,,,,,,,mse_beta-1_adamw_seed17,mse,adamw,1.0,87.7104412730311,714.1105346679688,0.00032285550801932044,168.9612216949463,1370.0,2807808.0,,0.751529270148689,,,,,,,,,,,,,,,,,,,,,,,,,,,,,,,,,,,714.1105346679688,1163210.5,1.0,mse beta=1.0 adamw
,train,,,,,,,mse_beta-1_adamw_seed17,mse,adamw,1.0,86.89488891337848,685.4539794921875,0.00031646369179845333,169.51555514335632,1380.0,2828288.0,,0.7333134230178259,,,,,,,,,,,,,,,,,,,,,,,,,,,,,,,,,,,685.4539794921875,1155368.375,1.0,mse beta=1.0 adamw
,train,,,,,,,mse_beta-1_adamw_seed17,mse,adamw,1.0,85.92927687907157,667.30517578125,0.0003101357220724029,170.7409896850586,1390.0,2848768.0,,0.7166655250587323,,,,,,,,,,,,,,,,,,,,,,,,,,,,,,,,,,,667.30517578125,1151479.625,1.0,mse beta=1.0 adamw
,train,,,,,,,mse_beta-1_adamw_seed17,mse,adamw,1.0,85.48267466356124,656.8770141601562,0.00030387332884490803,171.77601647377014,1400.0,2869248.0,,0.7068207735710843,,,,,,,,,,,,,,,,,,,,,,,,,,,,,,,,,,,656.8770141601562,1150399.25,1.0,mse beta=1.0 adamw
,eval,,,,,,,mse_beta-1_adamw_seed17,mse,adamw,1.0,,,,171.77806496620178,1400.0,,,,0.2934367060661316,652.2556762695312,8.478082656860352,1.62890625,5.844411849975586,9.184255599975586,3.178344964981079,0.9630457714840965,0.27966034765934866,4.364918231964111,705.913818359375,1148112.5,4032.12255859375,8.301969528198242,8.301969528198242,0.9975177049636841,0.9975177049636841,0.3330078125,0.014767386019229889,0.037109375,215.62985229492188,4.11316442489624,4.11316442489624,0.8355464935302734,1.2421875,0.19242222607135773,0.14453125,8.478082656860352,,,,,8.478082656860352,4.364918231964111,,,1.0,mse beta=1.0 adamw
,train,,,,,,,mse_beta-1_adamw_seed17,mse,adamw,1.0,83.87835703646961,632.0718994140625,0.0002976782241917473,173.89404678344727,1410.0,2889728.0,,0.6908234471720083,,,,,,,,,,,,,,,,,,,,,,,,,,,,,,,,,,,632.0718994140625,1141227.25,1.0,mse beta=1.0 adamw
,train,,,,,,,mse_beta-1_adamw_seed17,mse,adamw,1.0,82.80658028603405,613.6582641601562,0.00029155210179267546,174.3110191822052,1420.0,2910208.0,,0.677407276152906,,,,,,,,,,,,,,,,,,,,,,,,,,,,,,,,,,,613.6582641601562,1136345.125,1.0,mse beta=1.0 adamw
,train,,,,,,,mse_beta-1_adamw_seed17,mse,adamw,1.0,81.5974771894246,601.8418579101562,0.0002854966364683872,175.22894167900085,1430.0,2930688.0,,0.6614270044725172,,,,,,,,,,,,,,,,,,,,,,,,,,,,,,,,,,,601.8418579101562,1131860.375,1.0,mse beta=1.0 adamw
,train,,,,,,,mse_beta-1_adamw_seed17,mse,adamw,1.0,80.90309197469539,582.5798950195312,0.0002795134837226387,176.91382336616516,1440.0,2951168.0,,0.6482211619084621,,,,,,,,,,,,,,,,,,,,,,,,,,,,,,,,,,,582.5798950195312,1129409.25,1.0,mse beta=1.0 adamw
,train,,,,,,,mse_beta-1_adamw_seed17,mse,adamw,1.0,80.40267653140337,572.8447265625,0.0002736042792896495,177.85428524017334,1450.0,2971648.0,,0.6299309866692191,,,,,,,,,,,,,,,,,,,,,,,,,,,,,,,,,,,572.8447265625,1126423.5,1.0,mse beta=1.0 adamw
,train,,,,,,,mse_beta-1_adamw_seed17,mse,adamw,1.0,77.68359121841169,538.1959838867188,0.00026777063868690834,178.96238732337952,1460.0,2992128.0,,0.6046061049151319,,,,,,,,,,,,,,,,,,,,,,,,,,,,,,,,,,,538.1959838867188,1106040.375,1.0,mse beta=1.0 adamw
,train,,,,,,,mse_beta-1_adamw_seed17,mse,adamw,1.0,78.35807219820096,548.2103881835938,0.00026201415677350756,179.51426148414612,1470.0,3012608.0,,0.5954798953184132,,,,,,,,,,,,,,,,,,,,,,,,,,,,,,,,,,,548.2103881835938,1117571.125,1.0,mse beta=1.0 adamw
,train,,,,,,,mse_beta-1_adamw_seed17,mse,adamw,1.0,76.38554832212968,516.9078369140625,0.0002563364073141241,181.06369304656982,1480.0,3033088.0,,0.5860300522581011,,,,,,,,,,,,,,,,,,,,,,,,,,,,,,,,,,,516.9078369140625,1106246.875,1.0,mse beta=1.0 adamw
,train,,,,,,,mse_beta-1_adamw_seed17,mse,adamw,1.0,76.23514748061588,511.7145690917969,0.0002507389425487683,182.2321150302887,1490.0,3053568.0,,0.5661603457924014,,,,,,,,,,,,,,,,,,,,,,,,,,,,,,,,,,,511.7145690917969,1108458.875,1.0,mse beta=1.0 adamw
,train,,,,,,,mse_beta-1_adamw_seed17,mse,adamw,1.0,75.45284363721943,500.13055419921875,0.00024522329276841664,183.8292055130005,1500.0,3074048.0,,0.5592794494637134,,,,,,,,,,,,,,,,,,,,,,,,,,,,,,,,,,,500.13055419921875,1105042.75,1.0,mse beta=1.0 adamw
,eval,,,,,,,mse_beta-1_adamw_seed17,mse,adamw,1.0,,,,183.83122611045837,1500.0,,,,0.30394572019577026,503.2577819824219,8.594643592834473,1.5625,5.606428146362305,9.262678146362305,,,,4.481479644775391,548.3084716796875,1107198.375,1371.4134521484375,7.22346830368042,7.22346830368042,0.9922377467155457,0.9922377467155457,0.3330078125,0.017528798431158066,0.037109375,215.62985229492188,4.11316442489624,4.11316442489624,0.8355464935302734,1.2421875,0.19242222607135773,0.14453125,8.594643592834473,,,,,8.594643592834473,4.481479644775391,,,1.0,mse beta=1.0 adamw
,train,,,,,,,mse_beta-1_adamw_seed17,mse,adamw,1.0,74.86398712060713,491.9283447265625,0.0002397909658966454,185.50878477096558,1510.0,3094528.0,,0.5469211655448243,,,,,,,,,,,,,,,,,,,,,,,,,,,,,,,,,,,491.9283447265625,1100110.625,1.0,mse beta=1.0 adamw
,train,,,,,,,mse_beta-1_adamw_seed17,mse,adamw,1.0,74.26436547134632,481.48382568359375,0.00023444344707738017,186.81860446929932,1520.0,3115008.0,,0.5322329566735998,,,,,,,,,,,,,,,,,,,,,,,,,,,,,,,,,,,481.48382568359375,1101573.0,1.0,mse beta=1.0 adamw
,train,,,,,,,mse_beta-1_adamw_seed17,mse,adamw,1.0,73.34929269512284,470.64654541015625,0.00022918219826887135,188.5610420703888,1530.0,3135488.0,,0.5089133525501306,,,,,,,,,,,,,,,,,,,,,,,,,,,,,,,,,,,470.64654541015625,1096338.625,1.0,mse beta=1.0 adamw
,train,,,,,,,mse_beta-1_adamw_seed17,mse,adamw,1.0,71.258715344164,446.5122375488281,0.00022400865784400997,190.3114333152771,1540.0,3155968.0,,0.4664814133643001,,,,,,,,,,,,,,,,,,,,,,,,,,,,,,,,,,,446.5122375488281,1089657.125,1.0,mse beta=1.0 adamw
,train,,,,,,,mse_beta-1_adamw_seed17,mse,adamw,1.0,71.351269595841,446.3840637207031,0.0002189242401970908,191.41262412071228,1550.0,3176448.0,,0.45072397288449123,,,,,,,,,,,,,,,,,,,,,,,,,,,,,,,,,,,446.3840637207031,1087131.375,1.0,mse beta=1.0 adamw
,train,,,,,,,mse_beta-1_adamw_seed17,mse,adamw,1.0,70.61319533759772,435.62652587890625,0.0002139303353571309,192.0335283279419,1560.0,3196928.0,,0.4340984681801176,,,,,,,,,,,,,,,,,,,,,,,,,,,,,,,,,,,435.62652587890625,1085178.75,1.0,mse beta=1.0 adamw
,train,,,,,,,mse_beta-1_adamw_seed17,mse,adamw,1.0,69.76315201984079,425.5552673339844,0.0002090283086078495,193.15561509132385,1570.0,3217408.0,,0.41675019043954326,,,,,,,,,,,,,,,,,,,,,,,,,,,,,,,,,,,425.5552673339844,1082907.25,1.0,mse beta=1.0 adamw
,train,,,,,,,mse_beta-1_adamw_seed17,mse,adamw,1.0,69.07870382568355,418.5208740234375,0.00020421950011441354,194.11296606063843,1580.0,3237888.0,,0.40650635442259536,,,,,,,,,,,,,,,,,,,,,,,,,,,,,,,,,,,418.5208740234375,1077800.75,1.0,mse beta=1.0 adamw
,train,,,,,,,mse_beta-1_adamw_seed17,mse,adamw,1.0,68.81359363144688,411.8716735839844,0.00019950522455704944,195.88198399543762,1590.0,3258368.0,,0.39609100244776857,,,,,,,,,,,,,,,,,,,,,,,,,,,,,,,,,,,411.8716735839844,1080198.625,1.0,mse beta=1.0 adamw
,train,,,,,,,mse_beta-1_adamw_seed17,mse,adamw,1.0,67.48942389263848,399.5745849609375,0.00019488677077162295,196.83528399467468,1600.0,3278848.0,,0.37820961702082023,,,,,,,,,,,,,,,,,,,,,,,,,,,,,,,,,,,399.5745849609375,1072818.125,1.0,mse beta=1.0 adamw
,eval,,,,,,,mse_beta-1_adamw_seed17,mse,adamw,1.0,,,,196.83763027191162,1600.0,,,,0.31562143564224243,403.8675231933594,8.790921211242676,1.8203125,5.203861236572266,9.496829986572266,3.1764307022094727,0.9627927519545912,0.2796174752481451,4.6777567863464355,441.8917541503906,1076225.5,808.2547607421875,6.694583415985107,6.694583415985107,0.9855685234069824,0.9855685234069824,0.3330078125,0.033937275409698486,0.037109375,215.62985229492188,4.11316442489624,4.11316442489624,0.8355464935302734,1.2421875,0.19242222607135773,0.14453125,8.790921211242676,,,,,8.790921211242676,4.6777567863464355,,,1.0,mse beta=1.0 adamw
,train,,,,,,,mse_beta-1_adamw_seed17,mse,adamw,1.0,66.5199894688008,386.9949035644531,0.00019036540139728388,198.7205629348755,1610.0,3299328.0,,0.3711208918085486,,,,,,,,,,,,,,,,,,,,,,,,,,,,,,,,,,,386.9949035644531,1070763.625,1.0,mse beta=1.0 adamw
,train,,,,,,,mse_beta-1_adamw_seed17,mse,adamw,1.0,66.24634267290425,384.4108581542969,0.00018594235253127373,200.30798196792603,1620.0,3319808.0,,0.3630970219610862,,,,,,,,,,,,,,,,,,,,,,,,,,,,,,,,,,,384.4108581542969,1069505.5,1.0,mse beta=1.0 adamw
,train,,,,,,,mse_beta-1_adamw_seed17,mse,adamw,1.0,65.83599983349983,378.3813171386719,0.00018161883339098844,201.70347380638123,1630.0,3340288.0,,0.3521155936051554,,,,,,,,,,,,,,,,,,,,,,,,,,,,,,,,,,,378.3813171386719,1069014.5,1.0,mse beta=1.0 adamw
,train,,,,,,,mse_beta-1_adamw_seed17,mse,adamw,1.0,64.92897362635802,368.7842712402344,0.000177396025983391,203.30538988113403,1640.0,3360768.0,,0.3470396005897593,,,,,,,,,,,,,,,,,,,,,,,,,,,,,,,,,,,368.7842712402344,1066800.0,1.0,mse beta=1.0 adamw
,train,,,,,,,mse_beta-1_adamw_seed17,mse,adamw,1.0,65.45121777906218,371.2005310058594,0.00017327508478186216,204.57331442832947,1650.0,3381248.0,,0.34302250491090464,,,,,,,,,,,,,,,,,,,,,,,,,,,,,,,,,,,371.2005310058594,1066593.125,1.0,mse beta=1.0 adamw
,train,,,,,,,mse_beta-1_adamw_seed17,mse,adamw,1.0,63.99333728492017,360.4254150390625,0.000169257136410579,205.29085183143616,1660.0,3401728.0,,0.33415957276473285,,,,,,,,,,,,,,,,,,,,,,,,,,,,,,,,,,,360.4254150390625,1062421.625,1.0,mse beta=1.0 adamw
,train,,,,,,,mse_beta-1_adamw_seed17,mse,adamw,1.0,62.95643999061855,348.0195617675781,0.00016534327933650738,206.92168474197388,1670.0,3422208.0,,0.3135217623579608,,,,,,,,,,,,,,,,,,,,,,,,,,,,,,,,,,,348.0195617675781,1058211.75,1.0,mse beta=1.0 adamw
,train,,,,,,,mse_beta-1_adamw_seed17,mse,adamw,1.0,63.90035532269352,353.05352783203125,0.00016153458356909175,208.06399822235107,1680.0,3442688.0,,0.3043899974755554,,,,,,,,,,,,,,,,,,,,,,,,,,,,,,,,,,,353.05352783203125,1061985.5,1.0,mse beta=1.0 adamw
,train,,,,,,,mse_beta-1_adamw_seed17,mse,adamw,1.0,62.504196612227496,341.53570556640625,0.0001578320903677252,209.58088564872742,1690.0,3463168.0,,0.29882359897171046,,,,,,,,,,,,,,,,,,,,,,,,,,,,,,,,,,,341.53570556640625,1057163.375,1.0,mse beta=1.0 adamw
,train,,,,,,,mse_beta-1_adamw_seed17,mse,adamw,1.0,60.658556430296116,324.7037658691406,0.00015423681195707997,210.733567237854,1700.0,3483648.0,,0.28632654213585884,,,,,,,,,,,,,,,,,,,,,,,,,,,,,,,,,,,324.7037658691406,1049495.625,1.0,mse beta=1.0 adamw
,eval,,,,,,,mse_beta-1_adamw_seed17,mse,adamw,1.0,,,,210.73563599586487,1700.0,,,,0.32444271445274353,328.74041748046875,8.892942428588867,2.04296875,5.216296672821045,9.614734649658203,,,,4.779777526855469,360.1612243652344,1053023.625,553.1868896484375,6.315546035766602,6.315546035766602,0.980487048625946,0.980487048625946,0.3330078125,0.04186469316482544,0.037109375,215.62985229492188,4.11316442489624,4.11316442489624,0.8355464935302734,1.2421875,0.19242222607135773,0.14453125,8.892942428588867,,,,,8.892942428588867,4.779777526855469,,,1.0,mse beta=1.0 adamw
,train,,,,,,,mse_beta-1_adamw_seed17,mse,adamw,1.0,60.49458214230109,321.66729736328125,0.0001507497312503747,211.66462588310242,1710.0,3504128.0,,0.2797936318641086,,,,,,,,,,,,,,,,,,,,,,,,,,,,,,,,,,,321.66729736328125,1048084.1875,1.0,mse beta=1.0 adamw
,train,,,,,,,mse_beta-1_adamw_seed17,mse,adamw,1.0,56.84681753381847,380.3786315917969,0.00014737180158065643,212.56048846244812,1720.0,3524608.0,,0.278550421256983,,,,,,,,,,,,,,,,,,,,,,,,,,,,,,,,,,,380.3786315917969,1041781.9375,1.0,mse beta=1.0 adamw
,train,,,,,,,mse_beta-1_adamw_seed17,mse,adamw,1.0,59.60291228296594,312.41961669921875,0.0001441039464401685,213.0434958934784,1730.0,3545088.0,,0.276060971849998,,,,,,,,,,,,,,,,,,,,,,,,,,,,,,,,,,,312.41961669921875,1047541.9375,1.0,mse beta=1.0 adamw
,train,,,,,,,mse_beta-1_adamw_seed17,mse,adamw,1.0,58.982329740743374,306.57916259765625,0.00014094705922787688,213.64596271514893,1740.0,3565568.0,,0.26842702092550946,,,,,,,,,,,,,,,,,,,,,,,,,,,,,,,,,,,306.57916259765625,1044652.4375,1.0,mse beta=1.0 adamw
,train,,,,,,,mse_beta-1_adamw_seed17,mse,adamw,1.0,58.977162814260865,305.9297790527344,0.00013790200300522413,214.70952773094177,1750.0,3586048.0,,0.2610327887641792,,,,,,,,,,,,,,,,,,,,,,,,,,,,,,,,,,,305.9297790527344,1043675.375,1.0,mse beta=1.0 adamw
,train,,,,,,,mse_beta-1_adamw_seed17,mse,adamw,1.0,58.4592387008532,307.5449523925781,0.00013496961026017687,215.9936501979828,1760.0,3606528.0,,0.2576037990955801,,,,,,,,,,,,,,,,,,,,,,,,,,,,,,,,,,,307.5449523925781,1041627.1875,1.0,mse beta=1.0 adamw
,train,,,,,,,mse_beta-1_adamw_seed17,mse,adamw,1.0,44.37064608005671,573.8067626953125,0.00013215068267963186,216.95062613487244,1770.0,3627008.0,,0.25236246130690865,,,,,,,,,,,,,,,,,,,,,,,,,,,,,,,,,,,573.8067626953125,1021954.875,1.0,mse beta=1.0 adamw
,train,,,,,,,mse_beta-1_adamw_seed17,mse,adamw,1.0,57.871417112701316,294.19403076171875,0.00012944599093024268,217.82602334022522,1780.0,3647488.0,,0.24973990689681289,,,,,,,,,,,,,,,,,,,,,,,,,,,,,,,,,,,294.19403076171875,1042057.375,1.0,mse beta=1.0 adamw
,train,,,,,,,mse_beta-1_adamw_seed17,mse,adamw,1.0,56.85681284333768,287.7644958496094,0.0001268562744477275,219.2389371395111,1790.0,3667968.0,,0.23960319110065836,,,,,,,,,,,,,,,,,,,,,,,,,,,,,,,,,,,287.7644958496094,1039702.9375,1.0,mse beta=1.0 adamw
,train,,,,,,,mse_beta-1_adamw_seed17,mse,adamw,1.0,55.58345881140829,277.404296875,0.00012438224123471442,220.31777811050415,1800.0,3688448.0,,0.22757193837402392,,,,,,,,,,,,,,,,,,,,,,,,,,,,,,,,,,,277.404296875,1031627.0625,1.0,mse beta=1.0 adamw
,eval,,,,,,,mse_beta-1_adamw_seed17,mse,adamw,1.0,,,,220.31986546516418,1800.0,,,,0.3221947252750397,283.61279296875,8.831571578979492,1.85546875,5.106642723083496,9.536330223083496,3.1758041381835938,0.9627059079819773,0.2796066272021494,4.718406677246094,315.035400390625,1036468.125,580.5843505859375,6.36379337310791,6.36379337310791,0.9817875623703003,0.9817875623703003,0.3330078125,0.03872986137866974,0.037109375,215.62985229492188,4.11316442489624,4.11316442489624,0.8355464935302734,1.2421875,0.19242222607135773,0.14453125,8.831571578979492,,,,,8.831571578979492,4.718406677246094,,,1.0,mse beta=1.0 adamw
,train,,,,,,,mse_beta-1_adamw_seed17,mse,adamw,1.0,55.510042023100915,273.7549743652344,0.00012202456766718093,223.7582883834839,1810.0,3708928.0,,0.21888882370678678,,,,,,,,,,,,,,,,,,,,,,,,,,,,,,,,,,,273.7549743652344,1033306.4375,1.0,mse beta=1.0 adamw
,train,,,,,,,mse_beta-1_adamw_seed17,mse,adamw,1.0,55.41151782456827,272.3341979980469,0.00011978389830953906,224.1078748703003,1820.0,3729408.0,,0.21765292758265023,,,,,,,,,,,,,,,,,,,,,,,,,,,,,,,,,,,272.3341979980469,1033050.8125,1.0,mse beta=1.0 adamw
,train,,,,,,,mse_beta-1_adamw_seed17,mse,adamw,1.0,54.57188075178331,266.9844970703125,0.00011766084573841834,224.65069341659546,1830.0,3749888.0,,0.2165150086802069,,,,,,,,,,,,,,,,,,,,,,,,,,,,,,,,,,,266.9844970703125,1028833.375,1.0,mse beta=1.0 adamw
,train,,,,,,,mse_beta-1_adamw_seed17,mse,adamw,1.0,53.60414784283601,259.92852783203125,0.00011565599037519315,225.87669801712036,1840.0,3770368.0,,0.21082040144137132,,,,,,,,,,,,,,,,,,,,,,,,,,,,,,,,,,,259.92852783203125,1026265.625,1.0,mse beta=1.0 adamw
,train,,,,,,,mse_beta-1_adamw_seed17,mse,adamw,1.0,53.43838519665728,256.4305725097656,0.00011376988032730135,227.23012351989746,1850.0,3790848.0,,0.2076134757355776,,,,,,,,,,,,,,,,,,,,,,,,,,,,,,,,,,,256.4305725097656,1024927.6875,1.0,mse beta=1.0 adamw
,train,,,,,,,mse_beta-1_adamw_seed17,mse,adamw,1.0,53.90322734098385,258.6986083984375,0.00011200303123839741,228.3451521396637,1860.0,3811328.0,,0.2074620909810904,,,,,,,,,,,,,,,,,,,,,,,,,,,,,,,,,,,258.6986083984375,1030218.125,1.0,mse beta=1.0 adamw
,train,,,,,,,mse_beta-1_adamw_seed17,mse,adamw,1.0,52.8825847135753,252.63458251953125,0.00011035592614738034,230.2128643989563,1870.0,3831808.0,,0.2088270220180137,,,,,,,,,,,,,,,,,,,,,,,,,,,,,,,,,,,252.63458251953125,1022195.0,1.0,mse beta=1.0 adamw
,train,,,,,,,mse_beta-1_adamw_seed17,mse,adamw,1.0,53.07693163767715,252.68959045410156,0.0001088290153563358,230.8085973262787,1880.0,3852288.0,,0.20905222238799206,,,,,,,,,,,,,,,,,,,,,,,,,,,,,,,,,,,252.68959045410156,1022247.4375,1.0,mse beta=1.0 adamw
,train,,,,,,,mse_beta-1_adamw_seed17,mse,adamw,1.0,52.942245842053694,251.77919006347656,0.00010742271630742795,232.151873588562,1890.0,3872768.0,,0.20888098736427835,,,,,,,,,,,,,,,,,,,,,,,,,,,,,,,,,,,251.77919006347656,1023165.0625,1.0,mse beta=1.0 adamw
,train,,,,,,,mse_beta-1_adamw_seed17,mse,adamw,1.0,51.579813084723824,241.48741149902344,0.00010613741346877497,233.9078814983368,1900.0,3893248.0,,0.20636349093120004,,,,,,,,,,,,,,,,,,,,,,,,,,,,,,,,,,,241.48741149902344,1019404.1875,1.0,mse beta=1.0 adamw
,eval,,,,,,,mse_beta-1_adamw_seed17,mse,adamw,1.0,,,,233.91022729873657,1900.0,,,,0.3700503408908844,245.6891632080078,9.079648971557617,3.15234375,5.501208305358887,9.90355110168457,,,,4.966485023498535,271.8555908203125,1023064.4375,276.6271667480469,5.621262550354004,5.621262550354004,0.9545815587043762,0.9545815587043762,0.3330078125,0.09551143646240234,0.037109375,215.62985229492188,4.11316442489624,4.11316442489624,0.8355464935302734,1.2421875,0.19242222607135773,0.14453125,9.079648971557617,,,,,9.079648971557617,4.966485023498535,,,1.0,mse beta=1.0 adamw
,train,,,,,,,mse_beta-1_adamw_seed17,mse,adamw,1.0,51.58156702393779,247.2519073486328,0.00010497345822933918,234.5301923751831,1910.0,3913728.0,,0.19917223403004122,,,,,,,,,,,,,,,,,,,,,,,,,,,,,,,,,,,247.2519073486328,1021142.25,1.0,mse beta=1.0 adamw
,train,,,,,,,mse_beta-1_adamw_seed17,mse,adamw,1.0,50.71841357931146,234.68817138671875,0.00010393116880286118,235.65784645080566,1920.0,3934208.0,,0.19243562315340887,,,,,,,,,,,,,,,,,,,,,,,,,,,,,,,,,,,234.68817138671875,1014863.8125,1.0,mse beta=1.0 adamw
,train,,,,,,,mse_beta-1_adamw_seed17,mse,adamw,1.0,51.0084144875076,236.3594512939453,0.00010301083014086285,236.54198360443115,1930.0,3954688.0,,0.18877690083298473,,,,,,,,,,,,,,,,,,,,,,,,,,,,,,,,,,,236.3594512939453,1017832.375,1.0,mse beta=1.0 adamw
,train,,,,,,,mse_beta-1_adamw_seed17,mse,adamw,1.0,50.398635298039935,230.94076538085938,0.00010221269385474486,238.28202629089355,1940.0,3975168.0,,0.18630132060013493,,,,,,,,,,,,,,,,,,,,,,,,,,,,,,,,,,,230.94076538085938,1016913.5625,1.0,mse beta=1.0 adamw
,train,,,,,,,mse_beta-1_adamw_seed17,mse,adamw,1.0,49.90866075774788,226.97964477539062,0.00010153697814699858,239.1578230857849,1950.0,3995648.0,,0.1820400506113927,,,,,,,,,,,,,,,,,,,,,,,,,,,,,,,,,,,226.97964477539062,1016546.875,1.0,mse beta=1.0 adamw
,train,,,,,,,mse_beta-1_adamw_seed17,mse,adamw,1.0,49.050065624710285,223.13360595703125,0.00010098386775155147,240.11183834075928,1960.0,4016128.0,,0.1787702570586219,,,,,,,,,,,,,,,,,,,,,,,,,,,,,,,,,,,223.13360595703125,1012172.3125,1.0,mse beta=1.0 adamw
,train,,,,,,,mse_beta-1_adamw_seed17,mse,adamw,1.0,48.89425264775364,220.2649688720703,0.00010055351388326289,242.15394973754883,1970.0,4036608.0,,0.17259018702249856,,,,,,,,,,,,,,,,,,,,,,,,,,,,,,,,,,,220.2649688720703,1009772.625,1.0,mse beta=1.0 adamw
,train,,,,,,,mse_beta-1_adamw_seed17,mse,adamw,1.0,48.23571862582799,216.0638885498047,0.0001002460341965833,243.89990997314453,1980.0,4057088.0,,0.17464213603873172,,,,,,,,,,,,,,,,,,,,,,,,,,,,,,,,,,,216.0638885498047,1009809.5,1.0,mse beta=1.0 adamw
,train,,,,,,,mse_beta-1_adamw_seed17,mse,adamw,1.0,46.28554642502859,255.40048217773438,0.00010006151275338896,245.6083927154541,1990.0,4077568.0,,0.1801855268170578,,,,,,,,,,,,,,,,,,,,,,,,,,,,,,,,,,,255.40048217773438,1009262.5,1.0,mse beta=1.0 adamw
,eval,,,,,,,mse_beta-1_adamw_seed17,mse,adamw,1.0,,,,247.7262065410614,1999.0,,,,0.2980806231498718,211.341796875,8.723847389221191,1.515625,6.038711071014404,9.538711547851562,3.1754746437072754,0.9626704409912035,0.2795798515769837,4.610682487487793,243.59767150878906,1009398.375,1555.9554443359375,7.349825382232666,7.349825382232666,0.9955848455429077,0.9955848455429077,0.3330078125,0.01085613016039133,0.037109375,215.62985229492188,4.11316442489624,4.11316442489624,0.8355464935302734,1.2421875,0.19242222607135773,0.14453125,8.723847389221191,,,,,8.723847389221191,4.610682487487793,,,1.0,mse beta=1.0 adamw
,weights_saved,,,,,,,mse_beta-1_adamw_seed17,mse,adamw,1,,,,,2000.0,,,,,,,,,,,,,,,,,,,,,,,,,,,,,,,,/n/netscratch/pehlevan_lab/Lab/sab/mse_beta-1_adamw_seed17_student_final.pt,,,,,,,,1,mse beta=1 adamw
,done,,,,,,,mse_beta-1_adamw_seed17,mse,adamw,1,,,,254.39007425308228,2000.0,,,,,,,,,,,,,,,,,,,,,,,,,,,,,,,,,,,,,,,,1,mse beta=1 adamw
